{
	"__comment": "Designed by Dragon2212 with Cubik Studio - https://cubik.studio",
	"textures": {
		"voxels_atlas": "items/jujak"
	},
	"elements": [ 	 
		{
			"__comment": "Voxels",
			"from": [ 4.5455, 0.5455, 4.5455 ],
			"to": [ 5.818227, 0.7273182, 7.636409 ],
			"faces": {
				"down": { "uv": [ 0, 11.75, 1.75, 16 ], "texture": "#voxels_atlas" },
				"up": { "uv": [ 0, 11.75, 1.75, 7.5 ], "texture": "#voxels_atlas" },
				"north": { "uv": [ 1.75, 0, 0, 0.25 ], "texture": "#voxels_atlas" },
				"south": { "uv": [ 14.25, 12.75, 16, 13 ], "texture": "#voxels_atlas" },
				"west": { "uv": [ 4.25, 13, 8.5, 13.25 ], "texture": "#voxels_atlas" },
				"east": { "uv": [ 12.75, 13, 8.5, 13.25 ], "texture": "#voxels_atlas" }
			}
		},
		{
			"__comment": "Voxels",
			"from": [ 4.7273, 0.3636, 4.5455 ],
			"to": [ 5.636391, 0.5454181, 7.454591 ],
			"faces": {
				"down": { "uv": [ 0, 3.5, 1.25, 7.5 ], "texture": "#voxels_atlas" },
				"up": { "uv": [ 1.75, 16, 3, 12 ], "texture": "#voxels_atlas" },
				"north": { "uv": [ 16, 13, 14.75, 13.25 ], "texture": "#voxels_atlas" },
				"south": { "uv": [ 8, 11.25, 9.25, 11.5 ], "texture": "#voxels_atlas" },
				"west": { "uv": [ 4.25, 12.75, 8.25, 13 ], "texture": "#voxels_atlas" },
				"east": { "uv": [ 12.25, 12.75, 8.25, 13 ], "texture": "#voxels_atlas" }
			}
		},
		{
			"__comment": "Voxels",
			"from": [ 4.7273, 0.5455, 2.9091 ],
			"to": [ 6.363664, 0.7273182, 4.363646 ],
			"faces": {
				"down": { "uv": [ 3, 14, 5.25, 16 ], "texture": "#voxels_atlas" },
				"up": { "uv": [ 5.25, 16, 7.5, 14 ], "texture": "#voxels_atlas" },
				"north": { "uv": [ 15.5, 13.5, 13.25, 13.75 ], "texture": "#voxels_atlas" },
				"south": { "uv": [ 13.25, 13.75, 15.5, 14 ], "texture": "#voxels_atlas" },
				"west": { "uv": [ 12.25, 12.75, 14.25, 13 ], "texture": "#voxels_atlas" },
				"east": { "uv": [ 14.75, 13, 12.75, 13.25 ], "texture": "#voxels_atlas" }
			}
		},
		{
			"__comment": "Voxels",
			"from": [ 4.7273, 0.5455, 4.3636 ],
			"to": [ 5.818209, 0.7273182, 4.545418 ],
			"faces": {
				"down": { "uv": [ 10.25, 9, 11.75, 9.25 ], "texture": "#voxels_atlas" },
				"up": { "uv": [ 11.75, 9.25, 13.25, 9 ], "texture": "#voxels_atlas" },
				"north": { "uv": [ 14.75, 9, 13.25, 9.25 ], "texture": "#voxels_atlas" },
				"south": { "uv": [ 5.25, 8.75, 6.75, 9 ], "texture": "#voxels_atlas" },
				"west": { "uv": [ 15.25, 5.25, 15.5, 5.5 ], "texture": "#voxels_atlas" },
				"east": { "uv": [ 15.75, 5.25, 15.5, 5.5 ], "texture": "#voxels_atlas" }
			}
		},
		{
			"__comment": "Voxels",
			"from": [ 4.7273, 0.5455, 7.6364 ],
			"to": [ 6.181845, 0.7273182, 7.818218 ],
			"faces": {
				"down": { "uv": [ 13.5, 13.25, 15.5, 13.5 ], "texture": "#voxels_atlas" },
				"up": { "uv": [ 6.25, 10.75, 8.25, 10.5 ], "texture": "#voxels_atlas" },
				"north": { "uv": [ 6.25, 10.5, 4.25, 10.75 ], "texture": "#voxels_atlas" },
				"south": { "uv": [ 11.75, 10.75, 13.75, 11 ], "texture": "#voxels_atlas" },
				"west": { "uv": [ 15.75, 5.25, 16, 5.5 ], "texture": "#voxels_atlas" },
				"east": { "uv": [ 10.5, 5, 10.25, 5.25 ], "texture": "#voxels_atlas" }
			}
		},
		{
			"__comment": "Voxels",
			"from": [ 4.7273, 0.7273, 4.5455 ],
			"to": [ 5.636391, 0.9091182, 7.454591 ],
			"faces": {
				"down": { "uv": [ 1.75, 4, 3, 8 ], "texture": "#voxels_atlas" },
				"up": { "uv": [ 1.75, 12, 3, 8 ], "texture": "#voxels_atlas" },
				"north": { "uv": [ 8, 6, 6.75, 6.25 ], "texture": "#voxels_atlas" },
				"south": { "uv": [ 14.25, 11.25, 15.5, 11.5 ], "texture": "#voxels_atlas" },
				"west": { "uv": [ 4.25, 12.5, 8.25, 12.75 ], "texture": "#voxels_atlas" },
				"east": { "uv": [ 12.25, 12.5, 8.25, 12.75 ], "texture": "#voxels_atlas" }
			}
		},
		{
			"__comment": "Voxels",
			"from": [ 4.9091, 0.3636, 2.9091 ],
			"to": [ 6.181828, 0.5454181, 3.818191 ],
			"faces": {
				"down": { "uv": [ 7.5, 14.75, 9.25, 16 ], "texture": "#voxels_atlas" },
				"up": { "uv": [ 0, 2.25, 1.75, 1 ], "texture": "#voxels_atlas" },
				"north": { "uv": [ 8.75, 9.75, 7, 10 ], "texture": "#voxels_atlas" },
				"south": { "uv": [ 8.75, 9.75, 10.5, 10 ], "texture": "#voxels_atlas" },
				"west": { "uv": [ 14.75, 10.25, 16, 10.5 ], "texture": "#voxels_atlas" },
				"east": { "uv": [ 16, 9, 14.75, 9.25 ], "texture": "#voxels_atlas" }
			}
		},
		{
			"__comment": "Voxels",
			"from": [ 4.9091, 0.3636, 3.8182 ],
			"to": [ 5.636373, 0.5454181, 4.545473 ],
			"faces": {
				"down": { "uv": [ 1.75, 2, 2.75, 3 ], "texture": "#voxels_atlas" },
				"up": { "uv": [ 1.75, 2, 2.75, 1 ], "texture": "#voxels_atlas" },
				"north": { "uv": [ 5.25, 6.25, 4.25, 6.5 ], "texture": "#voxels_atlas" },
				"south": { "uv": [ 4.25, 6, 5.25, 6.25 ], "texture": "#voxels_atlas" },
				"west": { "uv": [ 4.25, 5.75, 5.25, 6 ], "texture": "#voxels_atlas" },
				"east": { "uv": [ 5.25, 5.5, 4.25, 5.75 ], "texture": "#voxels_atlas" }
			}
		},
		{
			"__comment": "Voxels",
			"from": [ 4.9091, 0.3636, 7.4545 ],
			"to": [ 5.818191, 0.5454181, 7.636318 ],
			"faces": {
				"down": { "uv": [ 5.25, 5.75, 6.5, 6 ], "texture": "#voxels_atlas" },
				"up": { "uv": [ 5.25, 5.75, 6.5, 5.5 ], "texture": "#voxels_atlas" },
				"north": { "uv": [ 6.5, 5.25, 5.25, 5.5 ], "texture": "#voxels_atlas" },
				"south": { "uv": [ 5.25, 5, 6.5, 5.25 ], "texture": "#voxels_atlas" },
				"west": { "uv": [ 10.25, 4.25, 10.5, 4.5 ], "texture": "#voxels_atlas" },
				"east": { "uv": [ 10.5, 4, 10.25, 4.25 ], "texture": "#voxels_atlas" }
			}
		},
		{
			"__comment": "Voxels",
			"from": [ 4.9091, 0.5455, 2.3636 ],
			"to": [ 6.363646, 0.7273182, 2.909055 ],
			"faces": {
				"down": { "uv": [ 11, 14.5, 13, 15.25 ], "texture": "#voxels_atlas" },
				"up": { "uv": [ 11, 16, 13, 15.25 ], "texture": "#voxels_atlas" },
				"north": { "uv": [ 10.25, 10.5, 8.25, 10.75 ], "texture": "#voxels_atlas" },
				"south": { "uv": [ 10.25, 10.5, 12.25, 10.75 ], "texture": "#voxels_atlas" },
				"west": { "uv": [ 4.25, 0.25, 5, 0.5 ], "texture": "#voxels_atlas" },
				"east": { "uv": [ 5, 0, 4.25, 0.25 ], "texture": "#voxels_atlas" }
			}
		},
		{
			"__comment": "Voxels",
			"from": [ 4.9091, 0.5455, 7.8182 ],
			"to": [ 6.363646, 0.7273182, 8.000018 ],
			"faces": {
				"down": { "uv": [ 12.25, 10.5, 14.25, 10.75 ], "texture": "#voxels_atlas" },
				"up": { "uv": [ 5.25, 10.5, 7.25, 10.25 ], "texture": "#voxels_atlas" },
				"north": { "uv": [ 9.25, 10.25, 7.25, 10.5 ], "texture": "#voxels_atlas" },
				"south": { "uv": [ 9.25, 10.25, 11.25, 10.5 ], "texture": "#voxels_atlas" },
				"west": { "uv": [ 10.25, 1.25, 10.5, 1.5 ], "texture": "#voxels_atlas" },
				"east": { "uv": [ 10.5, 1, 10.25, 1.25 ], "texture": "#voxels_atlas" }
			}
		},
		{
			"__comment": "Voxels",
			"from": [ 4.9091, 0.7273, 2.9091 ],
			"to": [ 6.181828, 0.9091182, 3.818191 ],
			"faces": {
				"down": { "uv": [ 0, 2.25, 1.75, 3.5 ], "texture": "#voxels_atlas" },
				"up": { "uv": [ 9.25, 16, 11, 14.75 ], "texture": "#voxels_atlas" },
				"north": { "uv": [ 12.25, 9.25, 10.5, 9.5 ], "texture": "#voxels_atlas" },
				"south": { "uv": [ 12.25, 9.25, 14, 9.5 ], "texture": "#voxels_atlas" },
				"west": { "uv": [ 6.75, 5, 8, 5.25 ], "texture": "#voxels_atlas" },
				"east": { "uv": [ 8, 5.25, 6.75, 5.5 ], "texture": "#voxels_atlas" }
			}
		},
		{
			"__comment": "Voxels",
			"from": [ 4.9091, 0.7273, 3.8182 ],
			"to": [ 5.636373, 0.9091182, 4.545473 ],
			"faces": {
				"down": { "uv": [ 1.75, 3, 2.75, 4 ], "texture": "#voxels_atlas" },
				"up": { "uv": [ 1.75, 1, 2.75, 0 ], "texture": "#voxels_atlas" },
				"north": { "uv": [ 5.25, 2.25, 4.25, 2.5 ], "texture": "#voxels_atlas" },
				"south": { "uv": [ 4.25, 3, 5.25, 3.25 ], "texture": "#voxels_atlas" },
				"west": { "uv": [ 4.25, 4.5, 5.25, 4.75 ], "texture": "#voxels_atlas" },
				"east": { "uv": [ 5.25, 4.75, 4.25, 5 ], "texture": "#voxels_atlas" }
			}
		},
		{
			"__comment": "Voxels",
			"from": [ 4.9091, 0.7273, 7.4545 ],
			"to": [ 5.818191, 0.9091182, 7.636318 ],
			"faces": {
				"down": { "uv": [ 6.75, 6.25, 8, 6.5 ], "texture": "#voxels_atlas" },
				"up": { "uv": [ 14.25, 8.25, 15.5, 8 ], "texture": "#voxels_atlas" },
				"north": { "uv": [ 14.25, 8, 13, 8.25 ], "texture": "#voxels_atlas" },
				"south": { "uv": [ 11.75, 8, 13, 8.25 ], "texture": "#voxels_atlas" },
				"west": { "uv": [ 10.25, 0.25, 10.5, 0.5 ], "texture": "#voxels_atlas" },
				"east": { "uv": [ 10.5, 0, 10.25, 0.25 ], "texture": "#voxels_atlas" }
			}
		},
		{
			"__comment": "Voxels",
			"from": [ 5.0909, 0.3636, 2.3636 ],
			"to": [ 6.181809, 0.5454181, 2.909055 ],
			"faces": {
				"down": { "uv": [ 13, 15.25, 14.5, 16 ], "texture": "#voxels_atlas" },
				"up": { "uv": [ 13, 15.25, 14.5, 14.5 ], "texture": "#voxels_atlas" },
				"north": { "uv": [ 10.25, 9, 8.75, 9.25 ], "texture": "#voxels_atlas" },
				"south": { "uv": [ 5.25, 8.5, 6.75, 8.75 ], "texture": "#voxels_atlas" },
				"west": { "uv": [ 6.75, 2, 7.5, 2.25 ], "texture": "#voxels_atlas" },
				"east": { "uv": [ 7.5, 1.75, 6.75, 2 ], "texture": "#voxels_atlas" }
			}
		},
		{
			"__comment": "Voxels",
			"from": [ 5.0909, 0.3636, 7.6364 ],
			"to": [ 5.999991, 0.5454181, 7.818218 ],
			"faces": {
				"down": { "uv": [ 10.5, 8, 11.75, 8.25 ], "texture": "#voxels_atlas" },
				"up": { "uv": [ 13, 8.75, 14.25, 8.5 ], "texture": "#voxels_atlas" },
				"north": { "uv": [ 13, 8.5, 11.75, 8.75 ], "texture": "#voxels_atlas" },
				"south": { "uv": [ 10.5, 8.5, 11.75, 8.75 ], "texture": "#voxels_atlas" },
				"west": { "uv": [ 10.5, 2, 10.75, 2.25 ], "texture": "#voxels_atlas" },
				"east": { "uv": [ 10.75, 1.75, 10.5, 2 ], "texture": "#voxels_atlas" }
			}
		},
		{
			"__comment": "Voxels",
			"from": [ 5.0909, 0.5455, 2 ],
			"to": [ 6.363627, 0.7273182, 2.363636 ],
			"faces": {
				"down": { "uv": [ 6.25, 12, 8, 12.5 ], "texture": "#voxels_atlas" },
				"up": { "uv": [ 8, 12.5, 9.75, 12 ], "texture": "#voxels_atlas" },
				"north": { "uv": [ 10.5, 10, 8.75, 10.25 ], "texture": "#voxels_atlas" },
				"south": { "uv": [ 14.25, 10.5, 16, 10.75 ], "texture": "#voxels_atlas" },
				"west": { "uv": [ 7.5, 3, 8, 3.25 ], "texture": "#voxels_atlas" },
				"east": { "uv": [ 8, 2.75, 7.5, 3 ], "texture": "#voxels_atlas" }
			}
		},
		{
			"__comment": "Voxels",
			"from": [ 5.0909, 0.5455, 8 ],
			"to": [ 6.363627, 0.7273182, 8.181818 ],
			"faces": {
				"down": { "uv": [ 11.25, 10.25, 13, 10.5 ], "texture": "#voxels_atlas" },
				"up": { "uv": [ 13, 10.5, 14.75, 10.25 ], "texture": "#voxels_atlas" },
				"north": { "uv": [ 7, 10, 5.25, 10.25 ], "texture": "#voxels_atlas" },
				"south": { "uv": [ 7, 10, 8.75, 10.25 ], "texture": "#voxels_atlas" },
				"west": { "uv": [ 10.5, 1.5, 10.75, 1.75 ], "texture": "#voxels_atlas" },
				"east": { "uv": [ 10.75, 1.25, 10.5, 1.5 ], "texture": "#voxels_atlas" }
			}
		},
		{
			"__comment": "Voxels",
			"from": [ 5.0909, 0.7273, 2.3636 ],
			"to": [ 6.181809, 0.9091182, 2.909055 ],
			"faces": {
				"down": { "uv": [ 14.5, 15.25, 16, 16 ], "texture": "#voxels_atlas" },
				"up": { "uv": [ 9.25, 14.75, 10.75, 14 ], "texture": "#voxels_atlas" },
				"north": { "uv": [ 6.75, 7.75, 5.25, 8 ], "texture": "#voxels_atlas" },
				"south": { "uv": [ 5.25, 7.25, 6.75, 7.5 ], "texture": "#voxels_atlas" },
				"west": { "uv": [ 6.75, 0.5, 7.5, 0.75 ], "texture": "#voxels_atlas" },
				"east": { "uv": [ 7.5, 0.25, 6.75, 0.5 ], "texture": "#voxels_atlas" }
			}
		},
		{
			"__comment": "Voxels",
			"from": [ 5.0909, 0.7273, 7.6364 ],
			"to": [ 5.999991, 0.9091182, 7.818218 ],
			"faces": {
				"down": { "uv": [ 5.25, 1.75, 6.5, 2 ], "texture": "#voxels_atlas" },
				"up": { "uv": [ 5.25, 2.25, 6.5, 2 ], "texture": "#voxels_atlas" },
				"north": { "uv": [ 6.5, 2.25, 5.25, 2.5 ], "texture": "#voxels_atlas" },
				"south": { "uv": [ 5.25, 2.5, 6.5, 2.75 ], "texture": "#voxels_atlas" },
				"west": { "uv": [ 10.5, 0.5, 10.75, 0.75 ], "texture": "#voxels_atlas" },
				"east": { "uv": [ 10.75, 0.25, 10.5, 0.5 ], "texture": "#voxels_atlas" }
			}
		},
		{
			"__comment": "Voxels",
			"from": [ 5.2727, 0.3636, 2 ],
			"to": [ 6.181791, 0.5454181, 2.363636 ],
			"faces": {
				"down": { "uv": [ 14.25, 11.5, 15.5, 12 ], "texture": "#voxels_atlas" },
				"up": { "uv": [ 8, 12, 9.25, 11.5 ], "texture": "#voxels_atlas" },
				"north": { "uv": [ 6.5, 2.75, 5.25, 3 ], "texture": "#voxels_atlas" },
				"south": { "uv": [ 5.25, 3, 6.5, 3.25 ], "texture": "#voxels_atlas" },
				"west": { "uv": [ 7.5, 1.75, 8, 2 ], "texture": "#voxels_atlas" },
				"east": { "uv": [ 8, 1.5, 7.5, 1.75 ], "texture": "#voxels_atlas" }
			}
		},
		{
			"__comment": "Voxels",
			"from": [ 5.2727, 0.3636, 7.8182 ],
			"to": [ 6.181791, 0.5454181, 8.000018 ],
			"faces": {
				"down": { "uv": [ 5.25, 3.5, 6.5, 3.75 ], "texture": "#voxels_atlas" },
				"up": { "uv": [ 5.25, 4.5, 6.5, 4.25 ], "texture": "#voxels_atlas" },
				"north": { "uv": [ 8, 4, 6.75, 4.25 ], "texture": "#voxels_atlas" },
				"south": { "uv": [ 6.75, 4.25, 8, 4.5 ], "texture": "#voxels_atlas" },
				"west": { "uv": [ 10.5, 0, 10.75, 0.25 ], "texture": "#voxels_atlas" },
				"east": { "uv": [ 11, 5, 10.75, 5.25 ], "texture": "#voxels_atlas" }
			}
		},
		{
			"__comment": "Voxels",
			"from": [ 5.2727, 0.3636, 12.9091 ],
			"to": [ 6.363609, 0.9090545, 13.27274 ],
			"faces": {
				"down": { "uv": [ 11.25, 12, 12.75, 12.5 ], "texture": "#voxels_atlas" },
				"up": { "uv": [ 13, 14.5, 14.5, 14 ], "texture": "#voxels_atlas" },
				"north": { "uv": [ 9, 14, 7.5, 14.75 ], "texture": "#voxels_atlas" },
				"south": { "uv": [ 0, 0.25, 1.5, 1 ], "texture": "#voxels_atlas" },
				"west": { "uv": [ 1.25, 6.75, 1.75, 7.5 ], "texture": "#voxels_atlas" },
				"east": { "uv": [ 1.75, 6, 1.25, 6.75 ], "texture": "#voxels_atlas" }
			}
		},
		{
			"__comment": "Voxels",
			"from": [ 5.2727, 0.5455, 1.6364 ],
			"to": [ 6.363609, 0.7273182, 2.000036 ],
			"faces": {
				"down": { "uv": [ 14.5, 14, 16, 14.5 ], "texture": "#voxels_atlas" },
				"up": { "uv": [ 14.25, 12.5, 15.75, 12 ], "texture": "#voxels_atlas" },
				"north": { "uv": [ 6.75, 8, 5.25, 8.25 ], "texture": "#voxels_atlas" },
				"south": { "uv": [ 5.25, 8.25, 6.75, 8.5 ], "texture": "#voxels_atlas" },
				"west": { "uv": [ 7.5, 1, 8, 1.25 ], "texture": "#voxels_atlas" },
				"east": { "uv": [ 8, 0.75, 7.5, 1 ], "texture": "#voxels_atlas" }
			}
		},
		{
			"__comment": "Voxels",
			"from": [ 5.2727, 0.5455, 11.8182 ],
			"to": [ 6.545427, 0.7273182, 12.00002 ],
			"faces": {
				"down": { "uv": [ 10.5, 10, 12.25, 10.25 ], "texture": "#voxels_atlas" },
				"up": { "uv": [ 12.25, 10.25, 14, 10 ], "texture": "#voxels_atlas" },
				"north": { "uv": [ 15.75, 10, 14, 10.25 ], "texture": "#voxels_atlas" },
				"south": { "uv": [ 5.25, 9.75, 7, 10 ], "texture": "#voxels_atlas" },
				"west": { "uv": [ 11.5, 5, 11.75, 5.25 ], "texture": "#voxels_atlas" },
				"east": { "uv": [ 12, 5, 11.75, 5.25 ], "texture": "#voxels_atlas" }
			}
		},
		{
			"__comment": "Voxels",
			"from": [ 5.2727, 0.5455, 12.7273 ],
			"to": [ 6.545427, 0.7273182, 12.90912 ],
			"faces": {
				"down": { "uv": [ 10.5, 9.75, 12.25, 10 ], "texture": "#voxels_atlas" },
				"up": { "uv": [ 12.25, 10, 14, 9.75 ], "texture": "#voxels_atlas" },
				"north": { "uv": [ 15.75, 9.75, 14, 10 ], "texture": "#voxels_atlas" },
				"south": { "uv": [ 5.25, 9.5, 7, 9.75 ], "texture": "#voxels_atlas" },
				"west": { "uv": [ 12.5, 5, 12.75, 5.25 ], "texture": "#voxels_atlas" },
				"east": { "uv": [ 13, 5, 12.75, 5.25 ], "texture": "#voxels_atlas" }
			}
		},
		{
			"__comment": "Voxels",
			"from": [ 5.2727, 0.5455, 13.2727 ],
			"to": [ 6.727245, 0.7273182, 13.63634 ],
			"faces": {
				"down": { "uv": [ 4.25, 12, 6.25, 12.5 ], "texture": "#voxels_atlas" },
				"up": { "uv": [ 11, 14.5, 13, 14 ], "texture": "#voxels_atlas" },
				"north": { "uv": [ 13.75, 11, 11.75, 11.25 ], "texture": "#voxels_atlas" },
				"south": { "uv": [ 6.75, 10.75, 8.75, 11 ], "texture": "#voxels_atlas" },
				"west": { "uv": [ 15.5, 7.5, 16, 7.75 ], "texture": "#voxels_atlas" },
				"east": { "uv": [ 16, 7.25, 15.5, 7.5 ], "texture": "#voxels_atlas" }
			}
		},
		{
			"__comment": "Voxels",
			"from": [ 5.2727, 0.7273, 2 ],
			"to": [ 6.181791, 0.9091182, 2.363636 ],
			"faces": {
				"down": { "uv": [ 4.25, 10.75, 5.5, 11.25 ], "texture": "#voxels_atlas" },
				"up": { "uv": [ 9.25, 12, 10.5, 11.5 ], "texture": "#voxels_atlas" },
				"north": { "uv": [ 6.5, 1.25, 5.25, 1.5 ], "texture": "#voxels_atlas" },
				"south": { "uv": [ 5.25, 1, 6.5, 1.25 ], "texture": "#voxels_atlas" },
				"west": { "uv": [ 14.75, 7, 15.25, 7.25 ], "texture": "#voxels_atlas" },
				"east": { "uv": [ 15.75, 7, 15.25, 7.25 ], "texture": "#voxels_atlas" }
			}
		},
		{
			"__comment": "Voxels",
			"from": [ 5.2727, 0.7273, 7.8182 ],
			"to": [ 6.181791, 0.9091182, 8.000018 ],
			"faces": {
				"down": { "uv": [ 5.25, 0.75, 6.5, 1 ], "texture": "#voxels_atlas" },
				"up": { "uv": [ 5.25, 0.75, 6.5, 0.5 ], "texture": "#voxels_atlas" },
				"north": { "uv": [ 6.5, 0.25, 5.25, 0.5 ], "texture": "#voxels_atlas" },
				"south": { "uv": [ 5.25, 0, 6.5, 0.25 ], "texture": "#voxels_atlas" },
				"west": { "uv": [ 14, 5, 14.25, 5.25 ], "texture": "#voxels_atlas" },
				"east": { "uv": [ 14.5, 5, 14.25, 5.25 ], "texture": "#voxels_atlas" }
			}
		},
		{
			"__comment": "Voxels",
			"from": [ 5.4545, 0.1818, 12.9091 ],
			"to": [ 5.818136, 0.3636182, 13.27274 ],
			"faces": {
				"down": { "uv": [ 4.75, 4, 5.25, 4.5 ], "texture": "#voxels_atlas" },
				"up": { "uv": [ 1.25, 5, 1.75, 4.5 ], "texture": "#voxels_atlas" },
				"north": { "uv": [ 10, 6.75, 9.5, 7 ], "texture": "#voxels_atlas" },
				"south": { "uv": [ 10, 6.75, 10.5, 7 ], "texture": "#voxels_atlas" },
				"west": { "uv": [ 10.5, 6.75, 11, 7 ], "texture": "#voxels_atlas" },
				"east": { "uv": [ 11.5, 6.75, 11, 7 ], "texture": "#voxels_atlas" }
			}
		},
		{
			"__comment": "Voxels",
			"from": [ 5.4545, 0.3636, 1.6364 ],
			"to": [ 6.181772, 0.5454181, 2.000036 ],
			"faces": {
				"down": { "uv": [ 13.75, 10.75, 14.75, 11.25 ], "texture": "#voxels_atlas" },
				"up": { "uv": [ 8.75, 11.25, 9.75, 10.75 ], "texture": "#voxels_atlas" },
				"north": { "uv": [ 5.25, 3.75, 4.25, 4 ], "texture": "#voxels_atlas" },
				"south": { "uv": [ 4.25, 5, 5.25, 5.25 ], "texture": "#voxels_atlas" },
				"west": { "uv": [ 11.5, 6.75, 12, 7 ], "texture": "#voxels_atlas" },
				"east": { "uv": [ 12.5, 6.75, 12, 7 ], "texture": "#voxels_atlas" }
			}
		},
		{
			"__comment": "Voxels",
			"from": [ 5.4545, 0.3636, 11.8182 ],
			"to": [ 6.363591, 0.5454181, 12.00002 ],
			"faces": {
				"down": { "uv": [ 10.5, 8.75, 11.75, 9 ], "texture": "#voxels_atlas" },
				"up": { "uv": [ 11.75, 9, 13, 8.75 ], "texture": "#voxels_atlas" },
				"north": { "uv": [ 14.25, 8.75, 13, 9 ], "texture": "#voxels_atlas" },
				"south": { "uv": [ 14.25, 8.75, 15.5, 9 ], "texture": "#voxels_atlas" },
				"west": { "uv": [ 14.75, 5, 15, 5.25 ], "texture": "#voxels_atlas" },
				"east": { "uv": [ 15.25, 5, 15, 5.25 ], "texture": "#voxels_atlas" }
			}
		},
		{
			"__comment": "Voxels",
			"from": [ 5.4545, 0.3636, 12.5455 ],
			"to": [ 6.363591, 0.9090545, 12.72732 ],
			"faces": {
				"down": { "uv": [ 6.75, 8.75, 8, 9 ], "texture": "#voxels_atlas" },
				"up": { "uv": [ 8, 8.75, 9.25, 8.5 ], "texture": "#voxels_atlas" },
				"north": { "uv": [ 15.75, 14.5, 14.5, 15.25 ], "texture": "#voxels_atlas" },
				"south": { "uv": [ 6.75, 11.25, 8, 12 ], "texture": "#voxels_atlas" },
				"west": { "uv": [ 3.75, 1.75, 4, 2.5 ], "texture": "#voxels_atlas" },
				"east": { "uv": [ 4, 1, 3.75, 1.75 ], "texture": "#voxels_atlas" }
			}
		},
		{
			"__comment": "Voxels",
			"from": [ 5.4545, 0.3636, 12.7273 ],
			"to": [ 6.363591, 0.5454181, 12.90912 ],
			"faces": {
				"down": { "uv": [ 14.25, 8.5, 15.5, 8.75 ], "texture": "#voxels_atlas" },
				"up": { "uv": [ 6.75, 8.5, 8, 8.25 ], "texture": "#voxels_atlas" },
				"north": { "uv": [ 9.25, 8.25, 8, 8.5 ], "texture": "#voxels_atlas" },
				"south": { "uv": [ 9.25, 8.25, 10.5, 8.5 ], "texture": "#voxels_atlas" },
				"west": { "uv": [ 15.25, 5, 15.5, 5.25 ], "texture": "#voxels_atlas" },
				"east": { "uv": [ 11, 4.25, 10.75, 4.5 ], "texture": "#voxels_atlas" }
			}
		},
		{
			"__comment": "Voxels",
			"from": [ 5.4545, 0.3636, 13.2727 ],
			"to": [ 6.363591, 0.5454181, 13.45452 ],
			"faces": {
				"down": { "uv": [ 13, 8.25, 14.25, 8.5 ], "texture": "#voxels_atlas" },
				"up": { "uv": [ 14.25, 8.5, 15.5, 8.25 ], "texture": "#voxels_atlas" },
				"north": { "uv": [ 8, 8, 6.75, 8.25 ], "texture": "#voxels_atlas" },
				"south": { "uv": [ 8, 8, 9.25, 8.25 ], "texture": "#voxels_atlas" },
				"west": { "uv": [ 10.75, 4, 11, 4.25 ], "texture": "#voxels_atlas" },
				"east": { "uv": [ 11, 3.75, 10.75, 4 ], "texture": "#voxels_atlas" }
			}
		},
		{
			"__comment": "Voxels",
			"from": [ 5.4545, 0.3636, 13.4545 ],
			"to": [ 5.999954, 0.5454181, 13.63632 ],
			"faces": {
				"down": { "uv": [ 11.75, 7.25, 12.5, 7.5 ], "texture": "#voxels_atlas" },
				"up": { "uv": [ 12.5, 7.5, 13.25, 7.25 ], "texture": "#voxels_atlas" },
				"north": { "uv": [ 14, 7.25, 13.25, 7.5 ], "texture": "#voxels_atlas" },
				"south": { "uv": [ 14, 7.25, 14.75, 7.5 ], "texture": "#voxels_atlas" },
				"west": { "uv": [ 10.75, 3.5, 11, 3.75 ], "texture": "#voxels_atlas" },
				"east": { "uv": [ 11, 3.25, 10.75, 3.5 ], "texture": "#voxels_atlas" }
			}
		},
		{
			"__comment": "Voxels",
			"from": [ 5.4545, 0.5455, 1.2727 ],
			"to": [ 6.363591, 0.7273182, 1.636336 ],
			"faces": {
				"down": { "uv": [ 5.5, 10.75, 6.75, 11.25 ], "texture": "#voxels_atlas" },
				"up": { "uv": [ 13, 12, 14.25, 11.5 ], "texture": "#voxels_atlas" },
				"north": { "uv": [ 8, 7.75, 6.75, 8 ], "texture": "#voxels_atlas" },
				"south": { "uv": [ 6.75, 7.5, 8, 7.75 ], "texture": "#voxels_atlas" },
				"west": { "uv": [ 15, 6.75, 15.5, 7 ], "texture": "#voxels_atlas" },
				"east": { "uv": [ 16, 6.75, 15.5, 7 ], "texture": "#voxels_atlas" }
			}
		},
		{
			"__comment": "Voxels",
			"from": [ 5.4545, 0.5455, 11.6364 ],
			"to": [ 6.363591, 0.7273182, 11.81822 ],
			"faces": {
				"down": { "uv": [ 6.75, 7.25, 8, 7.5 ], "texture": "#voxels_atlas" },
				"up": { "uv": [ 6.75, 7.25, 8, 7 ], "texture": "#voxels_atlas" },
				"north": { "uv": [ 8, 6.75, 6.75, 7 ], "texture": "#voxels_atlas" },
				"south": { "uv": [ 6.75, 6.5, 8, 6.75 ], "texture": "#voxels_atlas" },
				"west": { "uv": [ 10.75, 3, 11, 3.25 ], "texture": "#voxels_atlas" },
				"east": { "uv": [ 11, 2.25, 10.75, 2.5 ], "texture": "#voxels_atlas" }
			}
		},
		{
			"__comment": "Voxels",
			"from": [ 5.4545, 0.5455, 12 ],
			"to": [ 6.363591, 0.7273182, 12.54545 ],
			"faces": {
				"down": { "uv": [ 5.5, 11.25, 6.75, 12 ], "texture": "#voxels_atlas" },
				"up": { "uv": [ 4.25, 12, 5.5, 11.25 ], "texture": "#voxels_atlas" },
				"north": { "uv": [ 8, 5.75, 6.75, 6 ], "texture": "#voxels_atlas" },
				"south": { "uv": [ 6.75, 5.5, 8, 5.75 ], "texture": "#voxels_atlas" },
				"west": { "uv": [ 8, 5.75, 8.75, 6 ], "texture": "#voxels_atlas" },
				"east": { "uv": [ 8.75, 5.5, 8, 5.75 ], "texture": "#voxels_atlas" }
			}
		},
		{
			"__comment": "Voxels",
			"from": [ 5.4545, 0.5455, 13.6364 ],
			"to": [ 6.909045, 0.7273182, 13.81822 ],
			"faces": {
				"down": { "uv": [ 9.75, 10.75, 11.75, 11 ], "texture": "#voxels_atlas" },
				"up": { "uv": [ 9.75, 11.25, 11.75, 11 ], "texture": "#voxels_atlas" },
				"north": { "uv": [ 8.75, 11, 6.75, 11.25 ], "texture": "#voxels_atlas" },
				"south": { "uv": [ 12.25, 12.5, 14.25, 12.75 ], "texture": "#voxels_atlas" },
				"west": { "uv": [ 10.75, 2, 11, 2.25 ], "texture": "#voxels_atlas" },
				"east": { "uv": [ 11.75, 4.75, 11.5, 5 ], "texture": "#voxels_atlas" }
			}
		},
		{
			"__comment": "Voxels",
			"from": [ 5.4545, 0.5455, 13.8182 ],
			"to": [ 6.727227, 0.7273182, 14.00002 ],
			"faces": {
				"down": { "uv": [ 14, 9.5, 15.75, 9.75 ], "texture": "#voxels_atlas" },
				"up": { "uv": [ 5.25, 9.5, 7, 9.25 ], "texture": "#voxels_atlas" },
				"north": { "uv": [ 8.75, 9.25, 7, 9.5 ], "texture": "#voxels_atlas" },
				"south": { "uv": [ 8.75, 9.25, 10.5, 9.5 ], "texture": "#voxels_atlas" },
				"west": { "uv": [ 11.75, 4.75, 12, 5 ], "texture": "#voxels_atlas" },
				"east": { "uv": [ 12.25, 4.75, 12, 5 ], "texture": "#voxels_atlas" }
			}
		},
		{
			"__comment": "Voxels",
			"from": [ 5.4545, 0.5455, 14 ],
			"to": [ 5.999954, 0.7273182, 14.18182 ],
			"faces": {
				"down": { "uv": [ 8, 4.25, 8.75, 4.5 ], "texture": "#voxels_atlas" },
				"up": { "uv": [ 8, 4.25, 8.75, 4 ], "texture": "#voxels_atlas" },
				"north": { "uv": [ 8.75, 3.75, 8, 4 ], "texture": "#voxels_atlas" },
				"south": { "uv": [ 8, 3.5, 8.75, 3.75 ], "texture": "#voxels_atlas" },
				"west": { "uv": [ 12.25, 4.75, 12.5, 5 ], "texture": "#voxels_atlas" },
				"east": { "uv": [ 13.25, 4.75, 13, 5 ], "texture": "#voxels_atlas" }
			}
		},
		{
			"__comment": "Voxels",
			"from": [ 5.4545, 0.7273, 1.6364 ],
			"to": [ 6.181772, 0.9091182, 2.000036 ],
			"faces": {
				"down": { "uv": [ 4.25, 10, 5.25, 10.5 ], "texture": "#voxels_atlas" },
				"up": { "uv": [ 14.75, 11.25, 15.75, 10.75 ], "texture": "#voxels_atlas" },
				"north": { "uv": [ 5.25, 2, 4.25, 2.25 ], "texture": "#voxels_atlas" },
				"south": { "uv": [ 4.25, 1.75, 5.25, 2 ], "texture": "#voxels_atlas" },
				"west": { "uv": [ 12, 6.5, 12.5, 6.75 ], "texture": "#voxels_atlas" },
				"east": { "uv": [ 13, 6.5, 12.5, 6.75 ], "texture": "#voxels_atlas" }
			}
		},
		{
			"__comment": "Voxels",
			"from": [ 5.4545, 0.7273, 11.8182 ],
			"to": [ 6.363591, 0.9091182, 12.00002 ],
			"faces": {
				"down": { "uv": [ 5.25, 3.75, 6.5, 4 ], "texture": "#voxels_atlas" },
				"up": { "uv": [ 5.25, 1.75, 6.5, 1.5 ], "texture": "#voxels_atlas" },
				"north": { "uv": [ 10.5, 11.25, 9.25, 11.5 ], "texture": "#voxels_atlas" },
				"south": { "uv": [ 10.5, 11.25, 11.75, 11.5 ], "texture": "#voxels_atlas" },
				"west": { "uv": [ 15, 4, 15.25, 4.25 ], "texture": "#voxels_atlas" },
				"east": { "uv": [ 13.5, 4.75, 13.25, 5 ], "texture": "#voxels_atlas" }
			}
		},
		{
			"__comment": "Voxels",
			"from": [ 5.4545, 0.7273, 12.7273 ],
			"to": [ 6.363591, 0.9091182, 12.90912 ],
			"faces": {
				"down": { "uv": [ 5.25, 4.75, 6.5, 5 ], "texture": "#voxels_atlas" },
				"up": { "uv": [ 5.25, 4.75, 6.5, 4.5 ], "texture": "#voxels_atlas" },
				"north": { "uv": [ 6.5, 4, 5.25, 4.25 ], "texture": "#voxels_atlas" },
				"south": { "uv": [ 5.25, 6, 6.5, 6.25 ], "texture": "#voxels_atlas" },
				"west": { "uv": [ 13.5, 4.75, 13.75, 5 ], "texture": "#voxels_atlas" },
				"east": { "uv": [ 14, 4.75, 13.75, 5 ], "texture": "#voxels_atlas" }
			}
		},
		{
			"__comment": "Voxels",
			"from": [ 5.4545, 0.7273, 13.2727 ],
			"to": [ 6.727227, 0.9091182, 13.45452 ],
			"faces": {
				"down": { "uv": [ 14, 9.25, 15.75, 9.5 ], "texture": "#voxels_atlas" },
				"up": { "uv": [ 5.25, 9.25, 7, 9 ], "texture": "#voxels_atlas" },
				"north": { "uv": [ 8.75, 9, 7, 9.25 ], "texture": "#voxels_atlas" },
				"south": { "uv": [ 14.25, 12.5, 16, 12.75 ], "texture": "#voxels_atlas" },
				"west": { "uv": [ 14, 4.75, 14.25, 5 ], "texture": "#voxels_atlas" },
				"east": { "uv": [ 14.5, 4.75, 14.25, 5 ], "texture": "#voxels_atlas" }
			}
		},
		{
			"__comment": "Voxels",
			"from": [ 5.4545, 0.7273, 13.4545 ],
			"to": [ 6.545409, 0.9091182, 13.81814 ],
			"faces": {
				"down": { "uv": [ 9.75, 12, 11.25, 12.5 ], "texture": "#voxels_atlas" },
				"up": { "uv": [ 12.75, 12.5, 14.25, 12 ], "texture": "#voxels_atlas" },
				"north": { "uv": [ 6.75, 7, 5.25, 7.25 ], "texture": "#voxels_atlas" },
				"south": { "uv": [ 5.25, 7.5, 6.75, 7.75 ], "texture": "#voxels_atlas" },
				"west": { "uv": [ 9, 6.25, 9.5, 6.5 ], "texture": "#voxels_atlas" },
				"east": { "uv": [ 9.5, 6, 9, 6.25 ], "texture": "#voxels_atlas" }
			}
		},
		{
			"__comment": "Voxels",
			"from": [ 5.4545, 0.9091, 12.9091 ],
			"to": [ 6.363591, 1.090918, 13.27274 ],
			"faces": {
				"down": { "uv": [ 10.5, 11.5, 11.75, 12 ], "texture": "#voxels_atlas" },
				"up": { "uv": [ 11.75, 12, 13, 11.5 ], "texture": "#voxels_atlas" },
				"north": { "uv": [ 10.5, 8.75, 9.25, 9 ], "texture": "#voxels_atlas" },
				"south": { "uv": [ 5.25, 3.25, 6.5, 3.5 ], "texture": "#voxels_atlas" },
				"west": { "uv": [ 9, 5.75, 9.5, 6 ], "texture": "#voxels_atlas" },
				"east": { "uv": [ 9.5, 5.5, 9, 5.75 ], "texture": "#voxels_atlas" }
			}
		},
		{
			"__comment": "Voxels",
			"from": [ 5.4545, 0.9091, 13.4545 ],
			"to": [ 5.818136, 1.090918, 13.63632 ],
			"faces": {
				"down": { "uv": [ 9, 5.25, 9.5, 5.5 ], "texture": "#voxels_atlas" },
				"up": { "uv": [ 9, 5.25, 9.5, 5 ], "texture": "#voxels_atlas" },
				"north": { "uv": [ 9.5, 4.75, 9, 5 ], "texture": "#voxels_atlas" },
				"south": { "uv": [ 9, 4.5, 9.5, 4.75 ], "texture": "#voxels_atlas" },
				"west": { "uv": [ 11, 4, 11.25, 4.25 ], "texture": "#voxels_atlas" },
				"east": { "uv": [ 11.25, 3.75, 11, 4 ], "texture": "#voxels_atlas" }
			}
		},
		{
			"__comment": "Voxels",
			"from": [ 5.6364, 0.1818, 11.8182 ],
			"to": [ 6.181854, 0.3636182, 12.00002 ],
			"faces": {
				"down": { "uv": [ 8.75, 7, 9.5, 7.25 ], "texture": "#voxels_atlas" },
				"up": { "uv": [ 9.5, 7.25, 10.25, 7 ], "texture": "#voxels_atlas" },
				"north": { "uv": [ 11, 7, 10.25, 7.25 ], "texture": "#voxels_atlas" },
				"south": { "uv": [ 11, 7, 11.75, 7.25 ], "texture": "#voxels_atlas" },
				"west": { "uv": [ 11, 3, 11.25, 3.25 ], "texture": "#voxels_atlas" },
				"east": { "uv": [ 11.25, 2.75, 11, 3 ], "texture": "#voxels_atlas" }
			}
		},
		{
			"__comment": "Voxels",
			"from": [ 5.6364, 0.1818, 12.3636 ],
			"to": [ 6.000036, 0.5454364, 12.54542 ],
			"faces": {
				"down": { "uv": [ 9, 3.25, 9.5, 3.5 ], "texture": "#voxels_atlas" },
				"up": { "uv": [ 9, 3.25, 9.5, 3 ], "texture": "#voxels_atlas" },
				"north": { "uv": [ 4.75, 4, 4.25, 4.5 ], "texture": "#voxels_atlas" },
				"south": { "uv": [ 15.5, 11.5, 16, 12 ], "texture": "#voxels_atlas" },
				"west": { "uv": [ 8.75, 2, 9, 2.5 ], "texture": "#voxels_atlas" },
				"east": { "uv": [ 9, 1.5, 8.75, 2 ], "texture": "#voxels_atlas" }
			}
		},
		{
			"__comment": "Voxels",
			"from": [ 5.6364, 0.1818, 12.5455 ],
			"to": [ 6.000036, 0.3636182, 12.90914 ],
			"faces": {
				"down": { "uv": [ 4.25, 1, 4.75, 1.5 ], "texture": "#voxels_atlas" },
				"up": { "uv": [ 4.75, 3.75, 5.25, 3.25 ], "texture": "#voxels_atlas" },
				"north": { "uv": [ 9.5, 2.75, 9, 3 ], "texture": "#voxels_atlas" },
				"south": { "uv": [ 9, 2.5, 9.5, 2.75 ], "texture": "#voxels_atlas" },
				"west": { "uv": [ 9, 2.25, 9.5, 2.5 ], "texture": "#voxels_atlas" },
				"east": { "uv": [ 9.5, 2, 9, 2.25 ], "texture": "#voxels_atlas" }
			}
		},
		{
			"__comment": "Voxels",
			"from": [ 5.6364, 0.1818, 13.2727 ],
			"to": [ 5.818218, 0.3636182, 13.63634 ],
			"faces": {
				"down": { "uv": [ 8.75, 1, 9, 1.5 ], "texture": "#voxels_atlas" },
				"up": { "uv": [ 8.75, 1, 9, 0.5 ], "texture": "#voxels_atlas" },
				"north": { "uv": [ 11.25, 2.5, 11, 2.75 ], "texture": "#voxels_atlas" },
				"south": { "uv": [ 11, 2.25, 11.25, 2.5 ], "texture": "#voxels_atlas" },
				"west": { "uv": [ 9, 1.5, 9.5, 1.75 ], "texture": "#voxels_atlas" },
				"east": { "uv": [ 9.5, 1.25, 9, 1.5 ], "texture": "#voxels_atlas" }
			}
		},
		{
			"__comment": "Voxels",
			"from": [ 5.6364, 0.3636, 1.2727 ],
			"to": [ 6.181854, 0.5454181, 1.636336 ],
			"faces": {
				"down": { "uv": [ 3, 0.5, 3.75, 1 ], "texture": "#voxels_atlas" },
				"up": { "uv": [ 3, 1.5, 3.75, 1 ], "texture": "#voxels_atlas" },
				"north": { "uv": [ 7.5, 2.5, 6.75, 2.75 ], "texture": "#voxels_atlas" },
				"south": { "uv": [ 6.75, 2.25, 7.5, 2.5 ], "texture": "#voxels_atlas" },
				"west": { "uv": [ 9, 1, 9.5, 1.25 ], "texture": "#voxels_atlas" },
				"east": { "uv": [ 9.5, 0.75, 9, 1 ], "texture": "#voxels_atlas" }
			}
		},
		{
			"__comment": "Voxels",
			"from": [ 5.6364, 0.3636, 8 ],
			"to": [ 6.181854, 0.5454181, 8.181818 ],
			"faces": {
				"down": { "uv": [ 6.75, 1.5, 7.5, 1.75 ], "texture": "#voxels_atlas" },
				"up": { "uv": [ 6.75, 1.5, 7.5, 1.25 ], "texture": "#voxels_atlas" },
				"north": { "uv": [ 7.5, 1, 6.75, 1.25 ], "texture": "#voxels_atlas" },
				"south": { "uv": [ 6.75, 0.75, 7.5, 1 ], "texture": "#voxels_atlas" },
				"west": { "uv": [ 11, 1.5, 11.25, 1.75 ], "texture": "#voxels_atlas" },
				"east": { "uv": [ 11.25, 1.25, 11, 1.5 ], "texture": "#voxels_atlas" }
			}
		},
		{
			"__comment": "Voxels",
			"from": [ 5.6364, 0.3636, 11.6364 ],
			"to": [ 6.181854, 0.5454181, 11.81822 ],
			"faces": {
				"down": { "uv": [ 8.75, 7.75, 9.5, 8 ], "texture": "#voxels_atlas" },
				"up": { "uv": [ 9.5, 8, 10.25, 7.75 ], "texture": "#voxels_atlas" },
				"north": { "uv": [ 11, 7.75, 10.25, 8 ], "texture": "#voxels_atlas" },
				"south": { "uv": [ 11, 7.75, 11.75, 8 ], "texture": "#voxels_atlas" },
				"west": { "uv": [ 11, 1, 11.25, 1.25 ], "texture": "#voxels_atlas" },
				"east": { "uv": [ 11.25, 0.75, 11, 1 ], "texture": "#voxels_atlas" }
			}
		},
		{
			"__comment": "Voxels",
			"from": [ 5.6364, 0.3636, 12 ],
			"to": [ 6.181854, 0.5454181, 12.36364 ],
			"faces": {
				"down": { "uv": [ 4.25, 8, 5, 8.5 ], "texture": "#voxels_atlas" },
				"up": { "uv": [ 4.25, 9, 5, 8.5 ], "texture": "#voxels_atlas" },
				"north": { "uv": [ 12.5, 7.75, 11.75, 8 ], "texture": "#voxels_atlas" },
				"south": { "uv": [ 12.5, 7.75, 13.25, 8 ], "texture": "#voxels_atlas" },
				"west": { "uv": [ 9.75, 6.25, 10.25, 6.5 ], "texture": "#voxels_atlas" },
				"east": { "uv": [ 10.75, 6.25, 10.25, 6.5 ], "texture": "#voxels_atlas" }
			}
		},
		{
			"__comment": "Voxels",
			"from": [ 5.6364, 0.3636, 13.6364 ],
			"to": [ 6.181854, 0.5454181, 13.81822 ],
			"faces": {
				"down": { "uv": [ 14.75, 7.75, 15.5, 8 ], "texture": "#voxels_atlas" },
				"up": { "uv": [ 8, 7.75, 8.75, 7.5 ], "texture": "#voxels_atlas" },
				"north": { "uv": [ 9.5, 7.5, 8.75, 7.75 ], "texture": "#voxels_atlas" },
				"south": { "uv": [ 9.5, 7.5, 10.25, 7.75 ], "texture": "#voxels_atlas" },
				"west": { "uv": [ 14.25, 4.5, 14.5, 4.75 ], "texture": "#voxels_atlas" },
				"east": { "uv": [ 14.25, 4.5, 14, 4.75 ], "texture": "#voxels_atlas" }
			}
		},
		{
			"__comment": "Voxels",
			"from": [ 5.6364, 0.3636, 13.8182 ],
			"to": [ 5.818218, 0.5454181, 14.36366 ],
			"faces": {
				"down": { "uv": [ 3.75, 3.25, 4, 4 ], "texture": "#voxels_atlas" },
				"up": { "uv": [ 3.75, 3.25, 4, 2.5 ], "texture": "#voxels_atlas" },
				"north": { "uv": [ 14, 4.5, 13.75, 4.75 ], "texture": "#voxels_atlas" },
				"south": { "uv": [ 10.5, 3.75, 10.75, 4 ], "texture": "#voxels_atlas" },
				"west": { "uv": [ 10.25, 7.5, 11, 7.75 ], "texture": "#voxels_atlas" },
				"east": { "uv": [ 11.75, 7.5, 11, 7.75 ], "texture": "#voxels_atlas" }
			}
		},
		{
			"__comment": "Voxels",
			"from": [ 5.6364, 0.5455, 1.0909 ],
			"to": [ 6.363672, 0.7273182, 1.272718 ],
			"faces": {
				"down": { "uv": [ 4.25, 5.25, 5.25, 5.5 ], "texture": "#voxels_atlas" },
				"up": { "uv": [ 4.25, 1.75, 5.25, 1.5 ], "texture": "#voxels_atlas" },
				"north": { "uv": [ 5.25, 2.5, 4.25, 2.75 ], "texture": "#voxels_atlas" },
				"south": { "uv": [ 4.25, 2.75, 5.25, 3 ], "texture": "#voxels_atlas" },
				"west": { "uv": [ 10, 0, 10.25, 0.25 ], "texture": "#voxels_atlas" },
				"east": { "uv": [ 10.25, 0.25, 10, 0.5 ], "texture": "#voxels_atlas" }
			}
		},
		{
			"__comment": "Voxels",
			"from": [ 5.6364, 0.5455, 8.1818 ],
			"to": [ 6.181854, 0.7273182, 11.63634 ],
			"faces": {
				"down": { "uv": [ 3, 4.5, 3.75, 9.25 ], "texture": "#voxels_atlas" },
				"up": { "uv": [ 3, 14, 3.75, 9.25 ], "texture": "#voxels_atlas" },
				"north": { "uv": [ 12.5, 7.5, 11.75, 7.75 ], "texture": "#voxels_atlas" },
				"south": { "uv": [ 12.5, 7.5, 13.25, 7.75 ], "texture": "#voxels_atlas" },
				"west": { "uv": [ 3.75, 13.75, 8.5, 14 ], "texture": "#voxels_atlas" },
				"east": { "uv": [ 13.5, 13.25, 8.75, 13.5 ], "texture": "#voxels_atlas" }
			}
		},
		{
			"__comment": "Voxels",
			"from": [ 5.6364, 0.5455, 14.1818 ],
			"to": [ 5.818218, 0.9091364, 14.36362 ],
			"faces": {
				"down": { "uv": [ 6.5, 4, 6.75, 4.25 ], "texture": "#voxels_atlas" },
				"up": { "uv": [ 6.5, 4.5, 6.75, 4.25 ], "texture": "#voxels_atlas" },
				"north": { "uv": [ 5.25, 8, 5, 8.5 ], "texture": "#voxels_atlas" },
				"south": { "uv": [ 5, 8.5, 5.25, 9 ], "texture": "#voxels_atlas" },
				"west": { "uv": [ 9.5, 5, 9.75, 5.5 ], "texture": "#voxels_atlas" },
				"east": { "uv": [ 9.75, 5.5, 9.5, 6 ], "texture": "#voxels_atlas" }
			}
		},
		{
			"__comment": "Voxels",
			"from": [ 5.6364, 0.5455, 14.3636 ],
			"to": [ 6.000036, 0.7273182, 14.54542 ],
			"faces": {
				"down": { "uv": [ 9, 0.25, 9.5, 0.5 ], "texture": "#voxels_atlas" },
				"up": { "uv": [ 9, 0.75, 9.5, 0.5 ], "texture": "#voxels_atlas" },
				"north": { "uv": [ 8, 1.25, 7.5, 1.5 ], "texture": "#voxels_atlas" },
				"south": { "uv": [ 15.5, 13.75, 16, 14 ], "texture": "#voxels_atlas" },
				"west": { "uv": [ 11.25, 2, 11.5, 2.25 ], "texture": "#voxels_atlas" },
				"east": { "uv": [ 11.5, 2.25, 11.25, 2.5 ], "texture": "#voxels_atlas" }
			}
		},
		{
			"__comment": "Voxels",
			"from": [ 5.6364, 0.7273, 1.2727 ],
			"to": [ 6.181854, 0.9091182, 1.636336 ],
			"faces": {
				"down": { "uv": [ 4.25, 9.5, 5, 10 ], "texture": "#voxels_atlas" },
				"up": { "uv": [ 3, 0.5, 3.75, 0 ], "texture": "#voxels_atlas" },
				"north": { "uv": [ 14, 7.5, 13.25, 7.75 ], "texture": "#voxels_atlas" },
				"south": { "uv": [ 14, 7.5, 14.75, 7.75 ], "texture": "#voxels_atlas" },
				"west": { "uv": [ 15.5, 8.75, 16, 9 ], "texture": "#voxels_atlas" },
				"east": { "uv": [ 16, 11.25, 15.5, 11.5 ], "texture": "#voxels_atlas" }
			}
		},
		{
			"__comment": "Voxels",
			"from": [ 5.6364, 0.7273, 8 ],
			"to": [ 6.181854, 0.9091182, 8.181818 ],
			"faces": {
				"down": { "uv": [ 14.75, 7.5, 15.5, 7.75 ], "texture": "#voxels_atlas" },
				"up": { "uv": [ 8, 7.5, 8.75, 7.25 ], "texture": "#voxels_atlas" },
				"north": { "uv": [ 9.5, 7.25, 8.75, 7.5 ], "texture": "#voxels_atlas" },
				"south": { "uv": [ 9.5, 7.25, 10.25, 7.5 ], "texture": "#voxels_atlas" },
				"west": { "uv": [ 12.5, 3.75, 12.75, 4 ], "texture": "#voxels_atlas" },
				"east": { "uv": [ 12, 0, 11.75, 0.25 ], "texture": "#voxels_atlas" }
			}
		},
		{
			"__comment": "Voxels",
			"from": [ 5.6364, 0.7273, 11.6364 ],
			"to": [ 6.181854, 0.9091182, 11.81822 ],
			"faces": {
				"down": { "uv": [ 10.25, 7.25, 11, 7.5 ], "texture": "#voxels_atlas" },
				"up": { "uv": [ 11, 7.5, 11.75, 7.25 ], "texture": "#voxels_atlas" },
				"north": { "uv": [ 15.5, 7.25, 14.75, 7.5 ], "texture": "#voxels_atlas" },
				"south": { "uv": [ 8, 7, 8.75, 7.25 ], "texture": "#voxels_atlas" },
				"west": { "uv": [ 11.75, 3.25, 12, 3.5 ], "texture": "#voxels_atlas" },
				"east": { "uv": [ 16, 4, 15.75, 4.25 ], "texture": "#voxels_atlas" }
			}
		},
		{
			"__comment": "Voxels",
			"from": [ 5.6364, 0.7273, 12 ],
			"to": [ 6.181854, 0.9091182, 12.54545 ],
			"faces": {
				"down": { "uv": [ 3, 3, 3.75, 3.75 ], "texture": "#voxels_atlas" },
				"up": { "uv": [ 3, 4.5, 3.75, 3.75 ], "texture": "#voxels_atlas" },
				"north": { "uv": [ 8.75, 6.75, 8, 7 ], "texture": "#voxels_atlas" },
				"south": { "uv": [ 8, 6.5, 8.75, 6.75 ], "texture": "#voxels_atlas" },
				"west": { "uv": [ 8, 6.25, 8.75, 6.5 ], "texture": "#voxels_atlas" },
				"east": { "uv": [ 8.75, 6, 8, 6.25 ], "texture": "#voxels_atlas" }
			}
		},
		{
			"__comment": "Voxels",
			"from": [ 5.6364, 0.7273, 13.8182 ],
			"to": [ 6.909127, 0.9091182, 14.00002 ],
			"faces": {
				"down": { "uv": [ 7, 9.5, 8.75, 9.75 ], "texture": "#voxels_atlas" },
				"up": { "uv": [ 8.75, 9.75, 10.5, 9.5 ], "texture": "#voxels_atlas" },
				"north": { "uv": [ 12.25, 9.5, 10.5, 9.75 ], "texture": "#voxels_atlas" },
				"south": { "uv": [ 12.25, 9.5, 14, 9.75 ], "texture": "#voxels_atlas" },
				"west": { "uv": [ 15.5, 4, 15.75, 4.25 ], "texture": "#voxels_atlas" },
				"east": { "uv": [ 15.5, 4, 15.25, 4.25 ], "texture": "#voxels_atlas" }
			}
		},
		{
			"__comment": "Voxels",
			"from": [ 5.6364, 0.7273, 14 ],
			"to": [ 6.545491, 0.9091182, 14.18182 ],
			"faces": {
				"down": { "uv": [ 5.25, 6.5, 6.5, 6.75 ], "texture": "#voxels_atlas" },
				"up": { "uv": [ 5.25, 6.5, 6.5, 6.25 ], "texture": "#voxels_atlas" },
				"north": { "uv": [ 13, 11.25, 11.75, 11.5 ], "texture": "#voxels_atlas" },
				"south": { "uv": [ 13, 11.25, 14.25, 11.5 ], "texture": "#voxels_atlas" },
				"west": { "uv": [ 11.25, 1.5, 11.5, 1.75 ], "texture": "#voxels_atlas" },
				"east": { "uv": [ 11.5, 1.75, 11.25, 2 ], "texture": "#voxels_atlas" }
			}
		},
		{
			"__comment": "Voxels",
			"from": [ 5.6364, 0.9091, 11.8182 ],
			"to": [ 6.181854, 1.090918, 12.00002 ],
			"faces": {
				"down": { "uv": [ 8, 5.25, 8.75, 5.5 ], "texture": "#voxels_atlas" },
				"up": { "uv": [ 8, 5.25, 8.75, 5 ], "texture": "#voxels_atlas" },
				"north": { "uv": [ 8.75, 4.75, 8, 5 ], "texture": "#voxels_atlas" },
				"south": { "uv": [ 8, 4.5, 8.75, 4.75 ], "texture": "#voxels_atlas" },
				"west": { "uv": [ 2.75, 1, 3, 1.25 ], "texture": "#voxels_atlas" },
				"east": { "uv": [ 3, 2, 2.75, 2.25 ], "texture": "#voxels_atlas" }
			}
		},
		{
			"__comment": "Voxels",
			"from": [ 5.6364, 0.9091, 12.3636 ],
			"to": [ 6.181854, 1.090918, 12.90905 ],
			"faces": {
				"down": { "uv": [ 3, 1.5, 3.75, 2.25 ], "texture": "#voxels_atlas" },
				"up": { "uv": [ 3, 3, 3.75, 2.25 ], "texture": "#voxels_atlas" },
				"north": { "uv": [ 8.75, 3.25, 8, 3.5 ], "texture": "#voxels_atlas" },
				"south": { "uv": [ 8, 3, 8.75, 3.25 ], "texture": "#voxels_atlas" },
				"west": { "uv": [ 8, 2.75, 8.75, 3 ], "texture": "#voxels_atlas" },
				"east": { "uv": [ 8.75, 2.5, 8, 2.75 ], "texture": "#voxels_atlas" }
			}
		},
		{
			"__comment": "Voxels",
			"from": [ 5.6364, 0.9091, 13.2727 ],
			"to": [ 6.545491, 1.090918, 13.45452 ],
			"faces": {
				"down": { "uv": [ 6.75, 4.5, 8, 4.75 ], "texture": "#voxels_atlas" },
				"up": { "uv": [ 6.75, 5, 8, 4.75 ], "texture": "#voxels_atlas" },
				"north": { "uv": [ 8, 3.75, 6.75, 4 ], "texture": "#voxels_atlas" },
				"south": { "uv": [ 6.75, 3.5, 8, 3.75 ], "texture": "#voxels_atlas" },
				"west": { "uv": [ 11.5, 0, 11.75, 0.25 ], "texture": "#voxels_atlas" },
				"east": { "uv": [ 12, 4, 11.75, 4.25 ], "texture": "#voxels_atlas" }
			}
		},
		{
			"__comment": "Voxels",
			"from": [ 5.6364, 0.9091, 13.6364 ],
			"to": [ 6.545491, 1.090918, 13.81822 ],
			"faces": {
				"down": { "uv": [ 5.25, 6.75, 6.5, 7 ], "texture": "#voxels_atlas" },
				"up": { "uv": [ 6.75, 3.5, 8, 3.25 ], "texture": "#voxels_atlas" },
				"north": { "uv": [ 9.25, 8.75, 8, 9 ], "texture": "#voxels_atlas" },
				"south": { "uv": [ 9.25, 8.5, 10.5, 8.75 ], "texture": "#voxels_atlas" },
				"west": { "uv": [ 11.75, 2.5, 12, 2.75 ], "texture": "#voxels_atlas" },
				"east": { "uv": [ 12, 0.25, 11.75, 0.5 ], "texture": "#voxels_atlas" }
			}
		},
		{
			"__comment": "Voxels",
			"from": [ 5.6364, 1.0909, 12.7273 ],
			"to": [ 6.181854, 1.272718, 13.09094 ],
			"faces": {
				"down": { "uv": [ 4.25, 7, 5, 7.5 ], "texture": "#voxels_atlas" },
				"up": { "uv": [ 4.25, 7, 5, 6.5 ], "texture": "#voxels_atlas" },
				"north": { "uv": [ 8.75, 2.25, 8, 2.5 ], "texture": "#voxels_atlas" },
				"south": { "uv": [ 8, 2, 8.75, 2.25 ], "texture": "#voxels_atlas" },
				"west": { "uv": [ 14.25, 6.25, 14.75, 6.5 ], "texture": "#voxels_atlas" },
				"east": { "uv": [ 15.25, 6.25, 14.75, 6.5 ], "texture": "#voxels_atlas" }
			}
		},
		{
			"__comment": "Voxels",
			"from": [ 5.8182, 0, 11.8182 ],
			"to": [ 6.000018, 0.1818182, 12.00002 ],
			"faces": {
				"down": { "uv": [ 10.25, 3.25, 10.5, 3.5 ], "texture": "#voxels_atlas" },
				"up": { "uv": [ 10.25, 3.25, 10.5, 3 ], "texture": "#voxels_atlas" },
				"north": { "uv": [ 10.5, 2.75, 10.25, 3 ], "texture": "#voxels_atlas" },
				"south": { "uv": [ 10.25, 2.5, 10.5, 2.75 ], "texture": "#voxels_atlas" },
				"west": { "uv": [ 10.25, 1.75, 10.5, 2 ], "texture": "#voxels_atlas" },
				"east": { "uv": [ 10.5, 1.5, 10.25, 1.75 ], "texture": "#voxels_atlas" }
			}
		},
		{
			"__comment": "Voxels",
			"from": [ 5.8182, 0.1818, 11.6364 ],
			"to": [ 6.000018, 0.3636182, 11.81822 ],
			"faces": {
				"down": { "uv": [ 10.5, 3.5, 10.75, 3.75 ], "texture": "#voxels_atlas" },
				"up": { "uv": [ 10.5, 3.5, 10.75, 3.25 ], "texture": "#voxels_atlas" },
				"north": { "uv": [ 10.75, 2.5, 10.5, 2.75 ], "texture": "#voxels_atlas" },
				"south": { "uv": [ 10.5, 2.25, 10.75, 2.5 ], "texture": "#voxels_atlas" },
				"west": { "uv": [ 13, 5, 13.25, 5.25 ], "texture": "#voxels_atlas" },
				"east": { "uv": [ 13.5, 5, 13.25, 5.25 ], "texture": "#voxels_atlas" }
			}
		},
		{
			"__comment": "Voxels",
			"from": [ 5.8182, 0.1818, 12 ],
			"to": [ 6.000018, 0.3636182, 12.36364 ],
			"faces": {
				"down": { "uv": [ 9.5, 2.5, 9.75, 3 ], "texture": "#voxels_atlas" },
				"up": { "uv": [ 9.5, 2.5, 9.75, 2 ], "texture": "#voxels_atlas" },
				"north": { "uv": [ 11, 0.25, 10.75, 0.5 ], "texture": "#voxels_atlas" },
				"south": { "uv": [ 10.75, 0, 11, 0.25 ], "texture": "#voxels_atlas" },
				"west": { "uv": [ 11.75, 5.75, 12.25, 6 ], "texture": "#voxels_atlas" },
				"east": { "uv": [ 12.75, 5.75, 12.25, 6 ], "texture": "#voxels_atlas" }
			}
		},
		{
			"__comment": "Voxels",
			"from": [ 5.8182, 0.3636, 1.0909 ],
			"to": [ 6.181836, 0.5454181, 1.272718 ],
			"faces": {
				"down": { "uv": [ 12.75, 5.75, 13.25, 6 ], "texture": "#voxels_atlas" },
				"up": { "uv": [ 13.25, 6, 13.75, 5.75 ], "texture": "#voxels_atlas" },
				"north": { "uv": [ 14.25, 5.75, 13.75, 6 ], "texture": "#voxels_atlas" },
				"south": { "uv": [ 14.25, 5.75, 14.75, 6 ], "texture": "#voxels_atlas" },
				"west": { "uv": [ 11, 0, 11.25, 0.25 ], "texture": "#voxels_atlas" },
				"east": { "uv": [ 11.5, 4.5, 11.25, 4.75 ], "texture": "#voxels_atlas" }
			}
		},
		{
			"__comment": "Voxels",
			"from": [ 5.8182, 0.3636, 3.8182 ],
			"to": [ 6.181836, 0.5454181, 4.000018 ],
			"faces": {
				"down": { "uv": [ 10.75, 6.25, 11.25, 6.5 ], "texture": "#voxels_atlas" },
				"up": { "uv": [ 11.25, 6.5, 11.75, 6.25 ], "texture": "#voxels_atlas" },
				"north": { "uv": [ 12.25, 6.25, 11.75, 6.5 ], "texture": "#voxels_atlas" },
				"south": { "uv": [ 12.25, 6.25, 12.75, 6.5 ], "texture": "#voxels_atlas" },
				"west": { "uv": [ 11.25, 4.25, 11.5, 4.5 ], "texture": "#voxels_atlas" },
				"east": { "uv": [ 11.5, 4, 11.25, 4.25 ], "texture": "#voxels_atlas" }
			}
		},
		{
			"__comment": "Voxels",
			"from": [ 5.8182, 0.3636, 8.1818 ],
			"to": [ 6.000018, 0.5454181, 11.63634 ],
			"faces": {
				"down": { "uv": [ 3.75, 8.75, 4, 13.5 ], "texture": "#voxels_atlas" },
				"up": { "uv": [ 4, 8.5, 4.25, 3.75 ], "texture": "#voxels_atlas" },
				"north": { "uv": [ 11.5, 3.25, 11.25, 3.5 ], "texture": "#voxels_atlas" },
				"south": { "uv": [ 11.25, 3, 11.5, 3.25 ], "texture": "#voxels_atlas" },
				"west": { "uv": [ 8.5, 13.75, 13.25, 14 ], "texture": "#voxels_atlas" },
				"east": { "uv": [ 8.75, 13.25, 4, 13.5 ], "texture": "#voxels_atlas" }
			}
		},
		{
			"__comment": "Voxels",
			"from": [ 5.8182, 0.3636, 14.3636 ],
			"to": [ 6.000018, 0.5454181, 14.90905 ],
			"faces": {
				"down": { "uv": [ 3.75, 0.25, 4, 1 ], "texture": "#voxels_atlas" },
				"up": { "uv": [ 4, 3.75, 4.25, 3 ], "texture": "#voxels_atlas" },
				"north": { "uv": [ 11.75, 1, 11.5, 1.25 ], "texture": "#voxels_atlas" },
				"south": { "uv": [ 11.5, 0.75, 11.75, 1 ], "texture": "#voxels_atlas" },
				"west": { "uv": [ 8, 1.75, 8.75, 2 ], "texture": "#voxels_atlas" },
				"east": { "uv": [ 8.75, 1.5, 8, 1.75 ], "texture": "#voxels_atlas" }
			}
		},
		{
			"__comment": "Voxels",
			"from": [ 5.8182, 0.5455, 0.7273 ],
			"to": [ 6.363654, 0.7273182, 1.090936 ],
			"faces": {
				"down": { "uv": [ 4.25, 9, 5, 9.5 ], "texture": "#voxels_atlas" },
				"up": { "uv": [ 4.25, 8, 5, 7.5 ], "texture": "#voxels_atlas" },
				"north": { "uv": [ 8.75, 1.25, 8, 1.5 ], "texture": "#voxels_atlas" },
				"south": { "uv": [ 8, 1, 8.75, 1.25 ], "texture": "#voxels_atlas" },
				"west": { "uv": [ 7.5, 0.25, 8, 0.5 ], "texture": "#voxels_atlas" },
				"east": { "uv": [ 8, 0, 7.5, 0.25 ], "texture": "#voxels_atlas" }
			}
		},
		{
			"__comment": "Voxels",
			"from": [ 5.8182, 0.5455, 5.2727 ],
			"to": [ 6.000018, 0.7273182, 5.818154 ],
			"faces": {
				"down": { "uv": [ 4, 2.25, 4.25, 3 ], "texture": "#voxels_atlas" },
				"up": { "uv": [ 4, 2.25, 4.25, 1.5 ], "texture": "#voxels_atlas" },
				"north": { "uv": [ 12, 3, 11.75, 3.25 ], "texture": "#voxels_atlas" },
				"south": { "uv": [ 11.75, 2.75, 12, 3 ], "texture": "#voxels_atlas" },
				"west": { "uv": [ 8, 0.75, 8.75, 1 ], "texture": "#voxels_atlas" },
				"east": { "uv": [ 8.75, 0.5, 8, 0.75 ], "texture": "#voxels_atlas" }
			}
		},
		{
			"__comment": "Voxels",
			"from": [ 5.8182, 0.5455, 6.3636 ],
			"to": [ 6.000018, 0.7273182, 6.909054 ],
			"faces": {
				"down": { "uv": [ 4, 0.75, 4.25, 1.5 ], "texture": "#voxels_atlas" },
				"up": { "uv": [ 4, 0.75, 4.25, 0 ], "texture": "#voxels_atlas" },
				"north": { "uv": [ 13, 3.75, 12.75, 4 ], "texture": "#voxels_atlas" },
				"south": { "uv": [ 2.75, 3, 3, 3.25 ], "texture": "#voxels_atlas" },
				"west": { "uv": [ 8, 0.25, 8.75, 0.5 ], "texture": "#voxels_atlas" },
				"east": { "uv": [ 8.75, 0, 8, 0.25 ], "texture": "#voxels_atlas" }
			}
		},
		{
			"__comment": "Voxels",
			"from": [ 5.8182, 0.5455, 7.4545 ],
			"to": [ 6.000018, 0.7273182, 7.636318 ],
			"faces": {
				"down": { "uv": [ 2.75, 0, 3, 0.25 ], "texture": "#voxels_atlas" },
				"up": { "uv": [ 3.75, 0.25, 4, 0 ], "texture": "#voxels_atlas" },
				"north": { "uv": [ 5.25, 0.75, 5, 1 ], "texture": "#voxels_atlas" },
				"south": { "uv": [ 5, 0.5, 5.25, 0.75 ], "texture": "#voxels_atlas" },
				"west": { "uv": [ 5, 0.25, 5.25, 0.5 ], "texture": "#voxels_atlas" },
				"east": { "uv": [ 5.25, 0, 5, 0.25 ], "texture": "#voxels_atlas" }
			}
		},
		{
			"__comment": "Voxels",
			"from": [ 5.8182, 0.7273, 1.0909 ],
			"to": [ 6.181836, 0.9091182, 1.272718 ],
			"faces": {
				"down": { "uv": [ 11.5, 6.5, 12, 6.75 ], "texture": "#voxels_atlas" },
				"up": { "uv": [ 13.5, 6.75, 14, 6.5 ], "texture": "#voxels_atlas" },
				"north": { "uv": [ 14.5, 6.5, 14, 6.75 ], "texture": "#voxels_atlas" },
				"south": { "uv": [ 14.5, 6.5, 15, 6.75 ], "texture": "#voxels_atlas" },
				"west": { "uv": [ 15.75, 10, 16, 10.25 ], "texture": "#voxels_atlas" },
				"east": { "uv": [ 16, 9.75, 15.75, 10 ], "texture": "#voxels_atlas" }
			}
		},
		{
			"__comment": "Voxels",
			"from": [ 5.8182, 0.7273, 3.8182 ],
			"to": [ 6.181836, 0.9091182, 4.000018 ],
			"faces": {
				"down": { "uv": [ 9, 4.25, 9.5, 4.5 ], "texture": "#voxels_atlas" },
				"up": { "uv": [ 9, 4.25, 9.5, 4 ], "texture": "#voxels_atlas" },
				"north": { "uv": [ 9.5, 3.75, 9, 4 ], "texture": "#voxels_atlas" },
				"south": { "uv": [ 9, 3.5, 9.5, 3.75 ], "texture": "#voxels_atlas" },
				"west": { "uv": [ 15.75, 9.5, 16, 9.75 ], "texture": "#voxels_atlas" },
				"east": { "uv": [ 16, 9.25, 15.75, 9.5 ], "texture": "#voxels_atlas" }
			}
		},
		{
			"__comment": "Voxels",
			"from": [ 5.8182, 0.7273, 8.1818 ],
			"to": [ 6.000018, 0.9091182, 11.63634 ],
			"faces": {
				"down": { "uv": [ 3.75, 4, 4, 8.75 ], "texture": "#voxels_atlas" },
				"up": { "uv": [ 4, 13.25, 4.25, 8.5 ], "texture": "#voxels_atlas" },
				"north": { "uv": [ 6.75, 6.75, 6.5, 7 ], "texture": "#voxels_atlas" },
				"south": { "uv": [ 6.5, 6.5, 6.75, 6.75 ], "texture": "#voxels_atlas" },
				"west": { "uv": [ 3.75, 13.5, 8.5, 13.75 ], "texture": "#voxels_atlas" },
				"east": { "uv": [ 13.25, 13.5, 8.5, 13.75 ], "texture": "#voxels_atlas" }
			}
		},
		{
			"__comment": "Voxels",
			"from": [ 5.8182, 0.9091, 11.6364 ],
			"to": [ 6.000018, 1.090918, 11.81822 ],
			"faces": {
				"down": { "uv": [ 6.5, 6.25, 6.75, 6.5 ], "texture": "#voxels_atlas" },
				"up": { "uv": [ 6.5, 6.25, 6.75, 6 ], "texture": "#voxels_atlas" },
				"north": { "uv": [ 6.75, 5.75, 6.5, 6 ], "texture": "#voxels_atlas" },
				"south": { "uv": [ 6.5, 5.5, 6.75, 5.75 ], "texture": "#voxels_atlas" },
				"west": { "uv": [ 6.5, 5.25, 6.75, 5.5 ], "texture": "#voxels_atlas" },
				"east": { "uv": [ 6.75, 5, 6.5, 5.25 ], "texture": "#voxels_atlas" }
			}
		},
		{
			"__comment": "Voxels",
			"from": [ 5.8182, 0.9091, 12 ],
			"to": [ 6.000018, 1.090918, 12.36364 ],
			"faces": {
				"down": { "uv": [ 5, 9.5, 5.25, 10 ], "texture": "#voxels_atlas" },
				"up": { "uv": [ 5, 9.5, 5.25, 9 ], "texture": "#voxels_atlas" },
				"north": { "uv": [ 6.75, 4.75, 6.5, 5 ], "texture": "#voxels_atlas" },
				"south": { "uv": [ 6.5, 4.5, 6.75, 4.75 ], "texture": "#voxels_atlas" },
				"west": { "uv": [ 7.5, 2.25, 8, 2.5 ], "texture": "#voxels_atlas" },
				"east": { "uv": [ 8, 2, 7.5, 2.25 ], "texture": "#voxels_atlas" }
			}
		},
		{
			"__comment": "Voxels",
			"from": [ 5.8182, 0.9091, 13.8182 ],
			"to": [ 6.727291, 1.090918, 14.00002 ],
			"faces": {
				"down": { "uv": [ 6.75, 8.5, 8, 8.75 ], "texture": "#voxels_atlas" },
				"up": { "uv": [ 9.25, 8.25, 10.5, 8 ], "texture": "#voxels_atlas" },
				"north": { "uv": [ 13, 8.25, 11.75, 8.5 ], "texture": "#voxels_atlas" },
				"south": { "uv": [ 10.5, 8.25, 11.75, 8.5 ], "texture": "#voxels_atlas" },
				"west": { "uv": [ 6.5, 3.75, 6.75, 4 ], "texture": "#voxels_atlas" },
				"east": { "uv": [ 6.75, 3.5, 6.5, 3.75 ], "texture": "#voxels_atlas" }
			}
		},
		{
			"__comment": "Voxels",
			"from": [ 5.8182, 1.0909, 11.8182 ],
			"to": [ 6.000018, 1.272718, 12.00002 ],
			"faces": {
				"down": { "uv": [ 14.5, 5, 14.75, 5.25 ], "texture": "#voxels_atlas" },
				"up": { "uv": [ 6.5, 3.5, 6.75, 3.25 ], "texture": "#voxels_atlas" },
				"north": { "uv": [ 6.75, 3, 6.5, 3.25 ], "texture": "#voxels_atlas" },
				"south": { "uv": [ 6.5, 2.75, 6.75, 3 ], "texture": "#voxels_atlas" },
				"west": { "uv": [ 6.5, 2.5, 6.75, 2.75 ], "texture": "#voxels_atlas" },
				"east": { "uv": [ 6.75, 2.25, 6.5, 2.5 ], "texture": "#voxels_atlas" }
			}
		},
		{
			"__comment": "Voxels",
			"from": [ 5.8182, 1.0909, 12.3636 ],
			"to": [ 6.000018, 1.272718, 12.72724 ],
			"faces": {
				"down": { "uv": [ 5, 6.5, 5.25, 7 ], "texture": "#voxels_atlas" },
				"up": { "uv": [ 8.75, 4, 9, 3.5 ], "texture": "#voxels_atlas" },
				"north": { "uv": [ 6.75, 2, 6.5, 2.25 ], "texture": "#voxels_atlas" },
				"south": { "uv": [ 6.5, 1.75, 6.75, 2 ], "texture": "#voxels_atlas" },
				"west": { "uv": [ 10, 6.5, 10.5, 6.75 ], "texture": "#voxels_atlas" },
				"east": { "uv": [ 11, 6.5, 10.5, 6.75 ], "texture": "#voxels_atlas" }
			}
		},
		{
			"__comment": "Voxels",
			"from": [ 5.8182, 1.0909, 13.0909 ],
			"to": [ 6.000018, 1.272718, 13.45454 ],
			"faces": {
				"down": { "uv": [ 8.75, 3, 9, 3.5 ], "texture": "#voxels_atlas" },
				"up": { "uv": [ 8.75, 3, 9, 2.5 ], "texture": "#voxels_atlas" },
				"north": { "uv": [ 6.75, 1.5, 6.5, 1.75 ], "texture": "#voxels_atlas" },
				"south": { "uv": [ 6.5, 1.25, 6.75, 1.5 ], "texture": "#voxels_atlas" },
				"west": { "uv": [ 15.5, 6.5, 16, 6.75 ], "texture": "#voxels_atlas" },
				"east": { "uv": [ 9.5, 1.75, 9, 2 ], "texture": "#voxels_atlas" }
			}
		},
		{
			"__comment": "Voxels",
			"from": [ 6, 0.1818, 12.7273 ],
			"to": [ 6.181818, 0.3636182, 13.09094 ],
			"faces": {
				"down": { "uv": [ 8.75, 0, 9, 0.5 ], "texture": "#voxels_atlas" },
				"up": { "uv": [ 9.5, 6.5, 9.75, 6 ], "texture": "#voxels_atlas" },
				"north": { "uv": [ 6.75, 1, 6.5, 1.25 ], "texture": "#voxels_atlas" },
				"south": { "uv": [ 6.5, 0.75, 6.75, 1 ], "texture": "#voxels_atlas" },
				"west": { "uv": [ 15.5, 13.25, 16, 13.5 ], "texture": "#voxels_atlas" },
				"east": { "uv": [ 16, 8.5, 15.5, 8.75 ], "texture": "#voxels_atlas" }
			}
		},
		{
			"__comment": "Voxels",
			"from": [ 6, 0.3636, 0.7273 ],
			"to": [ 6.181818, 0.5454181, 1.090936 ],
			"faces": {
				"down": { "uv": [ 15.75, 12, 16, 12.5 ], "texture": "#voxels_atlas" },
				"up": { "uv": [ 15.75, 11.25, 16, 10.75 ], "texture": "#voxels_atlas" },
				"north": { "uv": [ 6.75, 0.5, 6.5, 0.75 ], "texture": "#voxels_atlas" },
				"south": { "uv": [ 6.5, 0.25, 6.75, 0.5 ], "texture": "#voxels_atlas" },
				"west": { "uv": [ 7.5, 2.5, 8, 2.75 ], "texture": "#voxels_atlas" },
				"east": { "uv": [ 8, 0.5, 7.5, 0.75 ], "texture": "#voxels_atlas" }
			}
		},
		{
			"__comment": "Voxels",
			"from": [ 6, 0.3636, 4 ],
			"to": [ 6.181818, 0.5454181, 4.181818 ],
			"faces": {
				"down": { "uv": [ 6.5, 0, 6.75, 0.25 ], "texture": "#voxels_atlas" },
				"up": { "uv": [ 15.75, 7.25, 16, 7 ], "texture": "#voxels_atlas" },
				"north": { "uv": [ 16, 6.25, 15.75, 6.5 ], "texture": "#voxels_atlas" },
				"south": { "uv": [ 15.75, 6, 16, 6.25 ], "texture": "#voxels_atlas" },
				"west": { "uv": [ 15.75, 5.75, 16, 6 ], "texture": "#voxels_atlas" },
				"east": { "uv": [ 10, 0, 9.75, 0.25 ], "texture": "#voxels_atlas" }
			}
		},
		{
			"__comment": "Voxels",
			"from": [ 6, 0.3636, 12.3636 ],
			"to": [ 6.363636, 0.5454181, 12.54542 ],
			"faces": {
				"down": { "uv": [ 14, 6.75, 14.5, 7 ], "texture": "#voxels_atlas" },
				"up": { "uv": [ 14.5, 7, 15, 6.75 ], "texture": "#voxels_atlas" },
				"north": { "uv": [ 9.5, 6.5, 9, 6.75 ], "texture": "#voxels_atlas" },
				"south": { "uv": [ 9.5, 6.5, 10, 6.75 ], "texture": "#voxels_atlas" },
				"west": { "uv": [ 10, 1.75, 10.25, 2 ], "texture": "#voxels_atlas" },
				"east": { "uv": [ 10.25, 1.5, 10, 1.75 ], "texture": "#voxels_atlas" }
			}
		},
		{
			"__comment": "Voxels",
			"from": [ 6, 0.3636, 13.8182 ],
			"to": [ 6.363636, 0.5454181, 14.00002 ],
			"faces": {
				"down": { "uv": [ 9, 0, 9.5, 0.25 ], "texture": "#voxels_atlas" },
				"up": { "uv": [ 15.5, 13.75, 16, 13.5 ], "texture": "#voxels_atlas" },
				"north": { "uv": [ 16, 8.25, 15.5, 8.5 ], "texture": "#voxels_atlas" },
				"south": { "uv": [ 15.5, 8, 16, 8.25 ], "texture": "#voxels_atlas" },
				"west": { "uv": [ 10, 1.25, 10.25, 1.5 ], "texture": "#voxels_atlas" },
				"east": { "uv": [ 10.25, 1, 10, 1.25 ], "texture": "#voxels_atlas" }
			}
		},
		{
			"__comment": "Voxels",
			"from": [ 6, 0.3636, 14.7273 ],
			"to": [ 6.181818, 0.5454181, 15.09094 ],
			"faces": {
				"down": { "uv": [ 5, 7.5, 5.25, 8 ], "texture": "#voxels_atlas" },
				"up": { "uv": [ 5, 7.5, 5.25, 7 ], "texture": "#voxels_atlas" },
				"north": { "uv": [ 10.25, 0.75, 10, 1 ], "texture": "#voxels_atlas" },
				"south": { "uv": [ 10, 0.5, 10.25, 0.75 ], "texture": "#voxels_atlas" },
				"west": { "uv": [ 11, 6.5, 11.5, 6.75 ], "texture": "#voxels_atlas" },
				"east": { "uv": [ 15.5, 6.5, 15, 6.75 ], "texture": "#voxels_atlas" }
			}
		},
		{
			"__comment": "Voxels",
			"from": [ 6, 0.5455, 0.3636 ],
			"to": [ 6.363636, 0.7273182, 0.7272364 ],
			"faces": {
				"down": { "uv": [ 4.25, 3.25, 4.75, 3.75 ], "texture": "#voxels_atlas" },
				"up": { "uv": [ 4.75, 1.5, 5.25, 1 ], "texture": "#voxels_atlas" },
				"north": { "uv": [ 13.5, 6.75, 13, 7 ], "texture": "#voxels_atlas" },
				"south": { "uv": [ 13.5, 6.75, 14, 7 ], "texture": "#voxels_atlas" },
				"west": { "uv": [ 15.5, 7.75, 16, 8 ], "texture": "#voxels_atlas" },
				"east": { "uv": [ 9.5, 6.75, 9, 7 ], "texture": "#voxels_atlas" }
			}
		},
		{
			"__comment": "Voxels",
			"from": [ 6, 0.5455, 4.3636 ],
			"to": [ 6.363636, 0.7273182, 4.545418 ],
			"faces": {
				"down": { "uv": [ 12.5, 6.75, 13, 7 ], "texture": "#voxels_atlas" },
				"up": { "uv": [ 12.75, 6.5, 13.25, 6.25 ], "texture": "#voxels_atlas" },
				"north": { "uv": [ 13.75, 6.25, 13.25, 6.5 ], "texture": "#voxels_atlas" },
				"south": { "uv": [ 13.75, 6.25, 14.25, 6.5 ], "texture": "#voxels_atlas" },
				"west": { "uv": [ 10.25, 4.75, 10.5, 5 ], "texture": "#voxels_atlas" },
				"east": { "uv": [ 10.5, 4.5, 10.25, 4.75 ], "texture": "#voxels_atlas" }
			}
		},
		{
			"__comment": "Voxels",
			"from": [ 6, 0.5455, 5.4545 ],
			"to": [ 6.181818, 0.7273182, 5.999954 ],
			"faces": {
				"down": { "uv": [ 8.75, 6.25, 9, 7 ], "texture": "#voxels_atlas" },
				"up": { "uv": [ 8.75, 6.25, 9, 5.5 ], "texture": "#voxels_atlas" },
				"north": { "uv": [ 10.5, 3.75, 10.25, 4 ], "texture": "#voxels_atlas" },
				"south": { "uv": [ 10.25, 3.5, 10.5, 3.75 ], "texture": "#voxels_atlas" },
				"west": { "uv": [ 11.75, 7, 12.5, 7.25 ], "texture": "#voxels_atlas" },
				"east": { "uv": [ 13.25, 7, 12.5, 7.25 ], "texture": "#voxels_atlas" }
			}
		},
		{
			"__comment": "Voxels",
			"from": [ 6, 0.5455, 6.5455 ],
			"to": [ 6.181818, 0.7273182, 7.090954 ],
			"faces": {
				"down": { "uv": [ 8.75, 4.75, 9, 5.5 ], "texture": "#voxels_atlas" },
				"up": { "uv": [ 8.75, 4.75, 9, 4 ], "texture": "#voxels_atlas" },
				"north": { "uv": [ 10.5, 2.25, 10.25, 2.5 ], "texture": "#voxels_atlas" },
				"south": { "uv": [ 10.25, 2, 10.5, 2.25 ], "texture": "#voxels_atlas" },
				"west": { "uv": [ 13.25, 7, 14, 7.25 ], "texture": "#voxels_atlas" },
				"east": { "uv": [ 14.75, 7, 14, 7.25 ], "texture": "#voxels_atlas" }
			}
		},
		{
			"__comment": "Voxels",
			"from": [ 6, 0.7273, 0.7273 ],
			"to": [ 6.181818, 0.9091182, 1.090936 ],
			"faces": {
				"down": { "uv": [ 9.5, 4.5, 9.75, 5 ], "texture": "#voxels_atlas" },
				"up": { "uv": [ 9.5, 4.5, 9.75, 4 ], "texture": "#voxels_atlas" },
				"north": { "uv": [ 10.5, 0.75, 10.25, 1 ], "texture": "#voxels_atlas" },
				"south": { "uv": [ 10.25, 0.5, 10.5, 0.75 ], "texture": "#voxels_atlas" },
				"west": { "uv": [ 15.25, 6.25, 15.75, 6.5 ], "texture": "#voxels_atlas" },
				"east": { "uv": [ 10.25, 6, 9.75, 6.25 ], "texture": "#voxels_atlas" }
			}
		},
		{
			"__comment": "Voxels",
			"from": [ 6, 0.7273, 4 ],
			"to": [ 6.181818, 0.9091182, 4.181818 ],
			"faces": {
				"down": { "uv": [ 10.5, 5, 10.75, 5.25 ], "texture": "#voxels_atlas" },
				"up": { "uv": [ 10.5, 5, 10.75, 4.75 ], "texture": "#voxels_atlas" },
				"north": { "uv": [ 10.75, 4.5, 10.5, 4.75 ], "texture": "#voxels_atlas" },
				"south": { "uv": [ 10.5, 4.25, 10.75, 4.5 ], "texture": "#voxels_atlas" },
				"west": { "uv": [ 10.5, 4, 10.75, 4.25 ], "texture": "#voxels_atlas" },
				"east": { "uv": [ 13.75, 4.5, 13.5, 4.75 ], "texture": "#voxels_atlas" }
			}
		},
		{
			"__comment": "Voxels",
			"from": [ 6, 0.7273, 14.1818 ],
			"to": [ 6.181818, 0.9091182, 14.72725 ],
			"faces": {
				"down": { "uv": [ 1.5, 0.25, 1.75, 1 ], "texture": "#voxels_atlas" },
				"up": { "uv": [ 2.75, 4, 3, 3.25 ], "texture": "#voxels_atlas" },
				"north": { "uv": [ 10.75, 3, 10.5, 3.25 ], "texture": "#voxels_atlas" },
				"south": { "uv": [ 10.5, 2.75, 10.75, 3 ], "texture": "#voxels_atlas" },
				"west": { "uv": [ 4.25, 0.75, 5, 1 ], "texture": "#voxels_atlas" },
				"east": { "uv": [ 5, 0.5, 4.25, 0.75 ], "texture": "#voxels_atlas" }
			}
		},
		{
			"__comment": "Voxels",
			"from": [ 6, 0.9091, 13.4545 ],
			"to": [ 6.363636, 1.090918, 13.63632 ],
			"faces": {
				"down": { "uv": [ 10.25, 6, 10.75, 6.25 ], "texture": "#voxels_atlas" },
				"up": { "uv": [ 10.75, 6.25, 11.25, 6 ], "texture": "#voxels_atlas" },
				"north": { "uv": [ 11.75, 6, 11.25, 6.25 ], "texture": "#voxels_atlas" },
				"south": { "uv": [ 11.75, 6, 12.25, 6.25 ], "texture": "#voxels_atlas" },
				"west": { "uv": [ 10.5, 1, 10.75, 1.25 ], "texture": "#voxels_atlas" },
				"east": { "uv": [ 10.75, 0.75, 10.5, 1 ], "texture": "#voxels_atlas" }
			}
		},
		{
			"__comment": "Voxels",
			"from": [ 6, 0.9091, 14 ],
			"to": [ 6.363636, 1.090918, 14.18182 ],
			"faces": {
				"down": { "uv": [ 12.25, 6, 12.75, 6.25 ], "texture": "#voxels_atlas" },
				"up": { "uv": [ 12.75, 6.25, 13.25, 6 ], "texture": "#voxels_atlas" },
				"north": { "uv": [ 13.75, 6, 13.25, 6.25 ], "texture": "#voxels_atlas" },
				"south": { "uv": [ 13.75, 6, 14.25, 6.25 ], "texture": "#voxels_atlas" },
				"west": { "uv": [ 11, 5, 11.25, 5.25 ], "texture": "#voxels_atlas" },
				"east": { "uv": [ 11.5, 5, 11.25, 5.25 ], "texture": "#voxels_atlas" }
			}
		},
		{
			"__comment": "Voxels",
			"from": [ 6, 1.0909, 13.4545 ],
			"to": [ 6.181818, 1.272718, 13.81814 ],
			"faces": {
				"down": { "uv": [ 9.5, 3.5, 9.75, 4 ], "texture": "#voxels_atlas" },
				"up": { "uv": [ 9.5, 3.5, 9.75, 3 ], "texture": "#voxels_atlas" },
				"north": { "uv": [ 12.25, 5, 12, 5.25 ], "texture": "#voxels_atlas" },
				"south": { "uv": [ 12.25, 5, 12.5, 5.25 ], "texture": "#voxels_atlas" },
				"west": { "uv": [ 14.25, 6, 14.75, 6.25 ], "texture": "#voxels_atlas" },
				"east": { "uv": [ 15.25, 6, 14.75, 6.25 ], "texture": "#voxels_atlas" }
			}
		},
		{
			"__comment": "Voxels",
			"from": [ 6.1818, 0.1818, 12.9091 ],
			"to": [ 6.363618, 0.3636182, 13.45455 ],
			"faces": {
				"down": { "uv": [ 2.75, 2.25, 3, 3 ], "texture": "#voxels_atlas" },
				"up": { "uv": [ 2.75, 2, 3, 1.25 ], "texture": "#voxels_atlas" },
				"north": { "uv": [ 13.75, 5, 13.5, 5.25 ], "texture": "#voxels_atlas" },
				"south": { "uv": [ 13.75, 5, 14, 5.25 ], "texture": "#voxels_atlas" },
				"west": { "uv": [ 6.75, 3, 7.5, 3.25 ], "texture": "#voxels_atlas" },
				"east": { "uv": [ 7.5, 2.75, 6.75, 3 ], "texture": "#voxels_atlas" }
			}
		},
		{
			"__comment": "Voxels",
			"from": [ 6.1818, 0.3636, 13.4545 ],
			"to": [ 6.545436, 0.5454181, 13.63632 ],
			"faces": {
				"down": { "uv": [ 13, 6.5, 13.5, 6.75 ], "texture": "#voxels_atlas" },
				"up": { "uv": [ 15.25, 6.25, 15.75, 6 ], "texture": "#voxels_atlas" },
				"north": { "uv": [ 10.25, 5.75, 9.75, 6 ], "texture": "#voxels_atlas" },
				"south": { "uv": [ 10.25, 5.75, 10.75, 6 ], "texture": "#voxels_atlas" },
				"west": { "uv": [ 15.5, 5, 15.75, 5.25 ], "texture": "#voxels_atlas" },
				"east": { "uv": [ 16, 5, 15.75, 5.25 ], "texture": "#voxels_atlas" }
			}
		},
		{
			"__comment": "Voxels",
			"from": [ 6.1818, 0.3636, 14 ],
			"to": [ 6.363618, 0.7272364, 14.18182 ],
			"faces": {
				"down": { "uv": [ 10.75, 4.75, 11, 5 ], "texture": "#voxels_atlas" },
				"up": { "uv": [ 10.75, 4.75, 11, 4.5 ], "texture": "#voxels_atlas" },
				"north": { "uv": [ 9.75, 1.5, 9.5, 2 ], "texture": "#voxels_atlas" },
				"south": { "uv": [ 9.5, 1, 9.75, 1.5 ], "texture": "#voxels_atlas" },
				"west": { "uv": [ 9.5, 0.5, 9.75, 1 ], "texture": "#voxels_atlas" },
				"east": { "uv": [ 9.75, 0, 9.5, 0.5 ], "texture": "#voxels_atlas" }
			}
		},
		{
			"__comment": "Voxels",
			"from": [ 6.1818, 0.5455, 0 ],
			"to": [ 6.363618, 0.7273182, 0.3636364 ],
			"faces": {
				"down": { "uv": [ 9.75, 5.25, 10, 5.75 ], "texture": "#voxels_atlas" },
				"up": { "uv": [ 9.75, 5.25, 10, 4.75 ], "texture": "#voxels_atlas" },
				"north": { "uv": [ 11, 2.75, 10.75, 3 ], "texture": "#voxels_atlas" },
				"south": { "uv": [ 10.75, 2.5, 11, 2.75 ], "texture": "#voxels_atlas" },
				"west": { "uv": [ 10.75, 5.75, 11.25, 6 ], "texture": "#voxels_atlas" },
				"east": { "uv": [ 11.75, 5.75, 11.25, 6 ], "texture": "#voxels_atlas" }
			}
		},
		{
			"__comment": "Voxels",
			"from": [ 6.1818, 0.5455, 4.5455 ],
			"to": [ 6.363618, 0.7273182, 4.727318 ],
			"faces": {
				"down": { "uv": [ 10.75, 1.75, 11, 2 ], "texture": "#voxels_atlas" },
				"up": { "uv": [ 10.75, 1.75, 11, 1.5 ], "texture": "#voxels_atlas" },
				"north": { "uv": [ 11, 1.25, 10.75, 1.5 ], "texture": "#voxels_atlas" },
				"south": { "uv": [ 10.75, 1, 11, 1.25 ], "texture": "#voxels_atlas" },
				"west": { "uv": [ 10.75, 0.75, 11, 1 ], "texture": "#voxels_atlas" },
				"east": { "uv": [ 11, 0.5, 10.75, 0.75 ], "texture": "#voxels_atlas" }
			}
		},
		{
			"__comment": "Voxels",
			"from": [ 6.1818, 0.5455, 5.6364 ],
			"to": [ 6.363618, 0.7273182, 6.181854 ],
			"faces": {
				"down": { "uv": [ 2.75, 0.25, 3, 1 ], "texture": "#voxels_atlas" },
				"up": { "uv": [ 9, 14.75, 9.25, 14 ], "texture": "#voxels_atlas" },
				"north": { "uv": [ 11.25, 4.75, 11, 5 ], "texture": "#voxels_atlas" },
				"south": { "uv": [ 11.25, 4.75, 11.5, 5 ], "texture": "#voxels_atlas" },
				"west": { "uv": [ 6.75, 0, 7.5, 0.25 ], "texture": "#voxels_atlas" },
				"east": { "uv": [ 8.75, 7.75, 8, 8 ], "texture": "#voxels_atlas" }
			}
		},
		{
			"__comment": "Voxels",
			"from": [ 6.1818, 0.5455, 6.7273 ],
			"to": [ 6.363618, 0.7273182, 7.272754 ],
			"faces": {
				"down": { "uv": [ 10.75, 14, 11, 14.75 ], "texture": "#voxels_atlas" },
				"up": { "uv": [ 15.75, 15.25, 16, 14.5 ], "texture": "#voxels_atlas" },
				"north": { "uv": [ 12.75, 4.75, 12.5, 5 ], "texture": "#voxels_atlas" },
				"south": { "uv": [ 12.75, 4.75, 13, 5 ], "texture": "#voxels_atlas" },
				"west": { "uv": [ 13.25, 7.75, 14, 8 ], "texture": "#voxels_atlas" },
				"east": { "uv": [ 14.75, 7.75, 14, 8 ], "texture": "#voxels_atlas" }
			}
		},
		{
			"__comment": "Voxels",
			"from": [ 6.1818, 0.5455, 14.1818 ],
			"to": [ 6.545436, 0.7273182, 14.36362 ],
			"faces": {
				"down": { "uv": [ 14.75, 5.75, 15.25, 6 ], "texture": "#voxels_atlas" },
				"up": { "uv": [ 15.25, 6, 15.75, 5.75 ], "texture": "#voxels_atlas" },
				"north": { "uv": [ 10.5, 5.5, 10, 5.75 ], "texture": "#voxels_atlas" },
				"south": { "uv": [ 10.5, 5.5, 11, 5.75 ], "texture": "#voxels_atlas" },
				"west": { "uv": [ 14.5, 4.75, 14.75, 5 ], "texture": "#voxels_atlas" },
				"east": { "uv": [ 15, 4.75, 14.75, 5 ], "texture": "#voxels_atlas" }
			}
		},
		{
			"__comment": "Voxels",
			"from": [ 6.1818, 0.7273, 12.3636 ],
			"to": [ 6.363618, 0.9091182, 12.54542 ],
			"faces": {
				"down": { "uv": [ 15, 4.75, 15.25, 5 ], "texture": "#voxels_atlas" },
				"up": { "uv": [ 15.25, 5, 15.5, 4.75 ], "texture": "#voxels_atlas" },
				"north": { "uv": [ 15.75, 4.75, 15.5, 5 ], "texture": "#voxels_atlas" },
				"south": { "uv": [ 15.75, 4.75, 16, 5 ], "texture": "#voxels_atlas" },
				"west": { "uv": [ 11, 4.5, 11.25, 4.75 ], "texture": "#voxels_atlas" },
				"east": { "uv": [ 11.25, 4.25, 11, 4.5 ], "texture": "#voxels_atlas" }
			}
		},
		{
			"__comment": "Voxels",
			"from": [ 6.1818, 0.7273, 14.5455 ],
			"to": [ 6.363618, 0.9091182, 14.90914 ],
			"faces": {
				"down": { "uv": [ 9.75, 4.25, 10, 4.75 ], "texture": "#voxels_atlas" },
				"up": { "uv": [ 9.75, 4.25, 10, 3.75 ], "texture": "#voxels_atlas" },
				"north": { "uv": [ 11.25, 3.5, 11, 3.75 ], "texture": "#voxels_atlas" },
				"south": { "uv": [ 11, 3.25, 11.25, 3.5 ], "texture": "#voxels_atlas" },
				"west": { "uv": [ 11, 5.5, 11.5, 5.75 ], "texture": "#voxels_atlas" },
				"east": { "uv": [ 12, 5.5, 11.5, 5.75 ], "texture": "#voxels_atlas" }
			}
		},
		{
			"__comment": "Voxels",
			"from": [ 6.1818, 0.9091, 12.5455 ],
			"to": [ 6.363618, 1.090918, 12.90914 ],
			"faces": {
				"down": { "uv": [ 9.75, 3.25, 10, 3.75 ], "texture": "#voxels_atlas" },
				"up": { "uv": [ 9.75, 3.25, 10, 2.75 ], "texture": "#voxels_atlas" },
				"north": { "uv": [ 11.25, 2, 11, 2.25 ], "texture": "#voxels_atlas" },
				"south": { "uv": [ 11, 1.75, 11.25, 2 ], "texture": "#voxels_atlas" },
				"west": { "uv": [ 12, 5.5, 12.5, 5.75 ], "texture": "#voxels_atlas" },
				"east": { "uv": [ 13, 5.5, 12.5, 5.75 ], "texture": "#voxels_atlas" }
			}
		},
		{
			"__comment": "Voxels",
			"from": [ 6.1818, 1.0909, 12.9091 ],
			"to": [ 6.363618, 1.272718, 13.27274 ],
			"faces": {
				"down": { "uv": [ 9.75, 2.25, 10, 2.75 ], "texture": "#voxels_atlas" },
				"up": { "uv": [ 9.75, 2.25, 10, 1.75 ], "texture": "#voxels_atlas" },
				"north": { "uv": [ 11.25, 0.5, 11, 0.75 ], "texture": "#voxels_atlas" },
				"south": { "uv": [ 11, 0.25, 11.25, 0.5 ], "texture": "#voxels_atlas" },
				"west": { "uv": [ 13, 5.5, 13.5, 5.75 ], "texture": "#voxels_atlas" },
				"east": { "uv": [ 14, 5.5, 13.5, 5.75 ], "texture": "#voxels_atlas" }
			}
		},
		{
			"__comment": "Voxels",
			"from": [ 6.1818, 1.0909, 13.8182 ],
			"to": [ 6.363618, 1.272718, 14.00002 ],
			"faces": {
				"down": { "uv": [ 11.5, 4.5, 11.75, 4.75 ], "texture": "#voxels_atlas" },
				"up": { "uv": [ 11.75, 4.75, 12, 4.5 ], "texture": "#voxels_atlas" },
				"north": { "uv": [ 12.25, 4.5, 12, 4.75 ], "texture": "#voxels_atlas" },
				"south": { "uv": [ 12.25, 4.5, 12.5, 4.75 ], "texture": "#voxels_atlas" },
				"west": { "uv": [ 12.5, 4.5, 12.75, 4.75 ], "texture": "#voxels_atlas" },
				"east": { "uv": [ 13, 4.5, 12.75, 4.75 ], "texture": "#voxels_atlas" }
			}
		},
		{
			"__comment": "Voxels",
			"from": [ 6.3636, 0.3636, 13.0909 ],
			"to": [ 6.545418, 1.090873, 13.27272 ],
			"faces": {
				"down": { "uv": [ 13, 4.5, 13.25, 4.75 ], "texture": "#voxels_atlas" },
				"up": { "uv": [ 13.25, 4.75, 13.5, 4.5 ], "texture": "#voxels_atlas" },
				"north": { "uv": [ 1.75, 5, 1.5, 6 ], "texture": "#voxels_atlas" },
				"south": { "uv": [ 1.25, 5, 1.5, 6 ], "texture": "#voxels_atlas" },
				"west": { "uv": [ 1.25, 3.5, 1.5, 4.5 ], "texture": "#voxels_atlas" },
				"east": { "uv": [ 1.75, 3.5, 1.5, 4.5 ], "texture": "#voxels_atlas" }
			}
		},
		{
			"__comment": "Voxels",
			"from": [ 6.3636, 0.3636, 13.6364 ],
			"to": [ 6.545418, 0.5454181, 13.81822 ],
			"faces": {
				"down": { "uv": [ 14.5, 4.5, 14.75, 4.75 ], "texture": "#voxels_atlas" },
				"up": { "uv": [ 14.75, 4.75, 15, 4.5 ], "texture": "#voxels_atlas" },
				"north": { "uv": [ 15.25, 4.5, 15, 4.75 ], "texture": "#voxels_atlas" },
				"south": { "uv": [ 15.25, 4.5, 15.5, 4.75 ], "texture": "#voxels_atlas" },
				"west": { "uv": [ 15.5, 4.5, 15.75, 4.75 ], "texture": "#voxels_atlas" },
				"east": { "uv": [ 16, 4.5, 15.75, 4.75 ], "texture": "#voxels_atlas" }
			}
		},
		{
			"__comment": "Voxels",
			"from": [ 6.3636, 0.3636, 14.1818 ],
			"to": [ 6.545418, 0.5454181, 14.54544 ],
			"faces": {
				"down": { "uv": [ 9.75, 1.25, 10, 1.75 ], "texture": "#voxels_atlas" },
				"up": { "uv": [ 9.75, 1.25, 10, 0.75 ], "texture": "#voxels_atlas" },
				"north": { "uv": [ 11.5, 3.75, 11.25, 4 ], "texture": "#voxels_atlas" },
				"south": { "uv": [ 11.25, 3.5, 11.5, 3.75 ], "texture": "#voxels_atlas" },
				"west": { "uv": [ 14, 5.5, 14.5, 5.75 ], "texture": "#voxels_atlas" },
				"east": { "uv": [ 15, 5.5, 14.5, 5.75 ], "texture": "#voxels_atlas" }
			}
		},
		{
			"__comment": "Voxels",
			"from": [ 6.3636, 0.5455, 12.9091 ],
			"to": [ 6.545418, 0.9091364, 13.09092 ],
			"faces": {
				"down": { "uv": [ 11.25, 2.75, 11.5, 3 ], "texture": "#voxels_atlas" },
				"up": { "uv": [ 11.25, 2.75, 11.5, 2.5 ], "texture": "#voxels_atlas" },
				"north": { "uv": [ 10, 0.25, 9.75, 0.75 ], "texture": "#voxels_atlas" },
				"south": { "uv": [ 10, 5, 10.25, 5.5 ], "texture": "#voxels_atlas" },
				"west": { "uv": [ 10, 4.5, 10.25, 5 ], "texture": "#voxels_atlas" },
				"east": { "uv": [ 10.25, 4, 10, 4.5 ], "texture": "#voxels_atlas" }
			}
		},
		{
			"__comment": "Voxels",
			"from": [ 6.3636, 0.5455, 14 ],
			"to": [ 6.545418, 0.7273182, 14.18182 ],
			"faces": {
				"down": { "uv": [ 11.25, 1.25, 11.5, 1.5 ], "texture": "#voxels_atlas" },
				"up": { "uv": [ 11.25, 1.25, 11.5, 1 ], "texture": "#voxels_atlas" },
				"north": { "uv": [ 11.5, 0.75, 11.25, 1 ], "texture": "#voxels_atlas" },
				"south": { "uv": [ 11.25, 0.5, 11.5, 0.75 ], "texture": "#voxels_atlas" },
				"west": { "uv": [ 11.25, 0.25, 11.5, 0.5 ], "texture": "#voxels_atlas" },
				"east": { "uv": [ 11.5, 0, 11.25, 0.25 ], "texture": "#voxels_atlas" }
			}
		},
		{
			"__comment": "Voxels",
			"from": [ 6.3636, 0.5455, 14.3636 ],
			"to": [ 6.545418, 0.7273182, 14.54542 ],
			"faces": {
				"down": { "uv": [ 11.5, 4.25, 11.75, 4.5 ], "texture": "#voxels_atlas" },
				"up": { "uv": [ 11.75, 4.5, 12, 4.25 ], "texture": "#voxels_atlas" },
				"north": { "uv": [ 12.25, 4.25, 12, 4.5 ], "texture": "#voxels_atlas" },
				"south": { "uv": [ 12.25, 4.25, 12.5, 4.5 ], "texture": "#voxels_atlas" },
				"west": { "uv": [ 12.5, 4.25, 12.75, 4.5 ], "texture": "#voxels_atlas" },
				"east": { "uv": [ 13, 4.25, 12.75, 4.5 ], "texture": "#voxels_atlas" }
			}
		},
		{
			"__comment": "Voxels",
			"from": [ 6.3636, 0.7273, 14.1818 ],
			"to": [ 6.545418, 0.9091182, 14.36362 ],
			"faces": {
				"down": { "uv": [ 13, 4.25, 13.25, 4.5 ], "texture": "#voxels_atlas" },
				"up": { "uv": [ 13.25, 4.5, 13.5, 4.25 ], "texture": "#voxels_atlas" },
				"north": { "uv": [ 13.75, 4.25, 13.5, 4.5 ], "texture": "#voxels_atlas" },
				"south": { "uv": [ 13.75, 4.25, 14, 4.5 ], "texture": "#voxels_atlas" },
				"west": { "uv": [ 14, 4.25, 14.25, 4.5 ], "texture": "#voxels_atlas" },
				"east": { "uv": [ 14.5, 4.25, 14.25, 4.5 ], "texture": "#voxels_atlas" }
			}
		},
		{
			"__comment": "Voxels",
			"from": [ 6.3636, 1.0909, 13.2727 ],
			"to": [ 6.545418, 1.272718, 13.45452 ],
			"faces": {
				"down": { "uv": [ 14.5, 4.25, 14.75, 4.5 ], "texture": "#voxels_atlas" },
				"up": { "uv": [ 14.75, 4.5, 15, 4.25 ], "texture": "#voxels_atlas" },
				"north": { "uv": [ 15.25, 4.25, 15, 4.5 ], "texture": "#voxels_atlas" },
				"south": { "uv": [ 15.25, 4.25, 15.5, 4.5 ], "texture": "#voxels_atlas" },
				"west": { "uv": [ 15.5, 4.25, 15.75, 4.5 ], "texture": "#voxels_atlas" },
				"east": { "uv": [ 16, 4.25, 15.75, 4.5 ], "texture": "#voxels_atlas" }
			}
		},
		{
			"__comment": "Voxels",
			"from": [ 6.5455, 0.3636, 13.8182 ],
			"to": [ 6.727318, 0.5454181, 14.00002 ],
			"faces": {
				"down": { "uv": [ 11.5, 4, 11.75, 4.25 ], "texture": "#voxels_atlas" },
				"up": { "uv": [ 11.5, 4, 11.75, 3.75 ], "texture": "#voxels_atlas" },
				"north": { "uv": [ 11.75, 3.5, 11.5, 3.75 ], "texture": "#voxels_atlas" },
				"south": { "uv": [ 11.5, 3.25, 11.75, 3.5 ], "texture": "#voxels_atlas" },
				"west": { "uv": [ 11.5, 3, 11.75, 3.25 ], "texture": "#voxels_atlas" },
				"east": { "uv": [ 11.75, 2.75, 11.5, 3 ], "texture": "#voxels_atlas" }
			}
		},
		{
			"__comment": "Voxels",
			"from": [ 6.5455, 0.5455, 13.0909 ],
			"to": [ 6.727318, 0.7273182, 13.27272 ],
			"faces": {
				"down": { "uv": [ 11.5, 2.5, 11.75, 2.75 ], "texture": "#voxels_atlas" },
				"up": { "uv": [ 11.5, 2.5, 11.75, 2.25 ], "texture": "#voxels_atlas" },
				"north": { "uv": [ 11.75, 2, 11.5, 2.25 ], "texture": "#voxels_atlas" },
				"south": { "uv": [ 11.5, 1.75, 11.75, 2 ], "texture": "#voxels_atlas" },
				"west": { "uv": [ 11.5, 1.5, 11.75, 1.75 ], "texture": "#voxels_atlas" },
				"east": { "uv": [ 11.75, 1.25, 11.5, 1.5 ], "texture": "#voxels_atlas" }
			}
		},
		{
			"__comment": "Voxels",
			"from": [ 6.5455, 0.5455, 14.5455 ],
			"to": [ 6.727318, 0.7273182, 14.90914 ],
			"faces": {
				"down": { "uv": [ 10, 3.5, 10.25, 4 ], "texture": "#voxels_atlas" },
				"up": { "uv": [ 10, 3.5, 10.25, 3 ], "texture": "#voxels_atlas" },
				"north": { "uv": [ 11.75, 0.5, 11.5, 0.75 ], "texture": "#voxels_atlas" },
				"south": { "uv": [ 11.5, 0.25, 11.75, 0.5 ], "texture": "#voxels_atlas" },
				"west": { "uv": [ 15, 5.5, 15.5, 5.75 ], "texture": "#voxels_atlas" },
				"east": { "uv": [ 16, 5.5, 15.5, 5.75 ], "texture": "#voxels_atlas" }
			}
		},
		{
			"__comment": "Voxels",
			"from": [ 6.5455, 0.7273, 13.6364 ],
			"to": [ 6.727318, 0.9091182, 13.81822 ],
			"faces": {
				"down": { "uv": [ 12, 4, 12.25, 4.25 ], "texture": "#voxels_atlas" },
				"up": { "uv": [ 12.25, 4.25, 12.5, 4 ], "texture": "#voxels_atlas" },
				"north": { "uv": [ 12.75, 4, 12.5, 4.25 ], "texture": "#voxels_atlas" },
				"south": { "uv": [ 12.75, 4, 13, 4.25 ], "texture": "#voxels_atlas" },
				"west": { "uv": [ 13, 4, 13.25, 4.25 ], "texture": "#voxels_atlas" },
				"east": { "uv": [ 13.5, 4, 13.25, 4.25 ], "texture": "#voxels_atlas" }
			}
		},
		{
			"__comment": "Voxels",
			"from": [ 6.5455, 0.7273, 14.3636 ],
			"to": [ 6.727318, 0.9091182, 14.54542 ],
			"faces": {
				"down": { "uv": [ 13.5, 4, 13.75, 4.25 ], "texture": "#voxels_atlas" },
				"up": { "uv": [ 13.75, 4.25, 14, 4 ], "texture": "#voxels_atlas" },
				"north": { "uv": [ 14.25, 4, 14, 4.25 ], "texture": "#voxels_atlas" },
				"south": { "uv": [ 14.25, 4, 14.5, 4.25 ], "texture": "#voxels_atlas" },
				"west": { "uv": [ 14.5, 4, 14.75, 4.25 ], "texture": "#voxels_atlas" },
				"east": { "uv": [ 15, 4, 14.75, 4.25 ], "texture": "#voxels_atlas" }
			}
		},
		{
			"__comment": "Voxels",
			"from": [ 6.5455, 0.9091, 14 ],
			"to": [ 6.909136, 1.090918, 14.18182 ],
			"faces": {
				"down": { "uv": [ 10.25, 5.25, 10.75, 5.5 ], "texture": "#voxels_atlas" },
				"up": { "uv": [ 10.75, 5.5, 11.25, 5.25 ], "texture": "#voxels_atlas" },
				"north": { "uv": [ 11.75, 5.25, 11.25, 5.5 ], "texture": "#voxels_atlas" },
				"south": { "uv": [ 11.75, 5.25, 12.25, 5.5 ], "texture": "#voxels_atlas" },
				"west": { "uv": [ 11.75, 3.75, 12, 4 ], "texture": "#voxels_atlas" },
				"east": { "uv": [ 12, 3.5, 11.75, 3.75 ], "texture": "#voxels_atlas" }
			}
		},
		{
			"__comment": "Voxels",
			"from": [ 6.7273, 0.5455, 14 ],
			"to": [ 7.090936, 0.7273182, 14.18182 ],
			"faces": {
				"down": { "uv": [ 12.25, 5.25, 12.75, 5.5 ], "texture": "#voxels_atlas" },
				"up": { "uv": [ 12.75, 5.5, 13.25, 5.25 ], "texture": "#voxels_atlas" },
				"north": { "uv": [ 13.75, 5.25, 13.25, 5.5 ], "texture": "#voxels_atlas" },
				"south": { "uv": [ 13.75, 5.25, 14.25, 5.5 ], "texture": "#voxels_atlas" },
				"west": { "uv": [ 11.75, 2.25, 12, 2.5 ], "texture": "#voxels_atlas" },
				"east": { "uv": [ 12, 2, 11.75, 2.25 ], "texture": "#voxels_atlas" }
			}
		},
		{
			"__comment": "Voxels",
			"from": [ 6.7273, 0.5455, 14.7273 ],
			"to": [ 6.909118, 0.7273182, 14.90912 ],
			"faces": {
				"down": { "uv": [ 11.75, 1.75, 12, 2 ], "texture": "#voxels_atlas" },
				"up": { "uv": [ 11.75, 1.75, 12, 1.5 ], "texture": "#voxels_atlas" },
				"north": { "uv": [ 12, 1.25, 11.75, 1.5 ], "texture": "#voxels_atlas" },
				"south": { "uv": [ 11.75, 1, 12, 1.25 ], "texture": "#voxels_atlas" },
				"west": { "uv": [ 11.75, 0.75, 12, 1 ], "texture": "#voxels_atlas" },
				"east": { "uv": [ 12, 0.5, 11.75, 0.75 ], "texture": "#voxels_atlas" }
			}
		},
		{
			"__comment": "Voxels",
			"from": [ 6.7273, 0.7273, 14 ],
			"to": [ 6.909118, 0.9091182, 14.36364 ],
			"faces": {
				"down": { "uv": [ 10, 2.5, 10.25, 3 ], "texture": "#voxels_atlas" },
				"up": { "uv": [ 10, 2.5, 10.25, 2 ], "texture": "#voxels_atlas" },
				"north": { "uv": [ 12.25, 3.75, 12, 4 ], "texture": "#voxels_atlas" },
				"south": { "uv": [ 12.25, 3.75, 12.5, 4 ], "texture": "#voxels_atlas" },
				"west": { "uv": [ 14.25, 5.25, 14.75, 5.5 ], "texture": "#voxels_atlas" },
				"east": { "uv": [ 15.25, 5.25, 14.75, 5.5 ], "texture": "#voxels_atlas" }
			}
		},
		{
			"__comment": "Voxels",
			"from": [ 6.9091, 0.5455, 14.1818 ],
			"to": [ 7.090918, 0.7273182, 14.36362 ],
			"faces": {
				"down": { "uv": [ 13, 3.75, 13.25, 4 ], "texture": "#voxels_atlas" },
				"up": { "uv": [ 13.25, 4, 13.5, 3.75 ], "texture": "#voxels_atlas" },
				"north": { "uv": [ 13.75, 3.75, 13.5, 4 ], "texture": "#voxels_atlas" },
				"south": { "uv": [ 13.75, 3.75, 14, 4 ], "texture": "#voxels_atlas" },
				"west": { "uv": [ 14, 3.75, 14.25, 4 ], "texture": "#voxels_atlas" },
				"east": { "uv": [ 14.5, 3.75, 14.25, 4 ], "texture": "#voxels_atlas" }
			}
		}
	],
	"display": {
		"thirdperson_righthand": {
			"rotation":  [ 90, 0, 90 ],
			"translation":  [ -14.75, 2, 5.5 ],
			"scale":  [ 2, 2, 2 ]
		},
		"thirdperson_lefthand": {
			"rotation":  [ 90, 0, -90 ],
			"translation":  [ 14.75, 2, 5.5 ],
			"scale":  [ 2, 2, 2 ]
		},
		"firstperson_righthand": {
			"rotation":  [ 90, 0, 90 ],
			"translation":  [ -7, 5, 5 ]
		},
		"firstperson_lefthand": {
			"rotation":  [ 90, 0, -90 ],
			"translation":  [ 8, 5, 5 ]
		},
		"gui": {
			"rotation":  [ 90, -45, 0 ],
			"translation":  [ 1, -2, 0 ],
			"scale":  [ 1.25, 1.25, 1.25 ]
		},
		"head": {
			"translation":  [ 2, 15, 0 ]
		},
		"ground": {
			"translation":  [ 4, 9, 1 ],
			"scale":  [ 2, 2, 2 ]
		},
		"fixed": {
			"rotation":  [ 90, 0, 180 ],
			"translation":  [ -2.5, -0.5, -7 ]
		}
	}
}