{
	"__comment": "Designed by Dragon2212 with Cubik Studio - https://cubik.studio",
	"textures": {
		"voxels_atlas": "items/backhoe"
	},
	"elements": [ 	 
		{
			"__comment": "Voxels",
			"from": [ 6.2222, 0.381, 3.4286 ],
			"to": [ 9.269819, 0.5079841, 3.936536 ],
			"faces": {
				"down": { "uv": [ 0.75, 15.5, 3.75, 16 ], "texture": "#voxels_atlas" },
				"up": { "uv": [ 0.75, 15.5, 3.75, 15 ], "texture": "#voxels_atlas" },
				"north": { "uv": [ 13.375, 15.875, 10.375, 16 ], "texture": "#voxels_atlas" },
				"south": { "uv": [ 10.375, 15.75, 13.375, 15.875 ], "texture": "#voxels_atlas" },
				"west": { "uv": [ 4, 9.5, 4.5, 9.625 ], "texture": "#voxels_atlas" },
				"east": { "uv": [ 4.5, 9.625, 4, 9.75 ], "texture": "#voxels_atlas" }
			}
		},
		{
			"__comment": "Voxels",
			"from": [ 6.3492, 0.254, 3.4286 ],
			"to": [ 7.746025, 0.3809841, 3.809552 ],
			"faces": {
				"down": { "uv": [ 1.25, 14, 2.625, 14.375 ], "texture": "#voxels_atlas" },
				"up": { "uv": [ 1.25, 14, 2.625, 13.625 ], "texture": "#voxels_atlas" },
				"north": { "uv": [ 3.25, 8.375, 1.875, 8.5 ], "texture": "#voxels_atlas" },
				"south": { "uv": [ 1.875, 8.875, 3.25, 9 ], "texture": "#voxels_atlas" },
				"west": { "uv": [ 3.375, 11.625, 3.75, 11.75 ], "texture": "#voxels_atlas" },
				"east": { "uv": [ 3.75, 9.75, 3.375, 9.875 ], "texture": "#voxels_atlas" }
			}
		},
		{
			"__comment": "Voxels",
			"from": [ 6.3492, 0.381, 2.7937 ],
			"to": [ 7.365073, 0.5079841, 3.428621 ],
			"faces": {
				"down": { "uv": [ 1.25, 14.375, 2.25, 15 ], "texture": "#voxels_atlas" },
				"up": { "uv": [ 2.25, 15, 3.25, 14.375 ], "texture": "#voxels_atlas" },
				"north": { "uv": [ 5.75, 13.25, 4.75, 13.375 ], "texture": "#voxels_atlas" },
				"south": { "uv": [ 3.75, 13.25, 4.75, 13.375 ], "texture": "#voxels_atlas" },
				"west": { "uv": [ 5.625, 11.375, 6.25, 11.5 ], "texture": "#voxels_atlas" },
				"east": { "uv": [ 4.375, 10, 3.75, 10.125 ], "texture": "#voxels_atlas" }
			}
		},
		{
			"__comment": "Voxels",
			"from": [ 6.3492, 0.381, 3.9365 ],
			"to": [ 9.269835, 0.5079841, 4.063484 ],
			"faces": {
				"down": { "uv": [ 10.375, 15.5, 13.25, 15.625 ], "texture": "#voxels_atlas" },
				"up": { "uv": [ 10.25, 15.5, 13.125, 15.375 ], "texture": "#voxels_atlas" },
				"north": { "uv": [ 16, 15.375, 13.125, 15.5 ], "texture": "#voxels_atlas" },
				"south": { "uv": [ 10.375, 15.625, 13.25, 15.75 ], "texture": "#voxels_atlas" },
				"west": { "uv": [ 6.25, 11.625, 6.375, 11.75 ], "texture": "#voxels_atlas" },
				"east": { "uv": [ 7.375, 10.5, 7.25, 10.625 ], "texture": "#voxels_atlas" }
			}
		},
		{
			"__comment": "Voxels",
			"from": [ 6.3492, 0.381, 4.0635 ],
			"to": [ 7.87301, 0.5079841, 4.190484 ],
			"faces": {
				"down": { "uv": [ 1.875, 9.375, 3.375, 9.5 ], "texture": "#voxels_atlas" },
				"up": { "uv": [ 1.875, 9.875, 3.375, 9.75 ], "texture": "#voxels_atlas" },
				"north": { "uv": [ 3.375, 9.625, 1.875, 9.75 ], "texture": "#voxels_atlas" },
				"south": { "uv": [ 1.875, 9.5, 3.375, 9.625 ], "texture": "#voxels_atlas" },
				"west": { "uv": [ 7.375, 14.75, 7.5, 14.875 ], "texture": "#voxels_atlas" },
				"east": { "uv": [ 7.5, 14.625, 7.375, 14.75 ], "texture": "#voxels_atlas" }
			}
		},
		{
			"__comment": "Voxels",
			"from": [ 6.3492, 0.381, 4.1905 ],
			"to": [ 7.746025, 0.5079841, 4.444468 ],
			"faces": {
				"down": { "uv": [ 2, 12, 3.375, 12.25 ], "texture": "#voxels_atlas" },
				"up": { "uv": [ 2, 12, 3.375, 11.75 ], "texture": "#voxels_atlas" },
				"north": { "uv": [ 3.25, 9.125, 1.875, 9.25 ], "texture": "#voxels_atlas" },
				"south": { "uv": [ 1.875, 9.25, 3.25, 9.375 ], "texture": "#voxels_atlas" },
				"west": { "uv": [ 6.5, 9.625, 6.75, 9.75 ], "texture": "#voxels_atlas" },
				"east": { "uv": [ 6.75, 9.5, 6.5, 9.625 ], "texture": "#voxels_atlas" }
			}
		},
		{
			"__comment": "Voxels",
			"from": [ 6.3492, 0.381, 4.4444 ],
			"to": [ 7.619041, 0.5079841, 4.698368 ],
			"faces": {
				"down": { "uv": [ 2.5, 10.375, 3.75, 10.625 ], "texture": "#voxels_atlas" },
				"up": { "uv": [ 1.25, 10.625, 2.5, 10.375 ], "texture": "#voxels_atlas" },
				"north": { "uv": [ 3.125, 8, 1.875, 8.125 ], "texture": "#voxels_atlas" },
				"south": { "uv": [ 1.875, 8.125, 3.125, 8.25 ], "texture": "#voxels_atlas" },
				"west": { "uv": [ 6.375, 8.75, 6.625, 8.875 ], "texture": "#voxels_atlas" },
				"east": { "uv": [ 6.625, 8.625, 6.375, 8.75 ], "texture": "#voxels_atlas" }
			}
		},
		{
			"__comment": "Voxels",
			"from": [ 6.3492, 0.5079, 3.4286 ],
			"to": [ 7.746025, 0.6348841, 3.809552 ],
			"faces": {
				"down": { "uv": [ 1.25, 13.25, 2.625, 13.625 ], "texture": "#voxels_atlas" },
				"up": { "uv": [ 1.25, 13.25, 2.625, 12.875 ], "texture": "#voxels_atlas" },
				"north": { "uv": [ 3.25, 8.25, 1.875, 8.375 ], "texture": "#voxels_atlas" },
				"south": { "uv": [ 1.875, 8.5, 3.25, 8.625 ], "texture": "#voxels_atlas" },
				"west": { "uv": [ 6, 14.125, 6.375, 14.25 ], "texture": "#voxels_atlas" },
				"east": { "uv": [ 6.375, 14, 6, 14.125 ], "texture": "#voxels_atlas" }
			}
		},
		{
			"__comment": "Voxels",
			"from": [ 6.4762, 0.254, 2.7937 ],
			"to": [ 7.238104, 0.3809841, 3.428621 ],
			"faces": {
				"down": { "uv": [ 1.25, 12.25, 2, 12.875 ], "texture": "#voxels_atlas" },
				"up": { "uv": [ 1.25, 12.25, 2, 11.625 ], "texture": "#voxels_atlas" },
				"north": { "uv": [ 4.75, 11.875, 4, 12 ], "texture": "#voxels_atlas" },
				"south": { "uv": [ 4, 11.75, 4.75, 11.875 ], "texture": "#voxels_atlas" },
				"west": { "uv": [ 4.375, 10.875, 5, 11 ], "texture": "#voxels_atlas" },
				"east": { "uv": [ 4.375, 10.875, 3.75, 11 ], "texture": "#voxels_atlas" }
			}
		},
		{
			"__comment": "Voxels",
			"from": [ 6.4762, 0.254, 3.8095 ],
			"to": [ 9.142866, 0.3809841, 3.936484 ],
			"faces": {
				"down": { "uv": [ 3.75, 15, 6.375, 15.125 ], "texture": "#voxels_atlas" },
				"up": { "uv": [ 3.75, 15.25, 6.375, 15.125 ], "texture": "#voxels_atlas" },
				"north": { "uv": [ 16, 15.75, 13.375, 15.875 ], "texture": "#voxels_atlas" },
				"south": { "uv": [ 13.375, 15.875, 16, 16 ], "texture": "#voxels_atlas" },
				"west": { "uv": [ 7.375, 14.5, 7.5, 14.625 ], "texture": "#voxels_atlas" },
				"east": { "uv": [ 7.5, 13.875, 7.375, 14 ], "texture": "#voxels_atlas" }
			}
		},
		{
			"__comment": "Voxels",
			"from": [ 6.4762, 0.254, 3.9365 ],
			"to": [ 7.746041, 0.3809841, 4.063484 ],
			"faces": {
				"down": { "uv": [ 4.375, 14.875, 5.625, 15 ], "texture": "#voxels_atlas" },
				"up": { "uv": [ 4.375, 14.875, 5.625, 14.75 ], "texture": "#voxels_atlas" },
				"north": { "uv": [ 5, 14.625, 3.75, 14.75 ], "texture": "#voxels_atlas" },
				"south": { "uv": [ 5, 14.625, 6.25, 14.75 ], "texture": "#voxels_atlas" },
				"west": { "uv": [ 7.375, 13.75, 7.5, 13.875 ], "texture": "#voxels_atlas" },
				"east": { "uv": [ 7.5, 12.375, 7.375, 12.5 ], "texture": "#voxels_atlas" }
			}
		},
		{
			"__comment": "Voxels",
			"from": [ 6.4762, 0.254, 4.0635 ],
			"to": [ 7.619057, 0.3809841, 4.317468 ],
			"faces": {
				"down": { "uv": [ 2.625, 11.125, 3.75, 11.375 ], "texture": "#voxels_atlas" },
				"up": { "uv": [ 2.625, 13.25, 3.75, 13 ], "texture": "#voxels_atlas" },
				"north": { "uv": [ 6, 14.125, 4.875, 14.25 ], "texture": "#voxels_atlas" },
				"south": { "uv": [ 3.75, 14, 4.875, 14.125 ], "texture": "#voxels_atlas" },
				"west": { "uv": [ 6.375, 8, 6.625, 8.125 ], "texture": "#voxels_atlas" },
				"east": { "uv": [ 7, 15.125, 6.75, 15.25 ], "texture": "#voxels_atlas" }
			}
		},
		{
			"__comment": "Voxels",
			"from": [ 6.4762, 0.254, 4.3175 ],
			"to": [ 7.492073, 0.3809841, 4.571468 ],
			"faces": {
				"down": { "uv": [ 1.25, 10.125, 2.25, 10.375 ], "texture": "#voxels_atlas" },
				"up": { "uv": [ 2.625, 11.125, 3.625, 10.875 ], "texture": "#voxels_atlas" },
				"north": { "uv": [ 4.75, 13.5, 3.75, 13.625 ], "texture": "#voxels_atlas" },
				"south": { "uv": [ 4.75, 13.5, 5.75, 13.625 ], "texture": "#voxels_atlas" },
				"west": { "uv": [ 6.75, 15, 7, 15.125 ], "texture": "#voxels_atlas" },
				"east": { "uv": [ 7, 14.875, 6.75, 15 ], "texture": "#voxels_atlas" }
			}
		},
		{
			"__comment": "Voxels",
			"from": [ 6.4762, 0.381, 2.4127 ],
			"to": [ 7.365088, 0.5079841, 2.793652 ],
			"faces": {
				"down": { "uv": [ 2.625, 13.625, 3.5, 14 ], "texture": "#voxels_atlas" },
				"up": { "uv": [ 2.625, 14.375, 3.5, 14 ], "texture": "#voxels_atlas" },
				"north": { "uv": [ 4.625, 12.5, 3.75, 12.625 ], "texture": "#voxels_atlas" },
				"south": { "uv": [ 4.625, 12.5, 5.5, 12.625 ], "texture": "#voxels_atlas" },
				"west": { "uv": [ 6, 9.875, 6.375, 10 ], "texture": "#voxels_atlas" },
				"east": { "uv": [ 4.5, 8.25, 4.125, 8.375 ], "texture": "#voxels_atlas" }
			}
		},
		{
			"__comment": "Voxels",
			"from": [ 6.4762, 0.381, 4.6984 ],
			"to": [ 7.619057, 0.5079841, 4.825384 ],
			"faces": {
				"down": { "uv": [ 4.875, 14, 6, 14.125 ], "texture": "#voxels_atlas" },
				"up": { "uv": [ 3.75, 14, 4.875, 13.875 ], "texture": "#voxels_atlas" },
				"north": { "uv": [ 3.75, 13.25, 2.625, 13.375 ], "texture": "#voxels_atlas" },
				"south": { "uv": [ 2.625, 12.875, 3.75, 13 ], "texture": "#voxels_atlas" },
				"west": { "uv": [ 7.375, 10.125, 7.5, 10.25 ], "texture": "#voxels_atlas" },
				"east": { "uv": [ 7.5, 10, 7.375, 10.125 ], "texture": "#voxels_atlas" }
			}
		},
		{
			"__comment": "Voxels",
			"from": [ 6.4762, 0.381, 4.8254 ],
			"to": [ 7.492073, 0.5079841, 4.952384 ],
			"faces": {
				"down": { "uv": [ 3.75, 13.75, 4.75, 13.875 ], "texture": "#voxels_atlas" },
				"up": { "uv": [ 4.75, 13.875, 5.75, 13.75 ], "texture": "#voxels_atlas" },
				"north": { "uv": [ 4.75, 13.625, 3.75, 13.75 ], "texture": "#voxels_atlas" },
				"south": { "uv": [ 4.75, 13.625, 5.75, 13.75 ], "texture": "#voxels_atlas" },
				"west": { "uv": [ 7.375, 9.625, 7.5, 9.75 ], "texture": "#voxels_atlas" },
				"east": { "uv": [ 7.5, 9.5, 7.375, 9.625 ], "texture": "#voxels_atlas" }
			}
		},
		{
			"__comment": "Voxels",
			"from": [ 6.4762, 0.5079, 2.7937 ],
			"to": [ 7.238104, 0.6348841, 3.428621 ],
			"faces": {
				"down": { "uv": [ 2, 12.25, 2.75, 12.875 ], "texture": "#voxels_atlas" },
				"up": { "uv": [ 2.75, 12.875, 3.5, 12.25 ], "texture": "#voxels_atlas" },
				"north": { "uv": [ 4.75, 11.625, 4, 11.75 ], "texture": "#voxels_atlas" },
				"south": { "uv": [ 4, 11.5, 4.75, 11.625 ], "texture": "#voxels_atlas" },
				"west": { "uv": [ 5.625, 11.5, 6.25, 11.625 ], "texture": "#voxels_atlas" },
				"east": { "uv": [ 5.625, 11.375, 5, 11.5 ], "texture": "#voxels_atlas" }
			}
		},
		{
			"__comment": "Voxels",
			"from": [ 6.4762, 0.5079, 3.8095 ],
			"to": [ 9.142866, 0.6348841, 3.936484 ],
			"faces": {
				"down": { "uv": [ 10.25, 15.25, 12.875, 15.375 ], "texture": "#voxels_atlas" },
				"up": { "uv": [ 12.875, 15.375, 15.5, 15.25 ], "texture": "#voxels_atlas" },
				"north": { "uv": [ 15.875, 15.625, 13.25, 15.75 ], "texture": "#voxels_atlas" },
				"south": { "uv": [ 13.25, 15.5, 15.875, 15.625 ], "texture": "#voxels_atlas" },
				"west": { "uv": [ 7.5, 15.125, 7.625, 15.25 ], "texture": "#voxels_atlas" },
				"east": { "uv": [ 7.625, 15, 7.5, 15.125 ], "texture": "#voxels_atlas" }
			}
		},
		{
			"__comment": "Voxels",
			"from": [ 6.4762, 0.5079, 3.9365 ],
			"to": [ 7.746041, 0.6348841, 4.063484 ],
			"faces": {
				"down": { "uv": [ 4.375, 14.375, 5.625, 14.5 ], "texture": "#voxels_atlas" },
				"up": { "uv": [ 3.75, 14.375, 5, 14.25 ], "texture": "#voxels_atlas" },
				"north": { "uv": [ 6.25, 14.25, 5, 14.375 ], "texture": "#voxels_atlas" },
				"south": { "uv": [ 4.375, 14.5, 5.625, 14.625 ], "texture": "#voxels_atlas" },
				"west": { "uv": [ 7.5, 14.625, 7.625, 14.75 ], "texture": "#voxels_atlas" },
				"east": { "uv": [ 7.625, 14.5, 7.5, 14.625 ], "texture": "#voxels_atlas" }
			}
		},
		{
			"__comment": "Voxels",
			"from": [ 6.4762, 0.5079, 4.0635 ],
			"to": [ 7.619057, 0.6348841, 4.317468 ],
			"faces": {
				"down": { "uv": [ 2.625, 11.375, 3.75, 11.625 ], "texture": "#voxels_atlas" },
				"up": { "uv": [ 2.625, 13.625, 3.75, 13.375 ], "texture": "#voxels_atlas" },
				"north": { "uv": [ 6, 13.875, 4.875, 14 ], "texture": "#voxels_atlas" },
				"south": { "uv": [ 3.75, 14.125, 4.875, 14.25 ], "texture": "#voxels_atlas" },
				"west": { "uv": [ 6.75, 14, 7, 14.125 ], "texture": "#voxels_atlas" },
				"east": { "uv": [ 7, 13.875, 6.75, 14 ], "texture": "#voxels_atlas" }
			}
		},
		{
			"__comment": "Voxels",
			"from": [ 6.4762, 0.5079, 4.3175 ],
			"to": [ 7.492073, 0.6348841, 4.571468 ],
			"faces": {
				"down": { "uv": [ 2.625, 10.625, 3.625, 10.875 ], "texture": "#voxels_atlas" },
				"up": { "uv": [ 2.25, 10.375, 3.25, 10.125 ], "texture": "#voxels_atlas" },
				"north": { "uv": [ 4.75, 13.375, 3.75, 13.5 ], "texture": "#voxels_atlas" },
				"south": { "uv": [ 4.75, 13.375, 5.75, 13.5 ], "texture": "#voxels_atlas" },
				"west": { "uv": [ 6.75, 13.75, 7, 13.875 ], "texture": "#voxels_atlas" },
				"east": { "uv": [ 7, 13.625, 6.75, 13.75 ], "texture": "#voxels_atlas" }
			}
		},
		{
			"__comment": "Voxels",
			"from": [ 6.6032, 0.254, 2.4127 ],
			"to": [ 7.111136, 0.3809841, 2.793652 ],
			"faces": {
				"down": { "uv": [ 3.25, 14.625, 3.75, 15 ], "texture": "#voxels_atlas" },
				"up": { "uv": [ 1.25, 9, 1.75, 8.625 ], "texture": "#voxels_atlas" },
				"north": { "uv": [ 3.75, 8.875, 3.25, 9 ], "texture": "#voxels_atlas" },
				"south": { "uv": [ 3.25, 9, 3.75, 9.125 ], "texture": "#voxels_atlas" },
				"west": { "uv": [ 4.5, 9.5, 4.875, 9.625 ], "texture": "#voxels_atlas" },
				"east": { "uv": [ 5.25, 9.5, 4.875, 9.625 ], "texture": "#voxels_atlas" }
			}
		},
		{
			"__comment": "Voxels",
			"from": [ 6.6032, 0.254, 4.5714 ],
			"to": [ 7.492089, 0.3809841, 4.698384 ],
			"faces": {
				"down": { "uv": [ 4.625, 12.625, 5.5, 12.75 ], "texture": "#voxels_atlas" },
				"up": { "uv": [ 5.5, 13, 6.375, 12.875 ], "texture": "#voxels_atlas" },
				"north": { "uv": [ 5.5, 12.75, 4.625, 12.875 ], "texture": "#voxels_atlas" },
				"south": { "uv": [ 3.75, 12.625, 4.625, 12.75 ], "texture": "#voxels_atlas" },
				"west": { "uv": [ 7.5, 9.125, 7.625, 9.25 ], "texture": "#voxels_atlas" },
				"east": { "uv": [ 7.625, 9, 7.5, 9.125 ], "texture": "#voxels_atlas" }
			}
		},
		{
			"__comment": "Voxels",
			"from": [ 6.6032, 0.254, 4.6984 ],
			"to": [ 7.365105, 0.3809841, 4.825384 ],
			"faces": {
				"down": { "uv": [ 4, 11.375, 4.75, 11.5 ], "texture": "#voxels_atlas" },
				"up": { "uv": [ 5, 12.125, 5.75, 12 ], "texture": "#voxels_atlas" },
				"north": { "uv": [ 6.375, 14.5, 5.625, 14.625 ], "texture": "#voxels_atlas" },
				"south": { "uv": [ 5.625, 14.375, 6.375, 14.5 ], "texture": "#voxels_atlas" },
				"west": { "uv": [ 7.5, 8.875, 7.625, 9 ], "texture": "#voxels_atlas" },
				"east": { "uv": [ 7.625, 8.75, 7.5, 8.875 ], "texture": "#voxels_atlas" }
			}
		},
		{
			"__comment": "Voxels",
			"from": [ 6.6032, 0.381, 2.0317 ],
			"to": [ 7.238121, 0.5079841, 2.412652 ],
			"faces": {
				"down": { "uv": [ 1.25, 9.75, 1.875, 10.125 ], "texture": "#voxels_atlas" },
				"up": { "uv": [ 1.25, 9.75, 1.875, 9.375 ], "texture": "#voxels_atlas" },
				"north": { "uv": [ 5, 10.5, 4.375, 10.625 ], "texture": "#voxels_atlas" },
				"south": { "uv": [ 3.75, 10.125, 4.375, 10.25 ], "texture": "#voxels_atlas" },
				"west": { "uv": [ 4.5, 9.25, 4.875, 9.375 ], "texture": "#voxels_atlas" },
				"east": { "uv": [ 4.875, 9.125, 4.5, 9.25 ], "texture": "#voxels_atlas" }
			}
		},
		{
			"__comment": "Voxels",
			"from": [ 6.6032, 0.381, 4.9524 ],
			"to": [ 7.365105, 0.5079841, 5.206368 ],
			"faces": {
				"down": { "uv": [ 2.625, 9.875, 3.375, 10.125 ], "texture": "#voxels_atlas" },
				"up": { "uv": [ 1.875, 10.125, 2.625, 9.875 ], "texture": "#voxels_atlas" },
				"north": { "uv": [ 4.5, 12.375, 3.75, 12.5 ], "texture": "#voxels_atlas" },
				"south": { "uv": [ 4.5, 12.375, 5.25, 12.5 ], "texture": "#voxels_atlas" },
				"west": { "uv": [ 6.75, 13, 7, 13.125 ], "texture": "#voxels_atlas" },
				"east": { "uv": [ 7, 12.875, 6.75, 13 ], "texture": "#voxels_atlas" }
			}
		},
		{
			"__comment": "Voxels",
			"from": [ 6.6032, 0.5079, 2.4127 ],
			"to": [ 7.111136, 0.6348841, 2.793652 ],
			"faces": {
				"down": { "uv": [ 1.25, 8.25, 1.75, 8.625 ], "texture": "#voxels_atlas" },
				"up": { "uv": [ 1.25, 9.375, 1.75, 9 ], "texture": "#voxels_atlas" },
				"north": { "uv": [ 4.5, 9, 4, 9.125 ], "texture": "#voxels_atlas" },
				"south": { "uv": [ 4, 8.875, 4.5, 9 ], "texture": "#voxels_atlas" },
				"west": { "uv": [ 4.5, 8.75, 4.875, 8.875 ], "texture": "#voxels_atlas" },
				"east": { "uv": [ 4.875, 8.625, 4.5, 8.75 ], "texture": "#voxels_atlas" }
			}
		},
		{
			"__comment": "Voxels",
			"from": [ 6.6032, 0.5079, 4.5714 ],
			"to": [ 7.492089, 0.6348841, 4.698384 ],
			"faces": {
				"down": { "uv": [ 4.625, 12.875, 5.5, 13 ], "texture": "#voxels_atlas" },
				"up": { "uv": [ 5.5, 12.75, 6.375, 12.625 ], "texture": "#voxels_atlas" },
				"north": { "uv": [ 5.5, 13.125, 4.625, 13.25 ], "texture": "#voxels_atlas" },
				"south": { "uv": [ 3.75, 13.125, 4.625, 13.25 ], "texture": "#voxels_atlas" },
				"west": { "uv": [ 7.625, 10.375, 7.75, 10.5 ], "texture": "#voxels_atlas" },
				"east": { "uv": [ 7.75, 10.25, 7.625, 10.375 ], "texture": "#voxels_atlas" }
			}
		},
		{
			"__comment": "Voxels",
			"from": [ 6.6032, 0.5079, 4.6984 ],
			"to": [ 7.365105, 0.6348841, 4.825384 ],
			"faces": {
				"down": { "uv": [ 5.25, 12.375, 6, 12.5 ], "texture": "#voxels_atlas" },
				"up": { "uv": [ 3.75, 12.375, 4.5, 12.25 ], "texture": "#voxels_atlas" },
				"north": { "uv": [ 5.25, 12.25, 4.5, 12.375 ], "texture": "#voxels_atlas" },
				"south": { "uv": [ 5.25, 12.25, 6, 12.375 ], "texture": "#voxels_atlas" },
				"west": { "uv": [ 7.625, 9.875, 7.75, 10 ], "texture": "#voxels_atlas" },
				"east": { "uv": [ 7.75, 9.75, 7.625, 9.875 ], "texture": "#voxels_atlas" }
			}
		},
		{
			"__comment": "Voxels",
			"from": [ 6.7302, 0.254, 2.1587 ],
			"to": [ 7.111152, 0.3809841, 2.412668 ],
			"faces": {
				"down": { "uv": [ 0, 8, 0.375, 8.25 ], "texture": "#voxels_atlas" },
				"up": { "uv": [ 0.375, 8.75, 0.75, 8.5 ], "texture": "#voxels_atlas" },
				"north": { "uv": [ 4.875, 8, 4.5, 8.125 ], "texture": "#voxels_atlas" },
				"south": { "uv": [ 4.875, 9.375, 5.25, 9.5 ], "texture": "#voxels_atlas" },
				"west": { "uv": [ 6.75, 12.375, 7, 12.5 ], "texture": "#voxels_atlas" },
				"east": { "uv": [ 7, 12.25, 6.75, 12.375 ], "texture": "#voxels_atlas" }
			}
		},
		{
			"__comment": "Voxels",
			"from": [ 6.7302, 0.254, 4.8254 ],
			"to": [ 7.36512, 0.3809841, 4.952384 ],
			"faces": {
				"down": { "uv": [ 3.75, 11.25, 4.375, 11.375 ], "texture": "#voxels_atlas" },
				"up": { "uv": [ 4.375, 11.375, 5, 11.25 ], "texture": "#voxels_atlas" },
				"north": { "uv": [ 5.625, 11.25, 5, 11.375 ], "texture": "#voxels_atlas" },
				"south": { "uv": [ 5.625, 11.25, 6.25, 11.375 ], "texture": "#voxels_atlas" },
				"west": { "uv": [ 7.75, 13, 7.875, 13.125 ], "texture": "#voxels_atlas" },
				"east": { "uv": [ 7.875, 12.625, 7.75, 12.75 ], "texture": "#voxels_atlas" }
			}
		},
		{
			"__comment": "Voxels",
			"from": [ 6.7302, 0.254, 4.9524 ],
			"to": [ 7.238136, 0.3809841, 5.079384 ],
			"faces": {
				"down": { "uv": [ 3.25, 8.125, 3.75, 8.25 ], "texture": "#voxels_atlas" },
				"up": { "uv": [ 3.25, 8.125, 3.75, 8 ], "texture": "#voxels_atlas" },
				"north": { "uv": [ 16, 15.25, 15.5, 15.375 ], "texture": "#voxels_atlas" },
				"south": { "uv": [ 5, 10, 5.5, 10.125 ], "texture": "#voxels_atlas" },
				"west": { "uv": [ 3.125, 8.125, 3.25, 8.25 ], "texture": "#voxels_atlas" },
				"east": { "uv": [ 3.25, 8, 3.125, 8.125 ], "texture": "#voxels_atlas" }
			}
		},
		{
			"__comment": "Voxels",
			"from": [ 6.7302, 0.381, 1.7778 ],
			"to": [ 7.36512, 0.5079841, 2.031768 ],
			"faces": {
				"down": { "uv": [ 3.75, 14.75, 4.375, 15 ], "texture": "#voxels_atlas" },
				"up": { "uv": [ 1.25, 8.25, 1.875, 8 ], "texture": "#voxels_atlas" },
				"north": { "uv": [ 5.625, 10.875, 5, 11 ], "texture": "#voxels_atlas" },
				"south": { "uv": [ 5.625, 10.875, 6.25, 11 ], "texture": "#voxels_atlas" },
				"west": { "uv": [ 6.75, 11.75, 7, 11.875 ], "texture": "#voxels_atlas" },
				"east": { "uv": [ 7, 11.625, 6.75, 11.75 ], "texture": "#voxels_atlas" }
			}
		},
		{
			"__comment": "Voxels",
			"from": [ 6.7302, 0.381, 5.2063 ],
			"to": [ 7.36512, 0.5079841, 5.333284 ],
			"faces": {
				"down": { "uv": [ 5, 10.75, 5.625, 10.875 ], "texture": "#voxels_atlas" },
				"up": { "uv": [ 5.625, 10.875, 6.25, 10.75 ], "texture": "#voxels_atlas" },
				"north": { "uv": [ 4.375, 10.625, 3.75, 10.75 ], "texture": "#voxels_atlas" },
				"south": { "uv": [ 4.375, 10.625, 5, 10.75 ], "texture": "#voxels_atlas" },
				"west": { "uv": [ 15.875, 15.625, 16, 15.75 ], "texture": "#voxels_atlas" },
				"east": { "uv": [ 16, 15.5, 15.875, 15.625 ], "texture": "#voxels_atlas" }
			}
		},
		{
			"__comment": "Voxels",
			"from": [ 6.7302, 0.5079, 2.1587 ],
			"to": [ 7.111152, 0.6348841, 2.412668 ],
			"faces": {
				"down": { "uv": [ 0.375, 8, 0.75, 8.25 ], "texture": "#voxels_atlas" },
				"up": { "uv": [ 3.375, 12.25, 3.75, 12 ], "texture": "#voxels_atlas" },
				"north": { "uv": [ 6.375, 9.125, 6, 9.25 ], "texture": "#voxels_atlas" },
				"south": { "uv": [ 4.875, 9, 5.25, 9.125 ], "texture": "#voxels_atlas" },
				"west": { "uv": [ 6.75, 11.25, 7, 11.375 ], "texture": "#voxels_atlas" },
				"east": { "uv": [ 7, 11.125, 6.75, 11.25 ], "texture": "#voxels_atlas" }
			}
		},
		{
			"__comment": "Voxels",
			"from": [ 6.7302, 0.5079, 4.8254 ],
			"to": [ 7.36512, 0.6348841, 4.952384 ],
			"faces": {
				"down": { "uv": [ 5, 10.375, 5.625, 10.5 ], "texture": "#voxels_atlas" },
				"up": { "uv": [ 5.625, 10.5, 6.25, 10.375 ], "texture": "#voxels_atlas" },
				"north": { "uv": [ 4.375, 10.25, 3.75, 10.375 ], "texture": "#voxels_atlas" },
				"south": { "uv": [ 5.625, 11.75, 6.25, 11.875 ], "texture": "#voxels_atlas" },
				"west": { "uv": [ 6.25, 14.625, 6.375, 14.75 ], "texture": "#voxels_atlas" },
				"east": { "uv": [ 6.375, 14.25, 6.25, 14.375 ], "texture": "#voxels_atlas" }
			}
		},
		{
			"__comment": "Voxels",
			"from": [ 6.7302, 0.5079, 4.9524 ],
			"to": [ 7.238136, 0.6348841, 5.079384 ],
			"faces": {
				"down": { "uv": [ 5.5, 10, 6, 10.125 ], "texture": "#voxels_atlas" },
				"up": { "uv": [ 4, 10, 4.5, 9.875 ], "texture": "#voxels_atlas" },
				"north": { "uv": [ 4.5, 8.75, 4, 8.875 ], "texture": "#voxels_atlas" },
				"south": { "uv": [ 4, 8.625, 4.5, 8.75 ], "texture": "#voxels_atlas" },
				"west": { "uv": [ 6.25, 11.875, 6.375, 12 ], "texture": "#voxels_atlas" },
				"east": { "uv": [ 6.375, 11.75, 6.25, 11.875 ], "texture": "#voxels_atlas" }
			}
		},
		{
			"__comment": "Voxels",
			"from": [ 6.8571, 0.254, 1.9048 ],
			"to": [ 7.111068, 0.3809841, 2.158768 ],
			"faces": {
				"down": { "uv": [ 3.75, 9.25, 4, 9.5 ], "texture": "#voxels_atlas" },
				"up": { "uv": [ 3.75, 8.75, 4, 8.5 ], "texture": "#voxels_atlas" },
				"north": { "uv": [ 3.75, 14, 3.5, 14.125 ], "texture": "#voxels_atlas" },
				"south": { "uv": [ 6.75, 10.375, 7, 10.5 ], "texture": "#voxels_atlas" },
				"west": { "uv": [ 6.75, 10.25, 7, 10.375 ], "texture": "#voxels_atlas" },
				"east": { "uv": [ 7, 10.125, 6.75, 10.25 ], "texture": "#voxels_atlas" }
			}
		},
		{
			"__comment": "Voxels",
			"from": [ 6.8571, 0.254, 5.0794 ],
			"to": [ 7.238052, 0.3809841, 5.206384 ],
			"faces": {
				"down": { "uv": [ 6, 9, 6.375, 9.125 ], "texture": "#voxels_atlas" },
				"up": { "uv": [ 5.25, 9, 5.625, 8.875 ], "texture": "#voxels_atlas" },
				"north": { "uv": [ 6, 8.875, 5.625, 9 ], "texture": "#voxels_atlas" },
				"south": { "uv": [ 6, 8.875, 6.375, 9 ], "texture": "#voxels_atlas" },
				"west": { "uv": [ 6.25, 11.5, 6.375, 11.625 ], "texture": "#voxels_atlas" },
				"east": { "uv": [ 6.375, 11.375, 6.25, 11.5 ], "texture": "#voxels_atlas" }
			}
		},
		{
			"__comment": "Voxels",
			"from": [ 6.8571, 0.381, 1.5238 ],
			"to": [ 7.492021, 0.5079841, 1.650784 ],
			"faces": {
				"down": { "uv": [ 5.75, 12, 6.375, 12.125 ], "texture": "#voxels_atlas" },
				"up": { "uv": [ 5, 12, 5.625, 11.875 ], "texture": "#voxels_atlas" },
				"north": { "uv": [ 5.625, 11.75, 5, 11.875 ], "texture": "#voxels_atlas" },
				"south": { "uv": [ 5, 11.5, 5.625, 11.625 ], "texture": "#voxels_atlas" },
				"west": { "uv": [ 6.25, 11.25, 6.375, 11.375 ], "texture": "#voxels_atlas" },
				"east": { "uv": [ 6.375, 11.125, 6.25, 11.25 ], "texture": "#voxels_atlas" }
			}
		},
		{
			"__comment": "Voxels",
			"from": [ 6.8571, 0.381, 1.6508 ],
			"to": [ 7.365036, 0.5079841, 1.777784 ],
			"faces": {
				"down": { "uv": [ 4.5, 9.875, 5, 10 ], "texture": "#voxels_atlas" },
				"up": { "uv": [ 5, 10, 5.5, 9.875 ], "texture": "#voxels_atlas" },
				"north": { "uv": [ 6, 9.875, 5.5, 10 ], "texture": "#voxels_atlas" },
				"south": { "uv": [ 4, 9.75, 4.5, 9.875 ], "texture": "#voxels_atlas" },
				"west": { "uv": [ 6.25, 11, 6.375, 11.125 ], "texture": "#voxels_atlas" },
				"east": { "uv": [ 6.375, 10.875, 6.25, 11 ], "texture": "#voxels_atlas" }
			}
		},
		{
			"__comment": "Voxels",
			"from": [ 6.8571, 0.381, 5.3333 ],
			"to": [ 7.365036, 0.5079841, 5.587268 ],
			"faces": {
				"down": { "uv": [ 3.25, 10.125, 3.75, 10.375 ], "texture": "#voxels_atlas" },
				"up": { "uv": [ 3.25, 14.625, 3.75, 14.375 ], "texture": "#voxels_atlas" },
				"north": { "uv": [ 4.5, 9.375, 4, 9.5 ], "texture": "#voxels_atlas" },
				"south": { "uv": [ 4, 8.375, 4.5, 8.5 ], "texture": "#voxels_atlas" },
				"west": { "uv": [ 6.75, 9.25, 7, 9.375 ], "texture": "#voxels_atlas" },
				"east": { "uv": [ 7, 9.125, 6.75, 9.25 ], "texture": "#voxels_atlas" }
			}
		},
		{
			"__comment": "Voxels",
			"from": [ 6.8571, 0.5079, 1.9048 ],
			"to": [ 7.111068, 0.6348841, 2.158768 ],
			"faces": {
				"down": { "uv": [ 3.75, 9, 4, 9.25 ], "texture": "#voxels_atlas" },
				"up": { "uv": [ 3.75, 9, 4, 8.75 ], "texture": "#voxels_atlas" },
				"north": { "uv": [ 7, 9, 6.75, 9.125 ], "texture": "#voxels_atlas" },
				"south": { "uv": [ 6.75, 8.875, 7, 9 ], "texture": "#voxels_atlas" },
				"west": { "uv": [ 6.75, 8.75, 7, 8.875 ], "texture": "#voxels_atlas" },
				"east": { "uv": [ 7, 8.625, 6.75, 8.75 ], "texture": "#voxels_atlas" }
			}
		},
		{
			"__comment": "Voxels",
			"from": [ 6.8571, 0.5079, 5.0794 ],
			"to": [ 7.238052, 0.6348841, 5.206384 ],
			"faces": {
				"down": { "uv": [ 6, 8.5, 6.375, 8.625 ], "texture": "#voxels_atlas" },
				"up": { "uv": [ 5.625, 8.5, 6, 8.375 ], "texture": "#voxels_atlas" },
				"north": { "uv": [ 6.375, 8.375, 6, 8.5 ], "texture": "#voxels_atlas" },
				"south": { "uv": [ 5.625, 8.25, 6, 8.375 ], "texture": "#voxels_atlas" },
				"west": { "uv": [ 6.25, 10.75, 6.375, 10.875 ], "texture": "#voxels_atlas" },
				"east": { "uv": [ 6.375, 10.625, 6.25, 10.75 ], "texture": "#voxels_atlas" }
			}
		},
		{
			"__comment": "Voxels",
			"from": [ 6.9841, 0.254, 1.6508 ],
			"to": [ 7.238068, 0.3809841, 1.904768 ],
			"faces": {
				"down": { "uv": [ 3.75, 9.75, 4, 10 ], "texture": "#voxels_atlas" },
				"up": { "uv": [ 3.75, 8.25, 4, 8 ], "texture": "#voxels_atlas" },
				"north": { "uv": [ 7, 8.25, 6.75, 8.375 ], "texture": "#voxels_atlas" },
				"south": { "uv": [ 6.75, 8.125, 7, 8.25 ], "texture": "#voxels_atlas" },
				"west": { "uv": [ 6.75, 8, 7, 8.125 ], "texture": "#voxels_atlas" },
				"east": { "uv": [ 7.25, 15.125, 7, 15.25 ], "texture": "#voxels_atlas" }
			}
		},
		{
			"__comment": "Voxels",
			"from": [ 6.9841, 0.254, 5.2063 ],
			"to": [ 7.238068, 0.3809841, 5.460268 ],
			"faces": {
				"down": { "uv": [ 3.5, 12.375, 3.75, 12.625 ], "texture": "#voxels_atlas" },
				"up": { "uv": [ 3.5, 12.875, 3.75, 12.625 ], "texture": "#voxels_atlas" },
				"north": { "uv": [ 7.25, 15, 7, 15.125 ], "texture": "#voxels_atlas" },
				"south": { "uv": [ 7, 14.875, 7.25, 15 ], "texture": "#voxels_atlas" },
				"west": { "uv": [ 7, 14.75, 7.25, 14.875 ], "texture": "#voxels_atlas" },
				"east": { "uv": [ 7.25, 14.625, 7, 14.75 ], "texture": "#voxels_atlas" }
			}
		},
		{
			"__comment": "Voxels",
			"from": [ 6.9841, 0.381, 1.3968 ],
			"to": [ 7.492036, 0.5079841, 1.523784 ],
			"faces": {
				"down": { "uv": [ 3.25, 8.5, 3.75, 8.625 ], "texture": "#voxels_atlas" },
				"up": { "uv": [ 3.25, 8.75, 3.75, 8.625 ], "texture": "#voxels_atlas" },
				"north": { "uv": [ 4.5, 9.25, 4, 9.375 ], "texture": "#voxels_atlas" },
				"south": { "uv": [ 3.25, 8.75, 3.75, 8.875 ], "texture": "#voxels_atlas" },
				"west": { "uv": [ 6.25, 10.5, 6.375, 10.625 ], "texture": "#voxels_atlas" },
				"east": { "uv": [ 6.375, 10.375, 6.25, 10.5 ], "texture": "#voxels_atlas" }
			}
		},
		{
			"__comment": "Voxels",
			"from": [ 6.9841, 0.381, 5.5873 ],
			"to": [ 7.492036, 0.5079841, 5.714284 ],
			"faces": {
				"down": { "uv": [ 3.25, 9.125, 3.75, 9.25 ], "texture": "#voxels_atlas" },
				"up": { "uv": [ 3.25, 9.375, 3.75, 9.25 ], "texture": "#voxels_atlas" },
				"north": { "uv": [ 4.5, 8.5, 4, 8.625 ], "texture": "#voxels_atlas" },
				"south": { "uv": [ 4, 9.125, 4.5, 9.25 ], "texture": "#voxels_atlas" },
				"west": { "uv": [ 6.25, 10.25, 6.375, 10.375 ], "texture": "#voxels_atlas" },
				"east": { "uv": [ 6.375, 10.125, 6.25, 10.25 ], "texture": "#voxels_atlas" }
			}
		},
		{
			"__comment": "Voxels",
			"from": [ 6.9841, 0.5079, 1.6508 ],
			"to": [ 7.238068, 0.6348841, 1.904768 ],
			"faces": {
				"down": { "uv": [ 3.75, 8.25, 4, 8.5 ], "texture": "#voxels_atlas" },
				"up": { "uv": [ 3.75, 9.75, 4, 9.5 ], "texture": "#voxels_atlas" },
				"north": { "uv": [ 7.25, 14, 7, 14.125 ], "texture": "#voxels_atlas" },
				"south": { "uv": [ 7, 13.875, 7.25, 14 ], "texture": "#voxels_atlas" },
				"west": { "uv": [ 7, 13.75, 7.25, 13.875 ], "texture": "#voxels_atlas" },
				"east": { "uv": [ 3.75, 13.625, 3.5, 13.75 ], "texture": "#voxels_atlas" }
			}
		},
		{
			"__comment": "Voxels",
			"from": [ 6.9841, 0.5079, 5.2063 ],
			"to": [ 7.238068, 0.6348841, 5.460268 ],
			"faces": {
				"down": { "uv": [ 3.5, 13.75, 3.75, 14 ], "texture": "#voxels_atlas" },
				"up": { "uv": [ 3.5, 14.375, 3.75, 14.125 ], "texture": "#voxels_atlas" },
				"north": { "uv": [ 3.75, 12.25, 3.5, 12.375 ], "texture": "#voxels_atlas" },
				"south": { "uv": [ 6.5, 9.75, 6.75, 9.875 ], "texture": "#voxels_atlas" },
				"west": { "uv": [ 6.375, 8.5, 6.625, 8.625 ], "texture": "#voxels_atlas" },
				"east": { "uv": [ 6.625, 8.375, 6.375, 8.5 ], "texture": "#voxels_atlas" }
			}
		},
		{
			"__comment": "Voxels",
			"from": [ 7.1111, 0.254, 1.5238 ],
			"to": [ 7.365068, 0.3809841, 1.650784 ],
			"faces": {
				"down": { "uv": [ 6.375, 8.25, 6.625, 8.375 ], "texture": "#voxels_atlas" },
				"up": { "uv": [ 6.375, 8.25, 6.625, 8.125 ], "texture": "#voxels_atlas" },
				"north": { "uv": [ 7, 14.75, 6.75, 14.875 ], "texture": "#voxels_atlas" },
				"south": { "uv": [ 6.75, 14.625, 7, 14.75 ], "texture": "#voxels_atlas" },
				"west": { "uv": [ 6.625, 8.75, 6.75, 8.875 ], "texture": "#voxels_atlas" },
				"east": { "uv": [ 6.75, 8.625, 6.625, 8.75 ], "texture": "#voxels_atlas" }
			}
		},
		{
			"__comment": "Voxels",
			"from": [ 7.1111, 0.254, 2.5397 ],
			"to": [ 7.238084, 0.3809841, 2.793668 ],
			"faces": {
				"down": { "uv": [ 3.625, 10.875, 3.75, 11.125 ], "texture": "#voxels_atlas" },
				"up": { "uv": [ 3.625, 10.875, 3.75, 10.625 ], "texture": "#voxels_atlas" },
				"north": { "uv": [ 6.75, 8.5, 6.625, 8.625 ], "texture": "#voxels_atlas" },
				"south": { "uv": [ 6.625, 8.375, 6.75, 8.5 ], "texture": "#voxels_atlas" },
				"west": { "uv": [ 6.75, 13.5, 7, 13.625 ], "texture": "#voxels_atlas" },
				"east": { "uv": [ 7, 13.375, 6.75, 13.5 ], "texture": "#voxels_atlas" }
			}
		},
		{
			"__comment": "Voxels",
			"from": [ 7.1111, 0.254, 5.4603 ],
			"to": [ 7.365068, 0.3809841, 5.587284 ],
			"faces": {
				"down": { "uv": [ 6.75, 13.25, 7, 13.375 ], "texture": "#voxels_atlas" },
				"up": { "uv": [ 6.75, 13.25, 7, 13.125 ], "texture": "#voxels_atlas" },
				"north": { "uv": [ 7, 12.75, 6.75, 12.875 ], "texture": "#voxels_atlas" },
				"south": { "uv": [ 6.75, 12.625, 7, 12.75 ], "texture": "#voxels_atlas" },
				"west": { "uv": [ 6.625, 8.25, 6.75, 8.375 ], "texture": "#voxels_atlas" },
				"east": { "uv": [ 6.75, 8.125, 6.625, 8.25 ], "texture": "#voxels_atlas" }
			}
		},
		{
			"__comment": "Voxels",
			"from": [ 7.1111, 0.381, 1.2698 ],
			"to": [ 7.492052, 0.5079841, 1.396784 ],
			"faces": {
				"down": { "uv": [ 6, 12.25, 6.375, 12.375 ], "texture": "#voxels_atlas" },
				"up": { "uv": [ 6.375, 10.75, 6.75, 10.625 ], "texture": "#voxels_atlas" },
				"north": { "uv": [ 6.75, 10.5, 6.375, 10.625 ], "texture": "#voxels_atlas" },
				"south": { "uv": [ 6.375, 10.375, 6.75, 10.5 ], "texture": "#voxels_atlas" },
				"west": { "uv": [ 7.375, 8.75, 7.5, 8.875 ], "texture": "#voxels_atlas" },
				"east": { "uv": [ 7.5, 8.875, 7.375, 9 ], "texture": "#voxels_atlas" }
			}
		},
		{
			"__comment": "Voxels",
			"from": [ 7.1111, 0.381, 5.7143 ],
			"to": [ 7.492052, 0.5079841, 5.841284 ],
			"faces": {
				"down": { "uv": [ 6.375, 10.25, 6.75, 10.375 ], "texture": "#voxels_atlas" },
				"up": { "uv": [ 6.375, 10.25, 6.75, 10.125 ], "texture": "#voxels_atlas" },
				"north": { "uv": [ 6.75, 10, 6.375, 10.125 ], "texture": "#voxels_atlas" },
				"south": { "uv": [ 6.375, 9.875, 6.75, 10 ], "texture": "#voxels_atlas" },
				"west": { "uv": [ 7.375, 9.25, 7.5, 9.375 ], "texture": "#voxels_atlas" },
				"east": { "uv": [ 7.5, 9.375, 7.375, 9.5 ], "texture": "#voxels_atlas" }
			}
		},
		{
			"__comment": "Voxels",
			"from": [ 7.1111, 0.5079, 1.5238 ],
			"to": [ 7.365068, 0.6348841, 1.650784 ],
			"faces": {
				"down": { "uv": [ 7, 12.375, 7.25, 12.5 ], "texture": "#voxels_atlas" },
				"up": { "uv": [ 7, 12.625, 7.25, 12.5 ], "texture": "#voxels_atlas" },
				"north": { "uv": [ 7.25, 12.625, 7, 12.75 ], "texture": "#voxels_atlas" },
				"south": { "uv": [ 7, 12.75, 7.25, 12.875 ], "texture": "#voxels_atlas" },
				"west": { "uv": [ 7.375, 13.25, 7.5, 13.375 ], "texture": "#voxels_atlas" },
				"east": { "uv": [ 7.5, 13.375, 7.375, 13.5 ], "texture": "#voxels_atlas" }
			}
		},
		{
			"__comment": "Voxels",
			"from": [ 7.1111, 0.5079, 2.5397 ],
			"to": [ 7.238084, 0.6348841, 2.793668 ],
			"faces": {
				"down": { "uv": [ 7.125, 13, 7.25, 13.25 ], "texture": "#voxels_atlas" },
				"up": { "uv": [ 7, 13.25, 7.125, 13 ], "texture": "#voxels_atlas" },
				"north": { "uv": [ 7.5, 14, 7.375, 14.125 ], "texture": "#voxels_atlas" },
				"south": { "uv": [ 7.375, 14.125, 7.5, 14.25 ], "texture": "#voxels_atlas" },
				"west": { "uv": [ 7, 13.25, 7.25, 13.375 ], "texture": "#voxels_atlas" },
				"east": { "uv": [ 7.25, 13.375, 7, 13.5 ], "texture": "#voxels_atlas" }
			}
		},
		{
			"__comment": "Voxels",
			"from": [ 7.1111, 0.5079, 5.4603 ],
			"to": [ 7.365068, 0.6348841, 5.587284 ],
			"faces": {
				"down": { "uv": [ 6.75, 9.625, 7, 9.75 ], "texture": "#voxels_atlas" },
				"up": { "uv": [ 6.75, 10.75, 7, 10.625 ], "texture": "#voxels_atlas" },
				"north": { "uv": [ 7, 14.25, 6.75, 14.375 ], "texture": "#voxels_atlas" },
				"south": { "uv": [ 6.75, 14.375, 7, 14.5 ], "texture": "#voxels_atlas" },
				"west": { "uv": [ 7.125, 8.5, 7.25, 8.625 ], "texture": "#voxels_atlas" },
				"east": { "uv": [ 7.125, 8.5, 7, 8.625 ], "texture": "#voxels_atlas" }
			}
		},
		{
			"__comment": "Voxels",
			"from": [ 7.2381, 0.254, 1.3968 ],
			"to": [ 7.365084, 0.3809841, 1.523784 ],
			"faces": {
				"down": { "uv": [ 7.125, 8.625, 7.25, 8.75 ], "texture": "#voxels_atlas" },
				"up": { "uv": [ 7, 8.75, 7.125, 8.625 ], "texture": "#voxels_atlas" },
				"north": { "uv": [ 7.125, 8.75, 7, 8.875 ], "texture": "#voxels_atlas" },
				"south": { "uv": [ 7.125, 8.875, 7.25, 9 ], "texture": "#voxels_atlas" },
				"west": { "uv": [ 7.125, 9, 7.25, 9.125 ], "texture": "#voxels_atlas" },
				"east": { "uv": [ 7.125, 9, 7, 9.125 ], "texture": "#voxels_atlas" }
			}
		},
		{
			"__comment": "Voxels",
			"from": [ 7.2381, 0.254, 3.0476 ],
			"to": [ 7.365084, 0.3809841, 3.428552 ],
			"faces": {
				"down": { "uv": [ 6.625, 10.875, 6.75, 11.25 ], "texture": "#voxels_atlas" },
				"up": { "uv": [ 6.375, 9.875, 6.5, 9.5 ], "texture": "#voxels_atlas" },
				"north": { "uv": [ 7.25, 10.25, 7.125, 10.375 ], "texture": "#voxels_atlas" },
				"south": { "uv": [ 7.625, 12.625, 7.75, 12.75 ], "texture": "#voxels_atlas" },
				"west": { "uv": [ 6.375, 9.375, 6.75, 9.5 ], "texture": "#voxels_atlas" },
				"east": { "uv": [ 6.75, 9.25, 6.375, 9.375 ], "texture": "#voxels_atlas" }
			}
		},
		{
			"__comment": "Voxels",
			"from": [ 7.2381, 0.254, 5.5873 ],
			"to": [ 7.365084, 0.3809841, 5.714284 ],
			"faces": {
				"down": { "uv": [ 7.625, 12.75, 7.75, 12.875 ], "texture": "#voxels_atlas" },
				"up": { "uv": [ 7.625, 13, 7.75, 12.875 ], "texture": "#voxels_atlas" },
				"north": { "uv": [ 7.75, 13.25, 7.625, 13.375 ], "texture": "#voxels_atlas" },
				"south": { "uv": [ 7.625, 13.875, 7.75, 14 ], "texture": "#voxels_atlas" },
				"west": { "uv": [ 7.625, 14, 7.75, 14.125 ], "texture": "#voxels_atlas" },
				"east": { "uv": [ 7.75, 14.125, 7.625, 14.25 ], "texture": "#voxels_atlas" }
			}
		},
		{
			"__comment": "Voxels",
			"from": [ 7.2381, 0.381, 1.1429 ],
			"to": [ 7.619052, 0.5079841, 1.269884 ],
			"faces": {
				"down": { "uv": [ 6.375, 9.125, 6.75, 9.25 ], "texture": "#voxels_atlas" },
				"up": { "uv": [ 6.375, 9.125, 6.75, 9 ], "texture": "#voxels_atlas" },
				"north": { "uv": [ 6.75, 8.875, 6.375, 9 ], "texture": "#voxels_atlas" },
				"south": { "uv": [ 3.375, 9.625, 3.75, 9.75 ], "texture": "#voxels_atlas" },
				"west": { "uv": [ 7.625, 14.25, 7.75, 14.375 ], "texture": "#voxels_atlas" },
				"east": { "uv": [ 7.75, 14.875, 7.625, 15 ], "texture": "#voxels_atlas" }
			}
		},
		{
			"__comment": "Voxels",
			"from": [ 7.2381, 0.5079, 1.3968 ],
			"to": [ 7.365084, 0.6348841, 1.523784 ],
			"faces": {
				"down": { "uv": [ 7.5, 9.5, 7.625, 9.625 ], "texture": "#voxels_atlas" },
				"up": { "uv": [ 7.5, 9.75, 7.625, 9.625 ], "texture": "#voxels_atlas" },
				"north": { "uv": [ 7.625, 9.75, 7.5, 9.875 ], "texture": "#voxels_atlas" },
				"south": { "uv": [ 7.5, 10.125, 7.625, 10.25 ], "texture": "#voxels_atlas" },
				"west": { "uv": [ 7.5, 10.5, 7.625, 10.625 ], "texture": "#voxels_atlas" },
				"east": { "uv": [ 7.625, 10.625, 7.5, 10.75 ], "texture": "#voxels_atlas" }
			}
		},
		{
			"__comment": "Voxels",
			"from": [ 7.2381, 0.5079, 3.0476 ],
			"to": [ 7.365084, 0.6348841, 3.428552 ],
			"faces": {
				"down": { "uv": [ 0.75, 8, 0.875, 8.375 ], "texture": "#voxels_atlas" },
				"up": { "uv": [ 0.875, 8.375, 1, 8 ], "texture": "#voxels_atlas" },
				"north": { "uv": [ 7.5, 10.25, 7.375, 10.375 ], "texture": "#voxels_atlas" },
				"south": { "uv": [ 7.375, 10.875, 7.5, 11 ], "texture": "#voxels_atlas" },
				"west": { "uv": [ 3.375, 9.5, 3.75, 9.625 ], "texture": "#voxels_atlas" },
				"east": { "uv": [ 3.75, 9.375, 3.375, 9.5 ], "texture": "#voxels_atlas" }
			}
		},
		{
			"__comment": "Voxels",
			"from": [ 7.2381, 0.5079, 5.5873 ],
			"to": [ 7.365084, 0.6348841, 5.714284 ],
			"faces": {
				"down": { "uv": [ 7.375, 11.75, 7.5, 11.875 ], "texture": "#voxels_atlas" },
				"up": { "uv": [ 7.375, 12, 7.5, 11.875 ], "texture": "#voxels_atlas" },
				"north": { "uv": [ 7.5, 12.25, 7.375, 12.375 ], "texture": "#voxels_atlas" },
				"south": { "uv": [ 7.375, 14.875, 7.5, 15 ], "texture": "#voxels_atlas" },
				"west": { "uv": [ 7.25, 8, 7.375, 8.125 ], "texture": "#voxels_atlas" },
				"east": { "uv": [ 7.375, 8.125, 7.25, 8.25 ], "texture": "#voxels_atlas" }
			}
		},
		{
			"__comment": "Voxels",
			"from": [ 7.3651, 0.254, 3.3016 ],
			"to": [ 7.492084, 0.6349524, 3.428584 ],
			"faces": {
				"down": { "uv": [ 7.25, 9.75, 7.375, 9.875 ], "texture": "#voxels_atlas" },
				"up": { "uv": [ 7.25, 13.125, 7.375, 13 ], "texture": "#voxels_atlas" },
				"north": { "uv": [ 1.125, 8, 1, 8.375 ], "texture": "#voxels_atlas" },
				"south": { "uv": [ 1.125, 8, 1.25, 8.375 ], "texture": "#voxels_atlas" },
				"west": { "uv": [ 1.75, 9, 1.875, 9.375 ], "texture": "#voxels_atlas" },
				"east": { "uv": [ 1.875, 8.625, 1.75, 9 ], "texture": "#voxels_atlas" }
			}
		},
		{
			"__comment": "Voxels",
			"from": [ 7.3651, 0.381, 1.0159 ],
			"to": [ 7.619068, 0.5079841, 1.142884 ],
			"faces": {
				"down": { "uv": [ 6.75, 11, 7, 11.125 ], "texture": "#voxels_atlas" },
				"up": { "uv": [ 6.75, 14.25, 7, 14.125 ], "texture": "#voxels_atlas" },
				"north": { "uv": [ 7, 9.5, 6.75, 9.625 ], "texture": "#voxels_atlas" },
				"south": { "uv": [ 6.75, 9.375, 7, 9.5 ], "texture": "#voxels_atlas" },
				"west": { "uv": [ 7.25, 13.875, 7.375, 14 ], "texture": "#voxels_atlas" },
				"east": { "uv": [ 7.375, 14, 7.25, 14.125 ], "texture": "#voxels_atlas" }
			}
		},
		{
			"__comment": "Voxels",
			"from": [ 7.3651, 0.381, 2.9206 ],
			"to": [ 7.492084, 0.5079841, 3.301552 ],
			"faces": {
				"down": { "uv": [ 1.75, 8.25, 1.875, 8.625 ], "texture": "#voxels_atlas" },
				"up": { "uv": [ 4, 8.375, 4.125, 8 ], "texture": "#voxels_atlas" },
				"north": { "uv": [ 7.375, 14.125, 7.25, 14.25 ], "texture": "#voxels_atlas" },
				"south": { "uv": [ 7.25, 14.5, 7.375, 14.625 ], "texture": "#voxels_atlas" },
				"west": { "uv": [ 6, 13.875, 6.375, 14 ], "texture": "#voxels_atlas" },
				"east": { "uv": [ 6.375, 12.375, 6, 12.5 ], "texture": "#voxels_atlas" }
			}
		},
		{
			"__comment": "Voxels",
			"from": [ 7.3651, 0.381, 5.4603 ],
			"to": [ 7.492084, 0.5079841, 5.587284 ],
			"faces": {
				"down": { "uv": [ 7.25, 14.625, 7.375, 14.75 ], "texture": "#voxels_atlas" },
				"up": { "uv": [ 7.25, 15.125, 7.375, 15 ], "texture": "#voxels_atlas" },
				"north": { "uv": [ 7.375, 15.125, 7.25, 15.25 ], "texture": "#voxels_atlas" },
				"south": { "uv": [ 7.125, 8.125, 7.25, 8.25 ], "texture": "#voxels_atlas" },
				"west": { "uv": [ 7, 8.125, 7.125, 8.25 ], "texture": "#voxels_atlas" },
				"east": { "uv": [ 7.125, 8.25, 7, 8.375 ], "texture": "#voxels_atlas" }
			}
		},
		{
			"__comment": "Voxels",
			"from": [ 7.3651, 0.381, 5.8413 ],
			"to": [ 7.619068, 0.5079841, 5.968284 ],
			"faces": {
				"down": { "uv": [ 6.75, 12, 7, 12.125 ], "texture": "#voxels_atlas" },
				"up": { "uv": [ 6.75, 14.625, 7, 14.5 ], "texture": "#voxels_atlas" },
				"north": { "uv": [ 7.25, 14.125, 7, 14.25 ], "texture": "#voxels_atlas" },
				"south": { "uv": [ 6.75, 8.5, 7, 8.625 ], "texture": "#voxels_atlas" },
				"west": { "uv": [ 7.125, 8.75, 7.25, 8.875 ], "texture": "#voxels_atlas" },
				"east": { "uv": [ 7.125, 8.875, 7, 9 ], "texture": "#voxels_atlas" }
			}
		},
		{
			"__comment": "Voxels",
			"from": [ 7.4921, 0.381, 0.8889 ],
			"to": [ 7.746068, 0.5079841, 1.015884 ],
			"faces": {
				"down": { "uv": [ 6.75, 10.875, 7, 11 ], "texture": "#voxels_atlas" },
				"up": { "uv": [ 6.75, 12.25, 7, 12.125 ], "texture": "#voxels_atlas" },
				"north": { "uv": [ 7, 12.5, 6.75, 12.625 ], "texture": "#voxels_atlas" },
				"south": { "uv": [ 6.75, 10.75, 7, 10.875 ], "texture": "#voxels_atlas" },
				"west": { "uv": [ 7.625, 12.25, 7.75, 12.375 ], "texture": "#voxels_atlas" },
				"east": { "uv": [ 7.875, 13.125, 7.75, 13.25 ], "texture": "#voxels_atlas" }
			}
		},
		{
			"__comment": "Voxels",
			"from": [ 7.4921, 0.381, 3.1746 ],
			"to": [ 7.619084, 0.5079841, 3.428568 ],
			"faces": {
				"down": { "uv": [ 7, 10.625, 7.125, 10.875 ], "texture": "#voxels_atlas" },
				"up": { "uv": [ 7.125, 10.875, 7.25, 10.625 ], "texture": "#voxels_atlas" },
				"north": { "uv": [ 7.25, 10.5, 7.125, 10.625 ], "texture": "#voxels_atlas" },
				"south": { "uv": [ 7, 10.375, 7.125, 10.5 ], "texture": "#voxels_atlas" },
				"west": { "uv": [ 6.75, 11.5, 7, 11.625 ], "texture": "#voxels_atlas" },
				"east": { "uv": [ 7, 11.375, 6.75, 11.5 ], "texture": "#voxels_atlas" }
			}
		},
		{
			"__comment": "Voxels",
			"from": [ 7.619, 0.381, 0.7619 ],
			"to": [ 7.745984, 0.5079841, 0.8888841 ],
			"faces": {
				"down": { "uv": [ 7, 10.125, 7.125, 10.25 ], "texture": "#voxels_atlas" },
				"up": { "uv": [ 7.125, 10.25, 7.25, 10.125 ], "texture": "#voxels_atlas" },
				"north": { "uv": [ 7.125, 10, 7, 10.125 ], "texture": "#voxels_atlas" },
				"south": { "uv": [ 7.125, 10, 7.25, 10.125 ], "texture": "#voxels_atlas" },
				"west": { "uv": [ 7, 9.875, 7.125, 10 ], "texture": "#voxels_atlas" },
				"east": { "uv": [ 7.25, 9.875, 7.125, 10 ], "texture": "#voxels_atlas" }
			}
		},
		{
			"__comment": "Voxels",
			"from": [ 7.619, 0.381, 3.3016 ],
			"to": [ 7.745984, 0.5079841, 3.428584 ],
			"faces": {
				"down": { "uv": [ 7, 9.625, 7.125, 9.75 ], "texture": "#voxels_atlas" },
				"up": { "uv": [ 7.125, 9.75, 7.25, 9.625 ], "texture": "#voxels_atlas" },
				"north": { "uv": [ 7.125, 9.5, 7, 9.625 ], "texture": "#voxels_atlas" },
				"south": { "uv": [ 7.125, 9.5, 7.25, 9.625 ], "texture": "#voxels_atlas" },
				"west": { "uv": [ 7, 9.25, 7.125, 9.375 ], "texture": "#voxels_atlas" },
				"east": { "uv": [ 7.25, 9.25, 7.125, 9.375 ], "texture": "#voxels_atlas" }
			}
		},
		{
			"__comment": "Voxels",
			"from": [ 7.746, 0.254, 3.5556 ],
			"to": [ 9.142825, 0.3809841, 3.809568 ],
			"faces": {
				"down": { "uv": [ 1.25, 10.625, 2.625, 10.875 ], "texture": "#voxels_atlas" },
				"up": { "uv": [ 1.25, 11.125, 2.625, 10.875 ], "texture": "#voxels_atlas" },
				"north": { "uv": [ 3.25, 8.75, 1.875, 8.875 ], "texture": "#voxels_atlas" },
				"south": { "uv": [ 2, 11.625, 3.375, 11.75 ], "texture": "#voxels_atlas" },
				"west": { "uv": [ 6.75, 10.5, 7, 10.625 ], "texture": "#voxels_atlas" },
				"east": { "uv": [ 7, 10, 6.75, 10.125 ], "texture": "#voxels_atlas" }
			}
		},
		{
			"__comment": "Voxels",
			"from": [ 7.746, 0.381, 2.5397 ],
			"to": [ 8.634889, 0.5079841, 2.666684 ],
			"faces": {
				"down": { "uv": [ 3.75, 12.875, 4.625, 13 ], "texture": "#voxels_atlas" },
				"up": { "uv": [ 5.5, 13.125, 6.375, 13 ], "texture": "#voxels_atlas" },
				"north": { "uv": [ 5.5, 13, 4.625, 13.125 ], "texture": "#voxels_atlas" },
				"south": { "uv": [ 3.75, 13, 4.625, 13.125 ], "texture": "#voxels_atlas" },
				"west": { "uv": [ 7, 8.375, 7.125, 8.5 ], "texture": "#voxels_atlas" },
				"east": { "uv": [ 7.25, 8.375, 7.125, 8.5 ], "texture": "#voxels_atlas" }
			}
		},
		{
			"__comment": "Voxels",
			"from": [ 7.746, 0.381, 10.7937 ],
			"to": [ 8.634889, 0.5079841, 10.92068 ],
			"faces": {
				"down": { "uv": [ 5.5, 12.5, 6.375, 12.625 ], "texture": "#voxels_atlas" },
				"up": { "uv": [ 5.5, 13.25, 6.375, 13.125 ], "texture": "#voxels_atlas" },
				"north": { "uv": [ 4.625, 12.75, 3.75, 12.875 ], "texture": "#voxels_atlas" },
				"south": { "uv": [ 5.5, 12.75, 6.375, 12.875 ], "texture": "#voxels_atlas" },
				"west": { "uv": [ 7, 8, 7.125, 8.125 ], "texture": "#voxels_atlas" },
				"east": { "uv": [ 7.25, 8, 7.125, 8.125 ], "texture": "#voxels_atlas" }
			}
		},
		{
			"__comment": "Voxels",
			"from": [ 7.746, 0.5079, 3.5556 ],
			"to": [ 9.142825, 0.6348841, 3.809568 ],
			"faces": {
				"down": { "uv": [ 1.25, 11.375, 2.625, 11.625 ], "texture": "#voxels_atlas" },
				"up": { "uv": [ 1.25, 11.375, 2.625, 11.125 ], "texture": "#voxels_atlas" },
				"north": { "uv": [ 3.25, 9, 1.875, 9.125 ], "texture": "#voxels_atlas" },
				"south": { "uv": [ 1.875, 8.625, 3.25, 8.75 ], "texture": "#voxels_atlas" },
				"west": { "uv": [ 7, 14.375, 7.25, 14.5 ], "texture": "#voxels_atlas" },
				"east": { "uv": [ 7.25, 14.25, 7, 14.375 ], "texture": "#voxels_atlas" }
			}
		},
		{
			"__comment": "Voxels",
			"from": [ 7.873, 0.254, 2.5397 ],
			"to": [ 8.50792, 0.3809841, 2.666684 ],
			"faces": {
				"down": { "uv": [ 4.375, 10.25, 5, 10.375 ], "texture": "#voxels_atlas" },
				"up": { "uv": [ 3.75, 10.5, 4.375, 10.375 ], "texture": "#voxels_atlas" },
				"north": { "uv": [ 6.25, 10.5, 5.625, 10.625 ], "texture": "#voxels_atlas" },
				"south": { "uv": [ 5, 10.5, 5.625, 10.625 ], "texture": "#voxels_atlas" },
				"west": { "uv": [ 7.25, 13.5, 7.375, 13.625 ], "texture": "#voxels_atlas" },
				"east": { "uv": [ 7.375, 13.375, 7.25, 13.5 ], "texture": "#voxels_atlas" }
			}
		},
		{
			"__comment": "Voxels",
			"from": [ 7.873, 0.254, 10.7937 ],
			"to": [ 8.50792, 0.3809841, 10.92068 ],
			"faces": {
				"down": { "uv": [ 4.375, 10, 5, 10.125 ], "texture": "#voxels_atlas" },
				"up": { "uv": [ 3.75, 10.875, 4.375, 10.75 ], "texture": "#voxels_atlas" },
				"north": { "uv": [ 6.25, 11, 5.625, 11.125 ], "texture": "#voxels_atlas" },
				"south": { "uv": [ 5.625, 11.625, 6.25, 11.75 ], "texture": "#voxels_atlas" },
				"west": { "uv": [ 7.25, 12.875, 7.375, 13 ], "texture": "#voxels_atlas" },
				"east": { "uv": [ 7.375, 12.75, 7.25, 12.875 ], "texture": "#voxels_atlas" }
			}
		},
		{
			"__comment": "Voxels",
			"from": [ 7.873, 0.381, 2.2857 ],
			"to": [ 8.50792, 0.5079841, 2.539668 ],
			"faces": {
				"down": { "uv": [ 3.75, 14.375, 4.375, 14.625 ], "texture": "#voxels_atlas" },
				"up": { "uv": [ 5.625, 15, 6.25, 14.75 ], "texture": "#voxels_atlas" },
				"north": { "uv": [ 5.625, 11.625, 5, 11.75 ], "texture": "#voxels_atlas" },
				"south": { "uv": [ 5.75, 13.375, 6.375, 13.5 ], "texture": "#voxels_atlas" },
				"west": { "uv": [ 7, 13.5, 7.25, 13.625 ], "texture": "#voxels_atlas" },
				"east": { "uv": [ 7.25, 12.875, 7, 13 ], "texture": "#voxels_atlas" }
			}
		},
		{
			"__comment": "Voxels",
			"from": [ 7.873, 0.381, 2.6667 ],
			"to": [ 8.50792, 0.5079841, 2.793684 ],
			"faces": {
				"down": { "uv": [ 5.75, 13.5, 6.375, 13.625 ], "texture": "#voxels_atlas" },
				"up": { "uv": [ 5.625, 10.75, 6.25, 10.625 ], "texture": "#voxels_atlas" },
				"north": { "uv": [ 5, 11, 4.375, 11.125 ], "texture": "#voxels_atlas" },
				"south": { "uv": [ 5, 10.125, 5.625, 10.25 ], "texture": "#voxels_atlas" },
				"west": { "uv": [ 7.375, 10.75, 7.5, 10.875 ], "texture": "#voxels_atlas" },
				"east": { "uv": [ 7.5, 10.375, 7.375, 10.5 ], "texture": "#voxels_atlas" }
			}
		},
		{
			"__comment": "Voxels",
			"from": [ 7.873, 0.381, 10.6667 ],
			"to": [ 8.50792, 0.5079841, 10.79368 ],
			"faces": {
				"down": { "uv": [ 4.375, 10.125, 5, 10.25 ], "texture": "#voxels_atlas" },
				"up": { "uv": [ 5.75, 13.75, 6.375, 13.625 ], "texture": "#voxels_atlas" },
				"north": { "uv": [ 6.375, 13.75, 5.75, 13.875 ], "texture": "#voxels_atlas" },
				"south": { "uv": [ 4.375, 10.375, 5, 10.5 ], "texture": "#voxels_atlas" },
				"west": { "uv": [ 7.5, 10, 7.625, 10.125 ], "texture": "#voxels_atlas" },
				"east": { "uv": [ 7.625, 9.875, 7.5, 10 ], "texture": "#voxels_atlas" }
			}
		},
		{
			"__comment": "Voxels",
			"from": [ 7.873, 0.381, 10.9206 ],
			"to": [ 8.50792, 0.5079841, 11.04758 ],
			"faces": {
				"down": { "uv": [ 5.75, 13.25, 6.375, 13.375 ], "texture": "#voxels_atlas" },
				"up": { "uv": [ 5.625, 12, 6.25, 11.875 ], "texture": "#voxels_atlas" },
				"north": { "uv": [ 5.625, 11, 5, 11.125 ], "texture": "#voxels_atlas" },
				"south": { "uv": [ 3.75, 10.5, 4.375, 10.625 ], "texture": "#voxels_atlas" },
				"west": { "uv": [ 7.625, 14.75, 7.75, 14.875 ], "texture": "#voxels_atlas" },
				"east": { "uv": [ 7.75, 14.375, 7.625, 14.5 ], "texture": "#voxels_atlas" }
			}
		},
		{
			"__comment": "Voxels",
			"from": [ 7.873, 0.5079, 2.5397 ],
			"to": [ 8.50792, 0.6348841, 2.666684 ],
			"faces": {
				"down": { "uv": [ 5.625, 10.125, 6.25, 10.25 ], "texture": "#voxels_atlas" },
				"up": { "uv": [ 3.75, 11.25, 4.375, 11.125 ], "texture": "#voxels_atlas" },
				"north": { "uv": [ 5, 11.125, 4.375, 11.25 ], "texture": "#voxels_atlas" },
				"south": { "uv": [ 4.375, 10.75, 5, 10.875 ], "texture": "#voxels_atlas" },
				"west": { "uv": [ 7.625, 13.75, 7.75, 13.875 ], "texture": "#voxels_atlas" },
				"east": { "uv": [ 7.75, 13.375, 7.625, 13.5 ], "texture": "#voxels_atlas" }
			}
		},
		{
			"__comment": "Voxels",
			"from": [ 7.873, 0.5079, 10.7937 ],
			"to": [ 8.50792, 0.6348841, 10.92068 ],
			"faces": {
				"down": { "uv": [ 5, 10.625, 5.625, 10.75 ], "texture": "#voxels_atlas" },
				"up": { "uv": [ 5, 10.375, 5.625, 10.25 ], "texture": "#voxels_atlas" },
				"north": { "uv": [ 6.25, 10.25, 5.625, 10.375 ], "texture": "#voxels_atlas" },
				"south": { "uv": [ 5, 11.125, 5.625, 11.25 ], "texture": "#voxels_atlas" },
				"west": { "uv": [ 7.625, 12.5, 7.75, 12.625 ], "texture": "#voxels_atlas" },
				"east": { "uv": [ 7.75, 12.375, 7.625, 12.5 ], "texture": "#voxels_atlas" }
			}
		},
		{
			"__comment": "Voxels",
			"from": [ 8, 0.127, 2.5397 ],
			"to": [ 8.380953, 0.2539842, 2.666684 ],
			"faces": {
				"down": { "uv": [ 6, 12.125, 6.375, 12.25 ], "texture": "#voxels_atlas" },
				"up": { "uv": [ 6, 10.125, 6.375, 10 ], "texture": "#voxels_atlas" },
				"north": { "uv": [ 4.5, 8.125, 4.125, 8.25 ], "texture": "#voxels_atlas" },
				"south": { "uv": [ 4.125, 8, 4.5, 8.125 ], "texture": "#voxels_atlas" },
				"west": { "uv": [ 6.625, 8, 6.75, 8.125 ], "texture": "#voxels_atlas" },
				"east": { "uv": [ 7.125, 10.5, 7, 10.625 ], "texture": "#voxels_atlas" }
			}
		},
		{
			"__comment": "Voxels",
			"from": [ 8, 0.127, 10.7937 ],
			"to": [ 8.380953, 0.2539842, 10.92068 ],
			"faces": {
				"down": { "uv": [ 4.5, 9.75, 4.875, 9.875 ], "texture": "#voxels_atlas" },
				"up": { "uv": [ 4.875, 9.875, 5.25, 9.75 ], "texture": "#voxels_atlas" },
				"north": { "uv": [ 5.625, 9.75, 5.25, 9.875 ], "texture": "#voxels_atlas" },
				"south": { "uv": [ 5.625, 9.75, 6, 9.875 ], "texture": "#voxels_atlas" },
				"west": { "uv": [ 7.125, 10.375, 7.25, 10.5 ], "texture": "#voxels_atlas" },
				"east": { "uv": [ 7.125, 10.25, 7, 10.375 ], "texture": "#voxels_atlas" }
			}
		},
		{
			"__comment": "Voxels",
			"from": [ 8, 0.254, 2.2857 ],
			"to": [ 8.380953, 0.3809841, 2.539668 ],
			"faces": {
				"down": { "uv": [ 0.375, 8.25, 0.75, 8.5 ], "texture": "#voxels_atlas" },
				"up": { "uv": [ 3.25, 8.5, 3.625, 8.25 ], "texture": "#voxels_atlas" },
				"north": { "uv": [ 6.375, 9.75, 6, 9.875 ], "texture": "#voxels_atlas" },
				"south": { "uv": [ 4.5, 9.625, 4.875, 9.75 ], "texture": "#voxels_atlas" },
				"west": { "uv": [ 6.75, 9.875, 7, 10 ], "texture": "#voxels_atlas" },
				"east": { "uv": [ 7, 9.75, 6.75, 9.875 ], "texture": "#voxels_atlas" }
			}
		},
		{
			"__comment": "Voxels",
			"from": [ 8, 0.254, 2.6667 ],
			"to": [ 8.380953, 0.3809841, 2.793684 ],
			"faces": {
				"down": { "uv": [ 4.875, 9.625, 5.25, 9.75 ], "texture": "#voxels_atlas" },
				"up": { "uv": [ 5.25, 9.75, 5.625, 9.625 ], "texture": "#voxels_atlas" },
				"north": { "uv": [ 6, 9.625, 5.625, 9.75 ], "texture": "#voxels_atlas" },
				"south": { "uv": [ 6, 9.625, 6.375, 9.75 ], "texture": "#voxels_atlas" },
				"west": { "uv": [ 7, 9.75, 7.125, 9.875 ], "texture": "#voxels_atlas" },
				"east": { "uv": [ 7.25, 9.75, 7.125, 9.875 ], "texture": "#voxels_atlas" }
			}
		},
		{
			"__comment": "Voxels",
			"from": [ 8, 0.254, 10.6667 ],
			"to": [ 8.380953, 0.3809841, 10.79368 ],
			"faces": {
				"down": { "uv": [ 5.25, 9.5, 5.625, 9.625 ], "texture": "#voxels_atlas" },
				"up": { "uv": [ 5.625, 9.625, 6, 9.5 ], "texture": "#voxels_atlas" },
				"north": { "uv": [ 6.375, 9.5, 6, 9.625 ], "texture": "#voxels_atlas" },
				"south": { "uv": [ 4.5, 9.375, 4.875, 9.5 ], "texture": "#voxels_atlas" },
				"west": { "uv": [ 7, 9.375, 7.125, 9.5 ], "texture": "#voxels_atlas" },
				"east": { "uv": [ 7.25, 9.375, 7.125, 9.5 ], "texture": "#voxels_atlas" }
			}
		},
		{
			"__comment": "Voxels",
			"from": [ 8, 0.254, 10.9206 ],
			"to": [ 8.380953, 0.3809841, 11.04758 ],
			"faces": {
				"down": { "uv": [ 4.5, 9, 4.875, 9.125 ], "texture": "#voxels_atlas" },
				"up": { "uv": [ 4.5, 9, 4.875, 8.875 ], "texture": "#voxels_atlas" },
				"north": { "uv": [ 4.875, 8.5, 4.5, 8.625 ], "texture": "#voxels_atlas" },
				"south": { "uv": [ 4.5, 8.375, 4.875, 8.5 ], "texture": "#voxels_atlas" },
				"west": { "uv": [ 7, 9.125, 7.125, 9.25 ], "texture": "#voxels_atlas" },
				"east": { "uv": [ 7.25, 9.125, 7.125, 9.25 ], "texture": "#voxels_atlas" }
			}
		},
		{
			"__comment": "Voxels",
			"from": [ 8, 0.381, 1.9048 ],
			"to": [ 8.380953, 0.5079841, 2.285752 ],
			"faces": {
				"down": { "uv": [ 0.375, 8.75, 0.75, 9.125 ], "texture": "#voxels_atlas" },
				"up": { "uv": [ 0.375, 9.5, 0.75, 9.125 ], "texture": "#voxels_atlas" },
				"north": { "uv": [ 4.875, 8.25, 4.5, 8.375 ], "texture": "#voxels_atlas" },
				"south": { "uv": [ 4.5, 8.125, 4.875, 8.25 ], "texture": "#voxels_atlas" },
				"west": { "uv": [ 5.25, 9.375, 5.625, 9.5 ], "texture": "#voxels_atlas" },
				"east": { "uv": [ 6, 9.375, 5.625, 9.5 ], "texture": "#voxels_atlas" }
			}
		},
		{
			"__comment": "Voxels",
			"from": [ 8, 0.381, 2.7937 ],
			"to": [ 8.380953, 0.5079841, 3.428621 ],
			"faces": {
				"down": { "uv": [ 0, 8.25, 0.375, 8.875 ], "texture": "#voxels_atlas" },
				"up": { "uv": [ 0, 9.5, 0.375, 8.875 ], "texture": "#voxels_atlas" },
				"north": { "uv": [ 6.375, 9.375, 6, 9.5 ], "texture": "#voxels_atlas" },
				"south": { "uv": [ 4.875, 9.25, 5.25, 9.375 ], "texture": "#voxels_atlas" },
				"west": { "uv": [ 3.75, 11, 4.375, 11.125 ], "texture": "#voxels_atlas" },
				"east": { "uv": [ 6.25, 11.125, 5.625, 11.25 ], "texture": "#voxels_atlas" }
			}
		},
		{
			"__comment": "Voxels",
			"from": [ 8, 0.381, 4.0635 ],
			"to": [ 8.380953, 0.5079841, 10.66668 ],
			"faces": {
				"down": { "uv": [ 0, 9.5, 0.375, 16 ], "texture": "#voxels_atlas" },
				"up": { "uv": [ 0.375, 16, 0.75, 9.5 ], "texture": "#voxels_atlas" },
				"north": { "uv": [ 5.625, 9.25, 5.25, 9.375 ], "texture": "#voxels_atlas" },
				"south": { "uv": [ 5.625, 9.25, 6, 9.375 ], "texture": "#voxels_atlas" },
				"west": { "uv": [ 3.75, 15.25, 10.25, 15.375 ], "texture": "#voxels_atlas" },
				"east": { "uv": [ 10.25, 15.375, 3.75, 15.5 ], "texture": "#voxels_atlas" }
			}
		},
		{
			"__comment": "Voxels",
			"from": [ 8, 0.381, 11.0476 ],
			"to": [ 8.380953, 0.5079841, 11.17458 ],
			"faces": {
				"down": { "uv": [ 6, 9.25, 6.375, 9.375 ], "texture": "#voxels_atlas" },
				"up": { "uv": [ 4.875, 9.25, 5.25, 9.125 ], "texture": "#voxels_atlas" },
				"north": { "uv": [ 5.625, 9.125, 5.25, 9.25 ], "texture": "#voxels_atlas" },
				"south": { "uv": [ 5.625, 9.125, 6, 9.25 ], "texture": "#voxels_atlas" },
				"west": { "uv": [ 7.25, 10.625, 7.375, 10.75 ], "texture": "#voxels_atlas" },
				"east": { "uv": [ 7.25, 8.25, 7.125, 8.375 ], "texture": "#voxels_atlas" }
			}
		},
		{
			"__comment": "Voxels",
			"from": [ 8, 0.5079, 2.2857 ],
			"to": [ 8.380953, 0.6348841, 2.539668 ],
			"faces": {
				"down": { "uv": [ 3.375, 9.875, 3.75, 10.125 ], "texture": "#voxels_atlas" },
				"up": { "uv": [ 3.375, 12, 3.75, 11.75 ], "texture": "#voxels_atlas" },
				"north": { "uv": [ 5.25, 8.875, 4.875, 9 ], "texture": "#voxels_atlas" },
				"south": { "uv": [ 4.875, 8.75, 5.25, 8.875 ], "texture": "#voxels_atlas" },
				"west": { "uv": [ 6.75, 8.375, 7, 8.5 ], "texture": "#voxels_atlas" },
				"east": { "uv": [ 7.25, 14.5, 7, 14.625 ], "texture": "#voxels_atlas" }
			}
		},
		{
			"__comment": "Voxels",
			"from": [ 8, 0.5079, 2.6667 ],
			"to": [ 8.380953, 0.6348841, 2.793684 ],
			"faces": {
				"down": { "uv": [ 4.875, 8.625, 5.25, 8.75 ], "texture": "#voxels_atlas" },
				"up": { "uv": [ 4.875, 8.625, 5.25, 8.5 ], "texture": "#voxels_atlas" },
				"north": { "uv": [ 5.25, 8.375, 4.875, 8.5 ], "texture": "#voxels_atlas" },
				"south": { "uv": [ 4.875, 8.25, 5.25, 8.375 ], "texture": "#voxels_atlas" },
				"west": { "uv": [ 7.25, 14.875, 7.375, 15 ], "texture": "#voxels_atlas" },
				"east": { "uv": [ 7.375, 14.75, 7.25, 14.875 ], "texture": "#voxels_atlas" }
			}
		},
		{
			"__comment": "Voxels",
			"from": [ 8, 0.5079, 10.6667 ],
			"to": [ 8.380953, 0.6348841, 10.79368 ],
			"faces": {
				"down": { "uv": [ 4.875, 8.125, 5.25, 8.25 ], "texture": "#voxels_atlas" },
				"up": { "uv": [ 4.875, 8.125, 5.25, 8 ], "texture": "#voxels_atlas" },
				"north": { "uv": [ 5.625, 9, 5.25, 9.125 ], "texture": "#voxels_atlas" },
				"south": { "uv": [ 5.625, 9, 6, 9.125 ], "texture": "#voxels_atlas" },
				"west": { "uv": [ 7.25, 14.375, 7.375, 14.5 ], "texture": "#voxels_atlas" },
				"east": { "uv": [ 7.375, 14.25, 7.25, 14.375 ], "texture": "#voxels_atlas" }
			}
		},
		{
			"__comment": "Voxels",
			"from": [ 8, 0.5079, 10.9206 ],
			"to": [ 8.380953, 0.6348841, 11.04758 ],
			"faces": {
				"down": { "uv": [ 5.25, 8.75, 5.625, 8.875 ], "texture": "#voxels_atlas" },
				"up": { "uv": [ 5.625, 8.875, 6, 8.75 ], "texture": "#voxels_atlas" },
				"north": { "uv": [ 6.375, 8.75, 6, 8.875 ], "texture": "#voxels_atlas" },
				"south": { "uv": [ 5.25, 8.625, 5.625, 8.75 ], "texture": "#voxels_atlas" },
				"west": { "uv": [ 7.25, 13.75, 7.375, 13.875 ], "texture": "#voxels_atlas" },
				"east": { "uv": [ 7.375, 13.625, 7.25, 13.75 ], "texture": "#voxels_atlas" }
			}
		},
		{
			"__comment": "Voxels",
			"from": [ 8, 0.6349, 2.5397 ],
			"to": [ 8.380953, 0.7618841, 2.666684 ],
			"faces": {
				"down": { "uv": [ 5.25, 8.5, 5.625, 8.625 ], "texture": "#voxels_atlas" },
				"up": { "uv": [ 5.25, 8.5, 5.625, 8.375 ], "texture": "#voxels_atlas" },
				"north": { "uv": [ 5.625, 8.25, 5.25, 8.375 ], "texture": "#voxels_atlas" },
				"south": { "uv": [ 5.25, 8.125, 5.625, 8.25 ], "texture": "#voxels_atlas" },
				"west": { "uv": [ 7.25, 13.25, 7.375, 13.375 ], "texture": "#voxels_atlas" },
				"east": { "uv": [ 7.375, 13.125, 7.25, 13.25 ], "texture": "#voxels_atlas" }
			}
		},
		{
			"__comment": "Voxels",
			"from": [ 8, 0.6349, 10.7937 ],
			"to": [ 8.380953, 0.7618841, 10.92068 ],
			"faces": {
				"down": { "uv": [ 5.25, 8, 5.625, 8.125 ], "texture": "#voxels_atlas" },
				"up": { "uv": [ 5.625, 8.75, 6, 8.625 ], "texture": "#voxels_atlas" },
				"north": { "uv": [ 6.375, 8.625, 6, 8.75 ], "texture": "#voxels_atlas" },
				"south": { "uv": [ 5.625, 8.5, 6, 8.625 ], "texture": "#voxels_atlas" },
				"west": { "uv": [ 7.25, 12.625, 7.375, 12.75 ], "texture": "#voxels_atlas" },
				"east": { "uv": [ 7.375, 12.5, 7.25, 12.625 ], "texture": "#voxels_atlas" }
			}
		},
		{
			"__comment": "Voxels",
			"from": [ 8.127, 0, 2.5397 ],
			"to": [ 8.253984, 0.1269841, 2.666684 ],
			"faces": {
				"down": { "uv": [ 7.25, 12.375, 7.375, 12.5 ], "texture": "#voxels_atlas" },
				"up": { "uv": [ 7.25, 12.375, 7.375, 12.25 ], "texture": "#voxels_atlas" },
				"north": { "uv": [ 7.375, 12.125, 7.25, 12.25 ], "texture": "#voxels_atlas" },
				"south": { "uv": [ 7.25, 12, 7.375, 12.125 ], "texture": "#voxels_atlas" },
				"west": { "uv": [ 7.25, 11.875, 7.375, 12 ], "texture": "#voxels_atlas" },
				"east": { "uv": [ 7.375, 11.75, 7.25, 11.875 ], "texture": "#voxels_atlas" }
			}
		},
		{
			"__comment": "Voxels",
			"from": [ 8.127, 0, 10.7937 ],
			"to": [ 8.253984, 0.1269841, 10.92068 ],
			"faces": {
				"down": { "uv": [ 7.25, 11.625, 7.375, 11.75 ], "texture": "#voxels_atlas" },
				"up": { "uv": [ 7.25, 11.625, 7.375, 11.5 ], "texture": "#voxels_atlas" },
				"north": { "uv": [ 7.375, 11.375, 7.25, 11.5 ], "texture": "#voxels_atlas" },
				"south": { "uv": [ 7.25, 11.25, 7.375, 11.375 ], "texture": "#voxels_atlas" },
				"west": { "uv": [ 7.25, 11.125, 7.375, 11.25 ], "texture": "#voxels_atlas" },
				"east": { "uv": [ 7.375, 11, 7.25, 11.125 ], "texture": "#voxels_atlas" }
			}
		},
		{
			"__comment": "Voxels",
			"from": [ 8.127, 0.127, 2.2857 ],
			"to": [ 8.253984, 0.2539842, 2.539668 ],
			"faces": {
				"down": { "uv": [ 6.25, 14.75, 6.375, 15 ], "texture": "#voxels_atlas" },
				"up": { "uv": [ 3.625, 8.5, 3.75, 8.25 ], "texture": "#voxels_atlas" },
				"north": { "uv": [ 7.375, 10.875, 7.25, 11 ], "texture": "#voxels_atlas" },
				"south": { "uv": [ 7.25, 10.75, 7.375, 10.875 ], "texture": "#voxels_atlas" },
				"west": { "uv": [ 6.75, 11.875, 7, 12 ], "texture": "#voxels_atlas" },
				"east": { "uv": [ 7.25, 13.625, 7, 13.75 ], "texture": "#voxels_atlas" }
			}
		},
		{
			"__comment": "Voxels",
			"from": [ 8.127, 0.127, 2.6667 ],
			"to": [ 8.253984, 0.2539842, 2.793684 ],
			"faces": {
				"down": { "uv": [ 7.25, 10.375, 7.375, 10.5 ], "texture": "#voxels_atlas" },
				"up": { "uv": [ 7.25, 10.375, 7.375, 10.25 ], "texture": "#voxels_atlas" },
				"north": { "uv": [ 7.375, 10.125, 7.25, 10.25 ], "texture": "#voxels_atlas" },
				"south": { "uv": [ 7.25, 10, 7.375, 10.125 ], "texture": "#voxels_atlas" },
				"west": { "uv": [ 7.25, 9.875, 7.375, 10 ], "texture": "#voxels_atlas" },
				"east": { "uv": [ 7.625, 11.125, 7.5, 11.25 ], "texture": "#voxels_atlas" }
			}
		},
		{
			"__comment": "Voxels",
			"from": [ 8.127, 0.127, 10.6667 ],
			"to": [ 8.253984, 0.2539842, 10.79368 ],
			"faces": {
				"down": { "uv": [ 7.25, 9.625, 7.375, 9.75 ], "texture": "#voxels_atlas" },
				"up": { "uv": [ 7.25, 9.625, 7.375, 9.5 ], "texture": "#voxels_atlas" },
				"north": { "uv": [ 7.375, 9.375, 7.25, 9.5 ], "texture": "#voxels_atlas" },
				"south": { "uv": [ 7.25, 9.25, 7.375, 9.375 ], "texture": "#voxels_atlas" },
				"west": { "uv": [ 7.25, 9.125, 7.375, 9.25 ], "texture": "#voxels_atlas" },
				"east": { "uv": [ 7.375, 9, 7.25, 9.125 ], "texture": "#voxels_atlas" }
			}
		},
		{
			"__comment": "Voxels",
			"from": [ 8.127, 0.127, 10.9206 ],
			"to": [ 8.253984, 0.2539842, 11.04758 ],
			"faces": {
				"down": { "uv": [ 7.25, 8.875, 7.375, 9 ], "texture": "#voxels_atlas" },
				"up": { "uv": [ 7.25, 8.875, 7.375, 8.75 ], "texture": "#voxels_atlas" },
				"north": { "uv": [ 7.375, 8.625, 7.25, 8.75 ], "texture": "#voxels_atlas" },
				"south": { "uv": [ 7.25, 8.5, 7.375, 8.625 ], "texture": "#voxels_atlas" },
				"west": { "uv": [ 7.25, 8.375, 7.375, 8.5 ], "texture": "#voxels_atlas" },
				"east": { "uv": [ 7.375, 8.25, 7.25, 8.375 ], "texture": "#voxels_atlas" }
			}
		},
		{
			"__comment": "Voxels",
			"from": [ 8.127, 0.254, 1.9048 ],
			"to": [ 8.253984, 0.3809841, 2.285752 ],
			"faces": {
				"down": { "uv": [ 6, 8, 6.125, 8.375 ], "texture": "#voxels_atlas" },
				"up": { "uv": [ 6.125, 8.375, 6.25, 8 ], "texture": "#voxels_atlas" },
				"north": { "uv": [ 7.5, 15.125, 7.375, 15.25 ], "texture": "#voxels_atlas" },
				"south": { "uv": [ 7.375, 15, 7.5, 15.125 ], "texture": "#voxels_atlas" },
				"west": { "uv": [ 5.625, 8, 6, 8.125 ], "texture": "#voxels_atlas" },
				"east": { "uv": [ 6.75, 15.125, 6.375, 15.25 ], "texture": "#voxels_atlas" }
			}
		},
		{
			"__comment": "Voxels",
			"from": [ 8.127, 0.254, 2.7937 ],
			"to": [ 8.253984, 0.3809841, 3.555605 ],
			"faces": {
				"down": { "uv": [ 4.875, 11.375, 5, 12.125 ], "texture": "#voxels_atlas" },
				"up": { "uv": [ 4.75, 12.125, 4.875, 11.375 ], "texture": "#voxels_atlas" },
				"north": { "uv": [ 7.5, 14.375, 7.375, 14.5 ], "texture": "#voxels_atlas" },
				"south": { "uv": [ 7.375, 14.25, 7.5, 14.375 ], "texture": "#voxels_atlas" },
				"west": { "uv": [ 4, 12, 4.75, 12.125 ], "texture": "#voxels_atlas" },
				"east": { "uv": [ 6, 12.125, 5.25, 12.25 ], "texture": "#voxels_atlas" }
			}
		},
		{
			"__comment": "Voxels",
			"from": [ 8.127, 0.254, 3.9365 ],
			"to": [ 8.253984, 0.3809841, 10.66666 ],
			"faces": {
				"down": { "uv": [ 1.125, 8.375, 1.25, 15 ], "texture": "#voxels_atlas" },
				"up": { "uv": [ 1, 15, 1.125, 8.375 ], "texture": "#voxels_atlas" },
				"north": { "uv": [ 7.5, 13.625, 7.375, 13.75 ], "texture": "#voxels_atlas" },
				"south": { "uv": [ 7.375, 13.5, 7.5, 13.625 ], "texture": "#voxels_atlas" },
				"west": { "uv": [ 3.75, 15.875, 10.375, 16 ], "texture": "#voxels_atlas" },
				"east": { "uv": [ 10.375, 15.75, 3.75, 15.875 ], "texture": "#voxels_atlas" }
			}
		},
		{
			"__comment": "Voxels",
			"from": [ 8.127, 0.254, 11.0476 ],
			"to": [ 8.253984, 0.3809841, 11.17458 ],
			"faces": {
				"down": { "uv": [ 7.375, 13.125, 7.5, 13.25 ], "texture": "#voxels_atlas" },
				"up": { "uv": [ 7.375, 13.125, 7.5, 13 ], "texture": "#voxels_atlas" },
				"north": { "uv": [ 7.5, 12.875, 7.375, 13 ], "texture": "#voxels_atlas" },
				"south": { "uv": [ 7.375, 12.75, 7.5, 12.875 ], "texture": "#voxels_atlas" },
				"west": { "uv": [ 7.375, 12.625, 7.5, 12.75 ], "texture": "#voxels_atlas" },
				"east": { "uv": [ 7.5, 12.5, 7.375, 12.625 ], "texture": "#voxels_atlas" }
			}
		},
		{
			"__comment": "Voxels",
			"from": [ 8.127, 0.381, 1.5238 ],
			"to": [ 8.253984, 0.5079841, 1.904752 ],
			"faces": {
				"down": { "uv": [ 6.25, 8, 6.375, 8.375 ], "texture": "#voxels_atlas" },
				"up": { "uv": [ 6.375, 15.125, 6.5, 14.75 ], "texture": "#voxels_atlas" },
				"north": { "uv": [ 7.5, 12.125, 7.375, 12.25 ], "texture": "#voxels_atlas" },
				"south": { "uv": [ 7.375, 12, 7.5, 12.125 ], "texture": "#voxels_atlas" },
				"west": { "uv": [ 6.375, 14.625, 6.75, 14.75 ], "texture": "#voxels_atlas" },
				"east": { "uv": [ 6.75, 14.5, 6.375, 14.625 ], "texture": "#voxels_atlas" }
			}
		},
		{
			"__comment": "Voxels",
			"from": [ 8.127, 0.381, 11.1746 ],
			"to": [ 8.253984, 0.5079841, 11.30158 ],
			"faces": {
				"down": { "uv": [ 7.375, 11.625, 7.5, 11.75 ], "texture": "#voxels_atlas" },
				"up": { "uv": [ 7.375, 11.625, 7.5, 11.5 ], "texture": "#voxels_atlas" },
				"north": { "uv": [ 7.5, 11.375, 7.375, 11.5 ], "texture": "#voxels_atlas" },
				"south": { "uv": [ 7.375, 11.25, 7.5, 11.375 ], "texture": "#voxels_atlas" },
				"west": { "uv": [ 7.375, 11.125, 7.5, 11.25 ], "texture": "#voxels_atlas" },
				"east": { "uv": [ 7.5, 11, 7.375, 11.125 ], "texture": "#voxels_atlas" }
			}
		},
		{
			"__comment": "Voxels",
			"from": [ 8.127, 0.5079, 1.9048 ],
			"to": [ 8.253984, 0.6348841, 2.285752 ],
			"faces": {
				"down": { "uv": [ 6.5, 14.75, 6.625, 15.125 ], "texture": "#voxels_atlas" },
				"up": { "uv": [ 6.625, 15.125, 6.75, 14.75 ], "texture": "#voxels_atlas" },
				"north": { "uv": [ 7.5, 10.625, 7.375, 10.75 ], "texture": "#voxels_atlas" },
				"south": { "uv": [ 7.375, 10.5, 7.5, 10.625 ], "texture": "#voxels_atlas" },
				"west": { "uv": [ 6.375, 14.375, 6.75, 14.5 ], "texture": "#voxels_atlas" },
				"east": { "uv": [ 6.75, 14.25, 6.375, 14.375 ], "texture": "#voxels_atlas" }
			}
		},
		{
			"__comment": "Voxels",
			"from": [ 8.127, 0.5079, 2.7937 ],
			"to": [ 8.253984, 0.6348841, 3.555605 ],
			"faces": {
				"down": { "uv": [ 3.875, 11.375, 4, 12.125 ], "texture": "#voxels_atlas" },
				"up": { "uv": [ 3.75, 12.125, 3.875, 11.375 ], "texture": "#voxels_atlas" },
				"north": { "uv": [ 7.5, 9.875, 7.375, 10 ], "texture": "#voxels_atlas" },
				"south": { "uv": [ 7.375, 9.75, 7.5, 9.875 ], "texture": "#voxels_atlas" },
				"west": { "uv": [ 4.5, 12.125, 5.25, 12.25 ], "texture": "#voxels_atlas" },
				"east": { "uv": [ 4.5, 12.125, 3.75, 12.25 ], "texture": "#voxels_atlas" }
			}
		},
		{
			"__comment": "Voxels",
			"from": [ 8.127, 0.5079, 3.9365 ],
			"to": [ 8.253984, 0.6348841, 10.66666 ],
			"faces": {
				"down": { "uv": [ 0.875, 8.375, 1, 15 ], "texture": "#voxels_atlas" },
				"up": { "uv": [ 0.75, 15, 0.875, 8.375 ], "texture": "#voxels_atlas" },
				"north": { "uv": [ 7.5, 9.125, 7.375, 9.25 ], "texture": "#voxels_atlas" },
				"south": { "uv": [ 7.375, 9, 7.5, 9.125 ], "texture": "#voxels_atlas" },
				"west": { "uv": [ 3.75, 15.5, 10.375, 15.625 ], "texture": "#voxels_atlas" },
				"east": { "uv": [ 10.375, 15.625, 3.75, 15.75 ], "texture": "#voxels_atlas" }
			}
		},
		{
			"__comment": "Voxels",
			"from": [ 8.127, 0.5079, 11.0476 ],
			"to": [ 8.253984, 0.6348841, 11.17458 ],
			"faces": {
				"down": { "uv": [ 7.375, 8.625, 7.5, 8.75 ], "texture": "#voxels_atlas" },
				"up": { "uv": [ 7.375, 8.625, 7.5, 8.5 ], "texture": "#voxels_atlas" },
				"north": { "uv": [ 7.5, 8.375, 7.375, 8.5 ], "texture": "#voxels_atlas" },
				"south": { "uv": [ 7.375, 8.25, 7.5, 8.375 ], "texture": "#voxels_atlas" },
				"west": { "uv": [ 7.375, 8.125, 7.5, 8.25 ], "texture": "#voxels_atlas" },
				"east": { "uv": [ 7.5, 8, 7.375, 8.125 ], "texture": "#voxels_atlas" }
			}
		},
		{
			"__comment": "Voxels",
			"from": [ 8.127, 0.6349, 2.2857 ],
			"to": [ 8.253984, 0.7618841, 2.539668 ],
			"faces": {
				"down": { "uv": [ 7, 12.125, 7.125, 12.375 ], "texture": "#voxels_atlas" },
				"up": { "uv": [ 7.125, 12.375, 7.25, 12.125 ], "texture": "#voxels_atlas" },
				"north": { "uv": [ 7.625, 14.875, 7.5, 15 ], "texture": "#voxels_atlas" },
				"south": { "uv": [ 7.5, 14.75, 7.625, 14.875 ], "texture": "#voxels_atlas" },
				"west": { "uv": [ 7, 12, 7.25, 12.125 ], "texture": "#voxels_atlas" },
				"east": { "uv": [ 7.25, 11.875, 7, 12 ], "texture": "#voxels_atlas" }
			}
		},
		{
			"__comment": "Voxels",
			"from": [ 8.127, 0.6349, 2.6667 ],
			"to": [ 8.253984, 0.7618841, 2.793684 ],
			"faces": {
				"down": { "uv": [ 7.5, 14.375, 7.625, 14.5 ], "texture": "#voxels_atlas" },
				"up": { "uv": [ 7.5, 14.375, 7.625, 14.25 ], "texture": "#voxels_atlas" },
				"north": { "uv": [ 7.625, 14.125, 7.5, 14.25 ], "texture": "#voxels_atlas" },
				"south": { "uv": [ 7.5, 14, 7.625, 14.125 ], "texture": "#voxels_atlas" },
				"west": { "uv": [ 7.5, 13.875, 7.625, 14 ], "texture": "#voxels_atlas" },
				"east": { "uv": [ 7.625, 13.75, 7.5, 13.875 ], "texture": "#voxels_atlas" }
			}
		},
		{
			"__comment": "Voxels",
			"from": [ 8.127, 0.6349, 10.6667 ],
			"to": [ 8.253984, 0.7618841, 10.79368 ],
			"faces": {
				"down": { "uv": [ 7.5, 13.625, 7.625, 13.75 ], "texture": "#voxels_atlas" },
				"up": { "uv": [ 7.5, 13.625, 7.625, 13.5 ], "texture": "#voxels_atlas" },
				"north": { "uv": [ 7.625, 13.375, 7.5, 13.5 ], "texture": "#voxels_atlas" },
				"south": { "uv": [ 7.5, 13.25, 7.625, 13.375 ], "texture": "#voxels_atlas" },
				"west": { "uv": [ 7.5, 13.125, 7.625, 13.25 ], "texture": "#voxels_atlas" },
				"east": { "uv": [ 7.625, 13, 7.5, 13.125 ], "texture": "#voxels_atlas" }
			}
		},
		{
			"__comment": "Voxels",
			"from": [ 8.127, 0.6349, 10.9206 ],
			"to": [ 8.253984, 0.7618841, 11.04758 ],
			"faces": {
				"down": { "uv": [ 7.5, 12.875, 7.625, 13 ], "texture": "#voxels_atlas" },
				"up": { "uv": [ 7.5, 12.875, 7.625, 12.75 ], "texture": "#voxels_atlas" },
				"north": { "uv": [ 7.625, 12.625, 7.5, 12.75 ], "texture": "#voxels_atlas" },
				"south": { "uv": [ 7.5, 12.5, 7.625, 12.625 ], "texture": "#voxels_atlas" },
				"west": { "uv": [ 7.5, 12.375, 7.625, 12.5 ], "texture": "#voxels_atlas" },
				"east": { "uv": [ 7.625, 12.25, 7.5, 12.375 ], "texture": "#voxels_atlas" }
			}
		},
		{
			"__comment": "Voxels",
			"from": [ 8.127, 0.7619, 2.5397 ],
			"to": [ 8.253984, 0.8888841, 2.666684 ],
			"faces": {
				"down": { "uv": [ 7.5, 12.125, 7.625, 12.25 ], "texture": "#voxels_atlas" },
				"up": { "uv": [ 7.5, 12.125, 7.625, 12 ], "texture": "#voxels_atlas" },
				"north": { "uv": [ 7.625, 11.875, 7.5, 12 ], "texture": "#voxels_atlas" },
				"south": { "uv": [ 7.5, 11.75, 7.625, 11.875 ], "texture": "#voxels_atlas" },
				"west": { "uv": [ 7.5, 11.625, 7.625, 11.75 ], "texture": "#voxels_atlas" },
				"east": { "uv": [ 7.625, 11.5, 7.5, 11.625 ], "texture": "#voxels_atlas" }
			}
		},
		{
			"__comment": "Voxels",
			"from": [ 8.127, 0.7619, 10.7937 ],
			"to": [ 8.253984, 0.8888841, 10.92068 ],
			"faces": {
				"down": { "uv": [ 7.5, 11.375, 7.625, 11.5 ], "texture": "#voxels_atlas" },
				"up": { "uv": [ 7.5, 11.375, 7.625, 11.25 ], "texture": "#voxels_atlas" },
				"north": { "uv": [ 7.875, 12.5, 7.75, 12.625 ], "texture": "#voxels_atlas" },
				"south": { "uv": [ 7.5, 11, 7.625, 11.125 ], "texture": "#voxels_atlas" },
				"west": { "uv": [ 7.5, 10.875, 7.625, 11 ], "texture": "#voxels_atlas" },
				"east": { "uv": [ 7.625, 10.75, 7.5, 10.875 ], "texture": "#voxels_atlas" }
			}
		},
		{
			"__comment": "Voxels",
			"from": [ 8.6349, 0.381, 2.7937 ],
			"to": [ 8.761885, 0.5079841, 3.174652 ],
			"faces": {
				"down": { "uv": [ 6.375, 13.875, 6.5, 14.25 ], "texture": "#voxels_atlas" },
				"up": { "uv": [ 6.5, 14.25, 6.625, 13.875 ], "texture": "#voxels_atlas" },
				"north": { "uv": [ 7.625, 10.375, 7.5, 10.5 ], "texture": "#voxels_atlas" },
				"south": { "uv": [ 7.5, 10.25, 7.625, 10.375 ], "texture": "#voxels_atlas" },
				"west": { "uv": [ 6.375, 13.75, 6.75, 13.875 ], "texture": "#voxels_atlas" },
				"east": { "uv": [ 6.75, 13.625, 6.375, 13.75 ], "texture": "#voxels_atlas" }
			}
		},
		{
			"__comment": "Voxels",
			"from": [ 8.6349, 0.381, 4.3175 ],
			"to": [ 9.015853, 0.5079841, 4.444484 ],
			"faces": {
				"down": { "uv": [ 6.375, 13.5, 6.75, 13.625 ], "texture": "#voxels_atlas" },
				"up": { "uv": [ 6.375, 13.5, 6.75, 13.375 ], "texture": "#voxels_atlas" },
				"north": { "uv": [ 6.75, 13.25, 6.375, 13.375 ], "texture": "#voxels_atlas" },
				"south": { "uv": [ 6.375, 13.125, 6.75, 13.25 ], "texture": "#voxels_atlas" },
				"west": { "uv": [ 7.5, 9.375, 7.625, 9.5 ], "texture": "#voxels_atlas" },
				"east": { "uv": [ 7.625, 9.25, 7.5, 9.375 ], "texture": "#voxels_atlas" }
			}
		},
		{
			"__comment": "Voxels",
			"from": [ 8.6349, 0.381, 4.4444 ],
			"to": [ 8.888868, 0.5079841, 4.571384 ],
			"faces": {
				"down": { "uv": [ 7, 11.75, 7.25, 11.875 ], "texture": "#voxels_atlas" },
				"up": { "uv": [ 7, 11.75, 7.25, 11.625 ], "texture": "#voxels_atlas" },
				"north": { "uv": [ 7.25, 11.5, 7, 11.625 ], "texture": "#voxels_atlas" },
				"south": { "uv": [ 7, 11.375, 7.25, 11.5 ], "texture": "#voxels_atlas" },
				"west": { "uv": [ 7.5, 8.625, 7.625, 8.75 ], "texture": "#voxels_atlas" },
				"east": { "uv": [ 7.625, 8.5, 7.5, 8.625 ], "texture": "#voxels_atlas" }
			}
		},
		{
			"__comment": "Voxels",
			"from": [ 8.6349, 0.381, 4.5714 ],
			"to": [ 8.761885, 0.5079841, 4.698384 ],
			"faces": {
				"down": { "uv": [ 7.5, 8.375, 7.625, 8.5 ], "texture": "#voxels_atlas" },
				"up": { "uv": [ 7.5, 8.375, 7.625, 8.25 ], "texture": "#voxels_atlas" },
				"north": { "uv": [ 7.625, 8.125, 7.5, 8.25 ], "texture": "#voxels_atlas" },
				"south": { "uv": [ 7.5, 8, 7.625, 8.125 ], "texture": "#voxels_atlas" },
				"west": { "uv": [ 7.625, 15.125, 7.75, 15.25 ], "texture": "#voxels_atlas" },
				"east": { "uv": [ 7.75, 15, 7.625, 15.125 ], "texture": "#voxels_atlas" }
			}
		},
		{
			"__comment": "Voxels",
			"from": [ 8.7619, 0.381, 2.9206 ],
			"to": [ 8.888885, 0.5079841, 3.301552 ],
			"faces": {
				"down": { "uv": [ 6.625, 13.875, 6.75, 14.25 ], "texture": "#voxels_atlas" },
				"up": { "uv": [ 6.375, 13.125, 6.5, 12.75 ], "texture": "#voxels_atlas" },
				"north": { "uv": [ 7.75, 14.625, 7.625, 14.75 ], "texture": "#voxels_atlas" },
				"south": { "uv": [ 7.625, 14.5, 7.75, 14.625 ], "texture": "#voxels_atlas" },
				"west": { "uv": [ 6.375, 12.625, 6.75, 12.75 ], "texture": "#voxels_atlas" },
				"east": { "uv": [ 6.75, 12.5, 6.375, 12.625 ], "texture": "#voxels_atlas" }
			}
		},
		{
			"__comment": "Voxels",
			"from": [ 8.7619, 0.381, 4.1905 ],
			"to": [ 9.142853, 0.5079841, 4.317484 ],
			"faces": {
				"down": { "uv": [ 6.375, 12.375, 6.75, 12.5 ], "texture": "#voxels_atlas" },
				"up": { "uv": [ 6.375, 12.375, 6.75, 12.25 ], "texture": "#voxels_atlas" },
				"north": { "uv": [ 6.75, 12.125, 6.375, 12.25 ], "texture": "#voxels_atlas" },
				"south": { "uv": [ 6.375, 12, 6.75, 12.125 ], "texture": "#voxels_atlas" },
				"west": { "uv": [ 7.625, 13.625, 7.75, 13.75 ], "texture": "#voxels_atlas" },
				"east": { "uv": [ 7.75, 13.5, 7.625, 13.625 ], "texture": "#voxels_atlas" }
			}
		},
		{
			"__comment": "Voxels",
			"from": [ 8.8889, 0.381, 3.0476 ],
			"to": [ 9.015884, 0.5079841, 3.428552 ],
			"faces": {
				"down": { "uv": [ 6.5, 12.75, 6.625, 13.125 ], "texture": "#voxels_atlas" },
				"up": { "uv": [ 6.625, 13.125, 6.75, 12.75 ], "texture": "#voxels_atlas" },
				"north": { "uv": [ 7.75, 13.125, 7.625, 13.25 ], "texture": "#voxels_atlas" },
				"south": { "uv": [ 7.625, 13, 7.75, 13.125 ], "texture": "#voxels_atlas" },
				"west": { "uv": [ 6.375, 11.875, 6.75, 12 ], "texture": "#voxels_atlas" },
				"east": { "uv": [ 6.75, 11.75, 6.375, 11.875 ], "texture": "#voxels_atlas" }
			}
		},
		{
			"__comment": "Voxels",
			"from": [ 8.8889, 0.381, 4.0635 ],
			"to": [ 9.269853, 0.5079841, 4.190484 ],
			"faces": {
				"down": { "uv": [ 6.375, 11.625, 6.75, 11.75 ], "texture": "#voxels_atlas" },
				"up": { "uv": [ 6.375, 11.625, 6.75, 11.5 ], "texture": "#voxels_atlas" },
				"north": { "uv": [ 6.75, 11.375, 6.375, 11.5 ], "texture": "#voxels_atlas" },
				"south": { "uv": [ 6.375, 11.25, 6.75, 11.375 ], "texture": "#voxels_atlas" },
				"west": { "uv": [ 7.625, 12.125, 7.75, 12.25 ], "texture": "#voxels_atlas" },
				"east": { "uv": [ 7.75, 12, 7.625, 12.125 ], "texture": "#voxels_atlas" }
			}
		},
		{
			"__comment": "Voxels",
			"from": [ 9.0159, 0.254, 3.4286 ],
			"to": [ 9.142884, 0.3809841, 3.555584 ],
			"faces": {
				"down": { "uv": [ 7.625, 11.875, 7.75, 12 ], "texture": "#voxels_atlas" },
				"up": { "uv": [ 7.625, 11.875, 7.75, 11.75 ], "texture": "#voxels_atlas" },
				"north": { "uv": [ 7.75, 11.625, 7.625, 11.75 ], "texture": "#voxels_atlas" },
				"south": { "uv": [ 7.625, 11.5, 7.75, 11.625 ], "texture": "#voxels_atlas" },
				"west": { "uv": [ 7.625, 11.375, 7.75, 11.5 ], "texture": "#voxels_atlas" },
				"east": { "uv": [ 7.75, 11.25, 7.625, 11.375 ], "texture": "#voxels_atlas" }
			}
		},
		{
			"__comment": "Voxels",
			"from": [ 9.0159, 0.254, 3.9365 ],
			"to": [ 9.142884, 0.3809841, 4.063484 ],
			"faces": {
				"down": { "uv": [ 7.625, 11.125, 7.75, 11.25 ], "texture": "#voxels_atlas" },
				"up": { "uv": [ 7.625, 11.125, 7.75, 11 ], "texture": "#voxels_atlas" },
				"north": { "uv": [ 7.75, 10.875, 7.625, 11 ], "texture": "#voxels_atlas" },
				"south": { "uv": [ 7.625, 10.75, 7.75, 10.875 ], "texture": "#voxels_atlas" },
				"west": { "uv": [ 7.625, 10.625, 7.75, 10.75 ], "texture": "#voxels_atlas" },
				"east": { "uv": [ 7.75, 10.5, 7.625, 10.625 ], "texture": "#voxels_atlas" }
			}
		},
		{
			"__comment": "Voxels",
			"from": [ 9.0159, 0.381, 3.1746 ],
			"to": [ 9.142884, 0.5079841, 3.428568 ],
			"faces": {
				"down": { "uv": [ 7, 11.125, 7.125, 11.375 ], "texture": "#voxels_atlas" },
				"up": { "uv": [ 7.125, 11.375, 7.25, 11.125 ], "texture": "#voxels_atlas" },
				"north": { "uv": [ 7.75, 10.125, 7.625, 10.25 ], "texture": "#voxels_atlas" },
				"south": { "uv": [ 7.625, 10, 7.75, 10.125 ], "texture": "#voxels_atlas" },
				"west": { "uv": [ 7, 11, 7.25, 11.125 ], "texture": "#voxels_atlas" },
				"east": { "uv": [ 7.25, 10.875, 7, 11 ], "texture": "#voxels_atlas" }
			}
		},
		{
			"__comment": "Voxels",
			"from": [ 9.0159, 0.5079, 3.4286 ],
			"to": [ 9.142884, 0.6348841, 3.555584 ],
			"faces": {
				"down": { "uv": [ 7.625, 9.625, 7.75, 9.75 ], "texture": "#voxels_atlas" },
				"up": { "uv": [ 7.625, 9.625, 7.75, 9.5 ], "texture": "#voxels_atlas" },
				"north": { "uv": [ 7.75, 9.375, 7.625, 9.5 ], "texture": "#voxels_atlas" },
				"south": { "uv": [ 7.625, 9.25, 7.75, 9.375 ], "texture": "#voxels_atlas" },
				"west": { "uv": [ 7.625, 9.125, 7.75, 9.25 ], "texture": "#voxels_atlas" },
				"east": { "uv": [ 7.75, 9, 7.625, 9.125 ], "texture": "#voxels_atlas" }
			}
		},
		{
			"__comment": "Voxels",
			"from": [ 9.0159, 0.5079, 3.9365 ],
			"to": [ 9.142884, 0.6348841, 4.063484 ],
			"faces": {
				"down": { "uv": [ 7.625, 8.875, 7.75, 9 ], "texture": "#voxels_atlas" },
				"up": { "uv": [ 7.625, 8.875, 7.75, 8.75 ], "texture": "#voxels_atlas" },
				"north": { "uv": [ 7.75, 8.625, 7.625, 8.75 ], "texture": "#voxels_atlas" },
				"south": { "uv": [ 7.625, 8.5, 7.75, 8.625 ], "texture": "#voxels_atlas" },
				"west": { "uv": [ 7.625, 8.375, 7.75, 8.5 ], "texture": "#voxels_atlas" },
				"east": { "uv": [ 7.75, 8.25, 7.625, 8.375 ], "texture": "#voxels_atlas" }
			}
		},
		{
			"__comment": "Voxels",
			"from": [ 9.1429, 0.254, 3.6825 ],
			"to": [ 9.269884, 0.3809841, 3.809484 ],
			"faces": {
				"down": { "uv": [ 7.625, 8.125, 7.75, 8.25 ], "texture": "#voxels_atlas" },
				"up": { "uv": [ 7.625, 8.125, 7.75, 8 ], "texture": "#voxels_atlas" },
				"north": { "uv": [ 7.875, 15.125, 7.75, 15.25 ], "texture": "#voxels_atlas" },
				"south": { "uv": [ 7.75, 15, 7.875, 15.125 ], "texture": "#voxels_atlas" },
				"west": { "uv": [ 7.75, 14.875, 7.875, 15 ], "texture": "#voxels_atlas" },
				"east": { "uv": [ 7.875, 14.75, 7.75, 14.875 ], "texture": "#voxels_atlas" }
			}
		},
		{
			"__comment": "Voxels",
			"from": [ 9.1429, 0.381, 3.3016 ],
			"to": [ 9.269884, 0.5079841, 3.428584 ],
			"faces": {
				"down": { "uv": [ 7.75, 14.625, 7.875, 14.75 ], "texture": "#voxels_atlas" },
				"up": { "uv": [ 7.75, 14.625, 7.875, 14.5 ], "texture": "#voxels_atlas" },
				"north": { "uv": [ 7.875, 14.375, 7.75, 14.5 ], "texture": "#voxels_atlas" },
				"south": { "uv": [ 7.75, 14.25, 7.875, 14.375 ], "texture": "#voxels_atlas" },
				"west": { "uv": [ 7.75, 14.125, 7.875, 14.25 ], "texture": "#voxels_atlas" },
				"east": { "uv": [ 7.875, 14, 7.75, 14.125 ], "texture": "#voxels_atlas" }
			}
		},
		{
			"__comment": "Voxels",
			"from": [ 9.1429, 0.5079, 3.6825 ],
			"to": [ 9.269884, 0.6348841, 3.809484 ],
			"faces": {
				"down": { "uv": [ 7.75, 13.875, 7.875, 14 ], "texture": "#voxels_atlas" },
				"up": { "uv": [ 7.75, 13.875, 7.875, 13.75 ], "texture": "#voxels_atlas" },
				"north": { "uv": [ 7.875, 13.625, 7.75, 13.75 ], "texture": "#voxels_atlas" },
				"south": { "uv": [ 7.75, 13.5, 7.875, 13.625 ], "texture": "#voxels_atlas" },
				"west": { "uv": [ 7.75, 13.375, 7.875, 13.5 ], "texture": "#voxels_atlas" },
				"east": { "uv": [ 7.875, 13.25, 7.75, 13.375 ], "texture": "#voxels_atlas" }
			}
		},
		{
			"__comment": "Voxels",
			"from": [ 9.2698, 0.381, 3.5556 ],
			"to": [ 9.396785, 0.5079841, 3.936552 ],
			"faces": {
				"down": { "uv": [ 6.375, 10.875, 6.5, 11.25 ], "texture": "#voxels_atlas" },
				"up": { "uv": [ 6.5, 11.25, 6.625, 10.875 ], "texture": "#voxels_atlas" },
				"north": { "uv": [ 7.875, 12.875, 7.75, 13 ], "texture": "#voxels_atlas" },
				"south": { "uv": [ 7.75, 12.75, 7.875, 12.875 ], "texture": "#voxels_atlas" },
				"west": { "uv": [ 6.375, 10.75, 6.75, 10.875 ], "texture": "#voxels_atlas" },
				"east": { "uv": [ 6, 8.125, 5.625, 8.25 ], "texture": "#voxels_atlas" }
			}
		}
	],
	"display": {
		"thirdperson_righthand": {
			"rotation":  [ 90, 0, 90 ],
			"translation":  [ -30.25, -1, 0.75 ],
			"scale":  [ 4, 4, 4 ]
		},
		"thirdperson_lefthand": {
			"rotation":  [ 90, 0, -90 ],
			"translation":  [ 30.25, -1, 0.75 ],
			"scale":  [ 4, 4, 4 ]
		},
		"firstperson_righthand": {
			"rotation":  [ 90, 0, 90 ],
			"translation":  [ -11, 5, 6 ]
		},
		"firstperson_lefthand": {
			"rotation":  [ 90, 0, -90 ],
			"translation":  [ 4, 5, 6 ]
		},
		"gui": {
			"rotation":  [ 90, -45, 0 ],
			"translation":  [ -3, -2.5, 0 ],
			"scale":  [ 1.75, 1.75, 1.75 ]
		},
		"head": {
			"rotation":  [ 0, 0, 180 ]
		},
		"ground": {
			"translation":  [ 0, 9, 3 ],
			"scale":  [ 2, 2, 2 ]
		},
		"fixed": {
			"rotation":  [ 90, 0, 180 ],
			"translation":  [ 0, -3, -11 ],
			"scale":  [ 1.5, 1.5, 1.5 ]
		}
	}
}