{
	"__comment": "Designed by Dragon2212 with Cubik Studio - https://cubik.studio",
	"textures": {
		"voxels_atlas": "items/hyeonmu"
	},
	"elements": [ 	 
		{
			"__comment": "Voxels",
			"from": [ 1.2698, 0.6349, 4.4444 ],
			"to": [ 1.396784, 0.7618841, 4.698368 ],
			"faces": {
				"down": { "uv": [ 0.5, 7, 0.625, 7.25 ], "texture": "#voxels_atlas" },
				"up": { "uv": [ 0.5, 5, 0.625, 4.75 ], "texture": "#voxels_atlas" },
				"north": { "uv": [ 0.75, 5.25, 0.625, 5.375 ], "texture": "#voxels_atlas" },
				"south": { "uv": [ 0.625, 5.375, 0.75, 5.5 ], "texture": "#voxels_atlas" },
				"west": { "uv": [ 2.125, 9.375, 2.375, 9.5 ], "texture": "#voxels_atlas" },
				"east": { "uv": [ 2.375, 9.25, 2.125, 9.375 ], "texture": "#voxels_atlas" }
			}
		},
		{
			"__comment": "Voxels",
			"from": [ 1.2698, 0.6349, 5.8413 ],
			"to": [ 1.523768, 0.7618841, 5.968284 ],
			"faces": {
				"down": { "uv": [ 2.125, 9.125, 2.375, 9.25 ], "texture": "#voxels_atlas" },
				"up": { "uv": [ 2, 8.125, 2.25, 8 ], "texture": "#voxels_atlas" },
				"north": { "uv": [ 2.25, 7.875, 2, 8 ], "texture": "#voxels_atlas" },
				"south": { "uv": [ 2, 7.75, 2.25, 7.875 ], "texture": "#voxels_atlas" },
				"west": { "uv": [ 0.625, 5.75, 0.75, 5.875 ], "texture": "#voxels_atlas" },
				"east": { "uv": [ 0.75, 5.875, 0.625, 6 ], "texture": "#voxels_atlas" }
			}
		},
		{
			"__comment": "Voxels",
			"from": [ 1.2698, 0.6349, 5.9683 ],
			"to": [ 1.396784, 0.7618841, 6.095284 ],
			"faces": {
				"down": { "uv": [ 0.625, 6.75, 0.75, 6.875 ], "texture": "#voxels_atlas" },
				"up": { "uv": [ 0.625, 7, 0.75, 6.875 ], "texture": "#voxels_atlas" },
				"north": { "uv": [ 0.75, 7.25, 0.625, 7.375 ], "texture": "#voxels_atlas" },
				"south": { "uv": [ 0.625, 7.375, 0.75, 7.5 ], "texture": "#voxels_atlas" },
				"west": { "uv": [ 0.5, 0.625, 0.625, 0.75 ], "texture": "#voxels_atlas" },
				"east": { "uv": [ 0.625, 0.75, 0.5, 0.875 ], "texture": "#voxels_atlas" }
			}
		},
		{
			"__comment": "Voxels",
			"from": [ 1.3968, 0.6349, 4.5714 ],
			"to": [ 1.523784, 0.7618841, 4.825368 ],
			"faces": {
				"down": { "uv": [ 0.5, 4.5, 0.625, 4.75 ], "texture": "#voxels_atlas" },
				"up": { "uv": [ 0.5, 4.5, 0.625, 4.25 ], "texture": "#voxels_atlas" },
				"north": { "uv": [ 0.625, 1.125, 0.5, 1.25 ], "texture": "#voxels_atlas" },
				"south": { "uv": [ 0.5, 1.25, 0.625, 1.375 ], "texture": "#voxels_atlas" },
				"west": { "uv": [ 2.125, 4.5, 2.375, 4.625 ], "texture": "#voxels_atlas" },
				"east": { "uv": [ 2.125, 4.375, 1.875, 4.5 ], "texture": "#voxels_atlas" }
			}
		},
		{
			"__comment": "Voxels",
			"from": [ 1.3968, 0.6349, 5.7143 ],
			"to": [ 1.777752, 0.7618841, 5.841284 ],
			"faces": {
				"down": { "uv": [ 0.875, 4.25, 1.25, 4.375 ], "texture": "#voxels_atlas" },
				"up": { "uv": [ 0.875, 4.5, 1.25, 4.375 ], "texture": "#voxels_atlas" },
				"north": { "uv": [ 1.25, 0.875, 0.875, 1 ], "texture": "#voxels_atlas" },
				"south": { "uv": [ 0.875, 1.125, 1.25, 1.25 ], "texture": "#voxels_atlas" },
				"west": { "uv": [ 0.5, 1.375, 0.625, 1.5 ], "texture": "#voxels_atlas" },
				"east": { "uv": [ 0.625, 1.5, 0.5, 1.625 ], "texture": "#voxels_atlas" }
			}
		},
		{
			"__comment": "Voxels",
			"from": [ 1.5238, 0.6349, 4.6984 ],
			"to": [ 1.777768, 0.7618841, 4.952368 ],
			"faces": {
				"down": { "uv": [ 14.375, 14.5, 14.625, 14.75 ], "texture": "#voxels_atlas" },
				"up": { "uv": [ 13.75, 14.75, 14, 14.5 ], "texture": "#voxels_atlas" },
				"north": { "uv": [ 2.375, 4.375, 2.125, 4.5 ], "texture": "#voxels_atlas" },
				"south": { "uv": [ 1.875, 4.25, 2.125, 4.375 ], "texture": "#voxels_atlas" },
				"west": { "uv": [ 2.125, 4.25, 2.375, 4.375 ], "texture": "#voxels_atlas" },
				"east": { "uv": [ 2.125, 4.125, 1.875, 4.25 ], "texture": "#voxels_atlas" }
			}
		},
		{
			"__comment": "Voxels",
			"from": [ 1.5238, 0.6349, 5.5873 ],
			"to": [ 2.031737, 0.7618841, 5.714284 ],
			"faces": {
				"down": { "uv": [ 1.875, 6.5, 2.375, 6.625 ], "texture": "#voxels_atlas" },
				"up": { "uv": [ 1.875, 6.75, 2.375, 6.625 ], "texture": "#voxels_atlas" },
				"north": { "uv": [ 2.375, 6.75, 1.875, 6.875 ], "texture": "#voxels_atlas" },
				"south": { "uv": [ 1.875, 7.25, 2.375, 7.375 ], "texture": "#voxels_atlas" },
				"west": { "uv": [ 0.5, 1.875, 0.625, 2 ], "texture": "#voxels_atlas" },
				"east": { "uv": [ 0.625, 2, 0.5, 2.125 ], "texture": "#voxels_atlas" }
			}
		},
		{
			"__comment": "Voxels",
			"from": [ 1.6508, 0.6349, 4.9524 ],
			"to": [ 3.555562, 0.7618841, 5.079384 ],
			"faces": {
				"down": { "uv": [ 14.125, 15.625, 16, 15.75 ], "texture": "#voxels_atlas" },
				"up": { "uv": [ 8.75, 15.625, 10.625, 15.5 ], "texture": "#voxels_atlas" },
				"north": { "uv": [ 12.5, 15.5, 10.625, 15.625 ], "texture": "#voxels_atlas" },
				"south": { "uv": [ 12.125, 15.875, 14, 16 ], "texture": "#voxels_atlas" },
				"west": { "uv": [ 0.5, 2.875, 0.625, 3 ], "texture": "#voxels_atlas" },
				"east": { "uv": [ 0.625, 3, 0.5, 3.125 ], "texture": "#voxels_atlas" }
			}
		},
		{
			"__comment": "Voxels",
			"from": [ 1.6508, 0.6349, 5.4603 ],
			"to": [ 3.555562, 0.7618841, 5.587284 ],
			"faces": {
				"down": { "uv": [ 8.375, 15.875, 10.25, 16 ], "texture": "#voxels_atlas" },
				"up": { "uv": [ 12.5, 15.625, 14.375, 15.5 ], "texture": "#voxels_atlas" },
				"north": { "uv": [ 10.75, 15.375, 8.875, 15.5 ], "texture": "#voxels_atlas" },
				"south": { "uv": [ 10.25, 15.875, 12.125, 16 ], "texture": "#voxels_atlas" },
				"west": { "uv": [ 0.5, 3.375, 0.625, 3.5 ], "texture": "#voxels_atlas" },
				"east": { "uv": [ 0.625, 3.5, 0.5, 3.625 ], "texture": "#voxels_atlas" }
			}
		},
		{
			"__comment": "Voxels",
			"from": [ 1.7778, 0.5079, 4.9524 ],
			"to": [ 2.031768, 0.6348841, 5.079384 ],
			"faces": {
				"down": { "uv": [ 2.125, 4.125, 2.375, 4.25 ], "texture": "#voxels_atlas" },
				"up": { "uv": [ 1.875, 4.125, 2.125, 4 ], "texture": "#voxels_atlas" },
				"north": { "uv": [ 2.375, 3.5, 2.125, 3.625 ], "texture": "#voxels_atlas" },
				"south": { "uv": [ 1.875, 3.375, 2.125, 3.5 ], "texture": "#voxels_atlas" },
				"west": { "uv": [ 15.875, 15.75, 16, 15.875 ], "texture": "#voxels_atlas" },
				"east": { "uv": [ 16, 15.875, 15.875, 16 ], "texture": "#voxels_atlas" }
			}
		},
		{
			"__comment": "Voxels",
			"from": [ 1.7778, 0.5079, 5.4603 ],
			"to": [ 2.031768, 0.6348841, 5.587284 ],
			"faces": {
				"down": { "uv": [ 2.125, 3.375, 2.375, 3.5 ], "texture": "#voxels_atlas" },
				"up": { "uv": [ 1.875, 3.375, 2.125, 3.25 ], "texture": "#voxels_atlas" },
				"north": { "uv": [ 2.375, 3.25, 2.125, 3.375 ], "texture": "#voxels_atlas" },
				"south": { "uv": [ 1.875, 3.125, 2.125, 3.25 ], "texture": "#voxels_atlas" },
				"west": { "uv": [ 14.875, 13.5, 15, 13.625 ], "texture": "#voxels_atlas" },
				"east": { "uv": [ 14.875, 13.5, 14.75, 13.625 ], "texture": "#voxels_atlas" }
			}
		},
		{
			"__comment": "Voxels",
			"from": [ 1.7778, 0.6349, 4.8254 ],
			"to": [ 2.031768, 0.7618841, 4.952384 ],
			"faces": {
				"down": { "uv": [ 2.125, 3.125, 2.375, 3.25 ], "texture": "#voxels_atlas" },
				"up": { "uv": [ 1.875, 3.125, 2.125, 3 ], "texture": "#voxels_atlas" },
				"north": { "uv": [ 2.375, 3, 2.125, 3.125 ], "texture": "#voxels_atlas" },
				"south": { "uv": [ 1.875, 2.875, 2.125, 3 ], "texture": "#voxels_atlas" },
				"west": { "uv": [ 14.375, 13.5, 14.5, 13.625 ], "texture": "#voxels_atlas" },
				"east": { "uv": [ 14.375, 13.5, 14.25, 13.625 ], "texture": "#voxels_atlas" }
			}
		},
		{
			"__comment": "Voxels",
			"from": [ 1.7778, 0.6349, 5.0794 ],
			"to": [ 3.428594, 0.7618841, 5.206384 ],
			"faces": {
				"down": { "uv": [ 10.75, 15.375, 12.375, 15.5 ], "texture": "#voxels_atlas" },
				"up": { "uv": [ 14, 15.5, 15.625, 15.375 ], "texture": "#voxels_atlas" },
				"north": { "uv": [ 10.5, 15.25, 8.875, 15.375 ], "texture": "#voxels_atlas" },
				"south": { "uv": [ 10.5, 15.25, 12.125, 15.375 ], "texture": "#voxels_atlas" },
				"west": { "uv": [ 13.625, 13.5, 13.75, 13.625 ], "texture": "#voxels_atlas" },
				"east": { "uv": [ 13.625, 13.5, 13.5, 13.625 ], "texture": "#voxels_atlas" }
			}
		},
		{
			"__comment": "Voxels",
			"from": [ 1.7778, 0.6349, 5.3333 ],
			"to": [ 3.428594, 0.7618841, 5.460284 ],
			"faces": {
				"down": { "uv": [ 4.5, 14.375, 6.125, 14.5 ], "texture": "#voxels_atlas" },
				"up": { "uv": [ 6.125, 14.5, 7.75, 14.375 ], "texture": "#voxels_atlas" },
				"north": { "uv": [ 9.375, 14.375, 7.75, 14.5 ], "texture": "#voxels_atlas" },
				"south": { "uv": [ 12.625, 14.375, 14.25, 14.5 ], "texture": "#voxels_atlas" },
				"west": { "uv": [ 12.125, 13.5, 12.25, 13.625 ], "texture": "#voxels_atlas" },
				"east": { "uv": [ 12.125, 13.5, 12, 13.625 ], "texture": "#voxels_atlas" }
			}
		},
		{
			"__comment": "Voxels",
			"from": [ 1.7778, 0.7619, 4.9524 ],
			"to": [ 2.031768, 0.8888841, 5.079384 ],
			"faces": {
				"down": { "uv": [ 2.125, 2.875, 2.375, 3 ], "texture": "#voxels_atlas" },
				"up": { "uv": [ 1.875, 2.875, 2.125, 2.75 ], "texture": "#voxels_atlas" },
				"north": { "uv": [ 2.375, 2.75, 2.125, 2.875 ], "texture": "#voxels_atlas" },
				"south": { "uv": [ 1.875, 2.625, 2.125, 2.75 ], "texture": "#voxels_atlas" },
				"west": { "uv": [ 11.375, 13.5, 11.5, 13.625 ], "texture": "#voxels_atlas" },
				"east": { "uv": [ 11.375, 13.5, 11.25, 13.625 ], "texture": "#voxels_atlas" }
			}
		},
		{
			"__comment": "Voxels",
			"from": [ 1.7778, 0.7619, 5.4603 ],
			"to": [ 2.031768, 0.8888841, 5.587284 ],
			"faces": {
				"down": { "uv": [ 2.125, 2.625, 2.375, 2.75 ], "texture": "#voxels_atlas" },
				"up": { "uv": [ 1.875, 2.625, 2.125, 2.5 ], "texture": "#voxels_atlas" },
				"north": { "uv": [ 2.375, 2.5, 2.125, 2.625 ], "texture": "#voxels_atlas" },
				"south": { "uv": [ 1.875, 2.375, 2.125, 2.5 ], "texture": "#voxels_atlas" },
				"west": { "uv": [ 9.875, 13.5, 10, 13.625 ], "texture": "#voxels_atlas" },
				"east": { "uv": [ 9.875, 13.5, 9.75, 13.625 ], "texture": "#voxels_atlas" }
			}
		},
		{
			"__comment": "Voxels",
			"from": [ 1.9048, 0.5079, 5.0794 ],
			"to": [ 3.301625, 0.6348841, 5.206384 ],
			"faces": {
				"down": { "uv": [ 4, 14, 5.375, 14.125 ], "texture": "#voxels_atlas" },
				"up": { "uv": [ 5.375, 14.125, 6.75, 14 ], "texture": "#voxels_atlas" },
				"north": { "uv": [ 8.125, 14.125, 6.75, 14.25 ], "texture": "#voxels_atlas" },
				"south": { "uv": [ 8.125, 14, 9.5, 14.125 ], "texture": "#voxels_atlas" },
				"west": { "uv": [ 9.125, 13.5, 9.25, 13.625 ], "texture": "#voxels_atlas" },
				"east": { "uv": [ 9.125, 13.5, 9, 13.625 ], "texture": "#voxels_atlas" }
			}
		},
		{
			"__comment": "Voxels",
			"from": [ 1.9048, 0.5079, 5.3333 ],
			"to": [ 3.301625, 0.6348841, 5.460284 ],
			"faces": {
				"down": { "uv": [ 10.875, 14, 12.25, 14.125 ], "texture": "#voxels_atlas" },
				"up": { "uv": [ 1.25, 14.375, 2.625, 14.25 ], "texture": "#voxels_atlas" },
				"north": { "uv": [ 4, 14.25, 2.625, 14.375 ], "texture": "#voxels_atlas" },
				"south": { "uv": [ 10.875, 14.25, 12.25, 14.375 ], "texture": "#voxels_atlas" },
				"west": { "uv": [ 7.375, 13.5, 7.5, 13.625 ], "texture": "#voxels_atlas" },
				"east": { "uv": [ 7.375, 13.5, 7.25, 13.625 ], "texture": "#voxels_atlas" }
			}
		},
		{
			"__comment": "Voxels",
			"from": [ 1.9048, 0.6349, 5.2063 ],
			"to": [ 3.301625, 0.7618841, 5.333284 ],
			"faces": {
				"down": { "uv": [ 9.5, 14, 10.875, 14.125 ], "texture": "#voxels_atlas" },
				"up": { "uv": [ 1.25, 14.125, 2.625, 14 ], "texture": "#voxels_atlas" },
				"north": { "uv": [ 15, 14.125, 13.625, 14.25 ], "texture": "#voxels_atlas" },
				"south": { "uv": [ 12.25, 14.125, 13.625, 14.25 ], "texture": "#voxels_atlas" },
				"west": { "uv": [ 6.875, 13.5, 7, 13.625 ], "texture": "#voxels_atlas" },
				"east": { "uv": [ 6.875, 13.5, 6.75, 13.625 ], "texture": "#voxels_atlas" }
			}
		},
		{
			"__comment": "Voxels",
			"from": [ 1.9048, 0.7619, 5.0794 ],
			"to": [ 3.301625, 0.8888841, 5.206384 ],
			"faces": {
				"down": { "uv": [ 10.875, 14.125, 12.25, 14.25 ], "texture": "#voxels_atlas" },
				"up": { "uv": [ 9.5, 14.25, 10.875, 14.125 ], "texture": "#voxels_atlas" },
				"north": { "uv": [ 9.5, 14.125, 8.125, 14.25 ], "texture": "#voxels_atlas" },
				"south": { "uv": [ 2.625, 14, 4, 14.125 ], "texture": "#voxels_atlas" },
				"west": { "uv": [ 6.125, 13.5, 6.25, 13.625 ], "texture": "#voxels_atlas" },
				"east": { "uv": [ 2.375, 7.625, 2.25, 7.75 ], "texture": "#voxels_atlas" }
			}
		},
		{
			"__comment": "Voxels",
			"from": [ 1.9048, 0.7619, 5.3333 ],
			"to": [ 3.301625, 0.8888841, 5.460284 ],
			"faces": {
				"down": { "uv": [ 5.375, 14.125, 6.75, 14.25 ], "texture": "#voxels_atlas" },
				"up": { "uv": [ 4, 14.25, 5.375, 14.125 ], "texture": "#voxels_atlas" },
				"north": { "uv": [ 4, 14.125, 2.625, 14.25 ], "texture": "#voxels_atlas" },
				"south": { "uv": [ 1.25, 14.125, 2.625, 14.25 ], "texture": "#voxels_atlas" },
				"west": { "uv": [ 2.25, 7.75, 2.375, 7.875 ], "texture": "#voxels_atlas" },
				"east": { "uv": [ 2.375, 7.875, 2.25, 8 ], "texture": "#voxels_atlas" }
			}
		},
		{
			"__comment": "Voxels",
			"from": [ 2.0317, 0.5079, 5.2063 ],
			"to": [ 3.174557, 0.6348841, 5.333284 ],
			"faces": {
				"down": { "uv": [ 3.5, 13.625, 4.625, 13.75 ], "texture": "#voxels_atlas" },
				"up": { "uv": [ 4.625, 13.75, 5.75, 13.625 ], "texture": "#voxels_atlas" },
				"north": { "uv": [ 6.875, 13.625, 5.75, 13.75 ], "texture": "#voxels_atlas" },
				"south": { "uv": [ 6.875, 13.625, 8, 13.75 ], "texture": "#voxels_atlas" },
				"west": { "uv": [ 15.875, 13.875, 16, 14 ], "texture": "#voxels_atlas" },
				"east": { "uv": [ 16, 14, 15.875, 14.125 ], "texture": "#voxels_atlas" }
			}
		},
		{
			"__comment": "Voxels",
			"from": [ 2.0317, 0.7619, 5.2063 ],
			"to": [ 3.174557, 0.8888841, 5.333284 ],
			"faces": {
				"down": { "uv": [ 1.25, 13.625, 2.375, 13.75 ], "texture": "#voxels_atlas" },
				"up": { "uv": [ 8, 13.75, 9.125, 13.625 ], "texture": "#voxels_atlas" },
				"north": { "uv": [ 10.25, 13.625, 9.125, 13.75 ], "texture": "#voxels_atlas" },
				"south": { "uv": [ 10.25, 13.625, 11.375, 13.75 ], "texture": "#voxels_atlas" },
				"west": { "uv": [ 15.875, 14.125, 16, 14.25 ], "texture": "#voxels_atlas" },
				"east": { "uv": [ 16, 14.25, 15.875, 14.375 ], "texture": "#voxels_atlas" }
			}
		},
		{
			"__comment": "Voxels",
			"from": [ 2.9206, 0.6349, 4.1905 ],
			"to": [ 4.317425, 0.7618841, 4.317484 ],
			"faces": {
				"down": { "uv": [ 13.625, 14.25, 15, 14.375 ], "texture": "#voxels_atlas" },
				"up": { "uv": [ 12.25, 14.375, 13.625, 14.25 ], "texture": "#voxels_atlas" },
				"north": { "uv": [ 10.875, 14.25, 9.5, 14.375 ], "texture": "#voxels_atlas" },
				"south": { "uv": [ 8.125, 14.25, 9.5, 14.375 ], "texture": "#voxels_atlas" },
				"west": { "uv": [ 0.75, 0.375, 0.875, 0.5 ], "texture": "#voxels_atlas" },
				"east": { "uv": [ 0.875, 0.5, 0.75, 0.625 ], "texture": "#voxels_atlas" }
			}
		},
		{
			"__comment": "Voxels",
			"from": [ 3.0476, 0.5079, 4.1905 ],
			"to": [ 4.190457, 0.6348841, 4.317484 ],
			"faces": {
				"down": { "uv": [ 11.375, 13.625, 12.5, 13.75 ], "texture": "#voxels_atlas" },
				"up": { "uv": [ 12.5, 13.75, 13.625, 13.625 ], "texture": "#voxels_atlas" },
				"north": { "uv": [ 14.75, 13.625, 13.625, 13.75 ], "texture": "#voxels_atlas" },
				"south": { "uv": [ 14.75, 13.625, 15.875, 13.75 ], "texture": "#voxels_atlas" },
				"west": { "uv": [ 0.75, 1.125, 0.875, 1.25 ], "texture": "#voxels_atlas" },
				"east": { "uv": [ 0.875, 1.25, 0.75, 1.375 ], "texture": "#voxels_atlas" }
			}
		},
		{
			"__comment": "Voxels",
			"from": [ 3.0476, 0.6349, 3.4286 ],
			"to": [ 4.190457, 0.7618841, 4.190505 ],
			"faces": {
				"down": { "uv": [ 2, 14.5, 3.125, 15.25 ], "texture": "#voxels_atlas" },
				"up": { "uv": [ 0.875, 15.25, 2, 14.5 ], "texture": "#voxels_atlas" },
				"north": { "uv": [ 6.5, 13.75, 5.375, 13.875 ], "texture": "#voxels_atlas" },
				"south": { "uv": [ 6.5, 13.75, 7.625, 13.875 ], "texture": "#voxels_atlas" },
				"west": { "uv": [ 1.25, 9, 2, 9.125 ], "texture": "#voxels_atlas" },
				"east": { "uv": [ 2, 8.875, 1.25, 9 ], "texture": "#voxels_atlas" }
			}
		},
		{
			"__comment": "Voxels",
			"from": [ 3.0476, 0.6349, 4.3175 ],
			"to": [ 4.190457, 0.7618841, 4.444484 ],
			"faces": {
				"down": { "uv": [ 7.625, 13.75, 8.75, 13.875 ], "texture": "#voxels_atlas" },
				"up": { "uv": [ 8.75, 13.875, 9.875, 13.75 ], "texture": "#voxels_atlas" },
				"north": { "uv": [ 11, 13.75, 9.875, 13.875 ], "texture": "#voxels_atlas" },
				"south": { "uv": [ 2.375, 13.625, 3.5, 13.75 ], "texture": "#voxels_atlas" },
				"west": { "uv": [ 0.75, 1.375, 0.875, 1.5 ], "texture": "#voxels_atlas" },
				"east": { "uv": [ 0.875, 1.75, 0.75, 1.875 ], "texture": "#voxels_atlas" }
			}
		},
		{
			"__comment": "Voxels",
			"from": [ 3.0476, 0.7619, 4.1905 ],
			"to": [ 4.190457, 0.8888841, 4.317484 ],
			"faces": {
				"down": { "uv": [ 11, 13.75, 12.125, 13.875 ], "texture": "#voxels_atlas" },
				"up": { "uv": [ 12.125, 13.875, 13.25, 13.75 ], "texture": "#voxels_atlas" },
				"north": { "uv": [ 14.375, 13.75, 13.25, 13.875 ], "texture": "#voxels_atlas" },
				"south": { "uv": [ 14.375, 13.75, 15.5, 13.875 ], "texture": "#voxels_atlas" },
				"west": { "uv": [ 0.75, 2.125, 0.875, 2.25 ], "texture": "#voxels_atlas" },
				"east": { "uv": [ 0.875, 2.5, 0.75, 2.625 ], "texture": "#voxels_atlas" }
			}
		},
		{
			"__comment": "Voxels",
			"from": [ 3.1746, 0.381, 4.1905 ],
			"to": [ 4.063489, 0.5079841, 4.317484 ],
			"faces": {
				"down": { "uv": [ 1.25, 9.75, 2.125, 9.875 ], "texture": "#voxels_atlas" },
				"up": { "uv": [ 1.25, 10, 2.125, 9.875 ], "texture": "#voxels_atlas" },
				"north": { "uv": [ 2.125, 10.25, 1.25, 10.375 ], "texture": "#voxels_atlas" },
				"south": { "uv": [ 1.25, 10.375, 2.125, 10.5 ], "texture": "#voxels_atlas" },
				"west": { "uv": [ 0.75, 2.625, 0.875, 2.75 ], "texture": "#voxels_atlas" },
				"east": { "uv": [ 0.875, 2.75, 0.75, 2.875 ], "texture": "#voxels_atlas" }
			}
		},
		{
			"__comment": "Voxels",
			"from": [ 3.1746, 0.5079, 3.5556 ],
			"to": [ 4.063489, 0.6348841, 4.190521 ],
			"faces": {
				"down": { "uv": [ 7.5, 14.625, 8.375, 15.25 ], "texture": "#voxels_atlas" },
				"up": { "uv": [ 3.125, 15.25, 4, 14.625 ], "texture": "#voxels_atlas" },
				"north": { "uv": [ 2.125, 10.875, 1.25, 11 ], "texture": "#voxels_atlas" },
				"south": { "uv": [ 1.25, 11, 2.125, 11.125 ], "texture": "#voxels_atlas" },
				"west": { "uv": [ 1.25, 2.5, 1.875, 2.625 ], "texture": "#voxels_atlas" },
				"east": { "uv": [ 1.875, 2.375, 1.25, 2.5 ], "texture": "#voxels_atlas" }
			}
		},
		{
			"__comment": "Voxels",
			"from": [ 3.1746, 0.5079, 4.3175 ],
			"to": [ 4.063489, 0.6348841, 4.444484 ],
			"faces": {
				"down": { "uv": [ 1.25, 11.375, 2.125, 11.5 ], "texture": "#voxels_atlas" },
				"up": { "uv": [ 1.25, 11.625, 2.125, 11.5 ], "texture": "#voxels_atlas" },
				"north": { "uv": [ 15.875, 14.25, 15, 14.375 ], "texture": "#voxels_atlas" },
				"south": { "uv": [ 1.25, 10, 2.125, 10.125 ], "texture": "#voxels_atlas" },
				"west": { "uv": [ 0.75, 3.375, 0.875, 3.5 ], "texture": "#voxels_atlas" },
				"east": { "uv": [ 0.875, 3.5, 0.75, 3.625 ], "texture": "#voxels_atlas" }
			}
		},
		{
			"__comment": "Voxels",
			"from": [ 3.1746, 0.5079, 4.9524 ],
			"to": [ 3.428568, 0.6348841, 5.079384 ],
			"faces": {
				"down": { "uv": [ 2.125, 2.375, 2.375, 2.5 ], "texture": "#voxels_atlas" },
				"up": { "uv": [ 1.875, 2.375, 2.125, 2.25 ], "texture": "#voxels_atlas" },
				"north": { "uv": [ 2.375, 2.25, 2.125, 2.375 ], "texture": "#voxels_atlas" },
				"south": { "uv": [ 1.875, 2.125, 2.125, 2.25 ], "texture": "#voxels_atlas" },
				"west": { "uv": [ 0.75, 3.625, 0.875, 3.75 ], "texture": "#voxels_atlas" },
				"east": { "uv": [ 0.875, 4, 0.75, 4.125 ], "texture": "#voxels_atlas" }
			}
		},
		{
			"__comment": "Voxels",
			"from": [ 3.1746, 0.5079, 5.4603 ],
			"to": [ 3.428568, 0.6348841, 5.587284 ],
			"faces": {
				"down": { "uv": [ 2.125, 2.125, 2.375, 2.25 ], "texture": "#voxels_atlas" },
				"up": { "uv": [ 1.875, 2.125, 2.125, 2 ], "texture": "#voxels_atlas" },
				"north": { "uv": [ 2.375, 2, 2.125, 2.125 ], "texture": "#voxels_atlas" },
				"south": { "uv": [ 1.875, 1.875, 2.125, 2 ], "texture": "#voxels_atlas" },
				"west": { "uv": [ 0.75, 4.375, 0.875, 4.5 ], "texture": "#voxels_atlas" },
				"east": { "uv": [ 0.875, 4.75, 0.75, 4.875 ], "texture": "#voxels_atlas" }
			}
		},
		{
			"__comment": "Voxels",
			"from": [ 3.1746, 0.6349, 2.7937 ],
			"to": [ 4.063489, 0.7618841, 3.428621 ],
			"faces": {
				"down": { "uv": [ 6.625, 14.625, 7.5, 15.25 ], "texture": "#voxels_atlas" },
				"up": { "uv": [ 5.75, 15.25, 6.625, 14.625 ], "texture": "#voxels_atlas" },
				"north": { "uv": [ 6.625, 14.5, 5.75, 14.625 ], "texture": "#voxels_atlas" },
				"south": { "uv": [ 1.25, 12.25, 2.125, 12.375 ], "texture": "#voxels_atlas" },
				"west": { "uv": [ 1.25, 1.875, 1.875, 2 ], "texture": "#voxels_atlas" },
				"east": { "uv": [ 1.875, 1.75, 1.25, 1.875 ], "texture": "#voxels_atlas" }
			}
		},
		{
			"__comment": "Voxels",
			"from": [ 3.1746, 0.6349, 4.4444 ],
			"to": [ 4.063489, 0.7618841, 4.571384 ],
			"faces": {
				"down": { "uv": [ 1.25, 10.125, 2.125, 10.25 ], "texture": "#voxels_atlas" },
				"up": { "uv": [ 1.25, 10.875, 2.125, 10.75 ], "texture": "#voxels_atlas" },
				"north": { "uv": [ 2.125, 10.625, 1.25, 10.75 ], "texture": "#voxels_atlas" },
				"south": { "uv": [ 1.25, 9.625, 2.125, 9.75 ], "texture": "#voxels_atlas" },
				"west": { "uv": [ 0.75, 4.875, 0.875, 5 ], "texture": "#voxels_atlas" },
				"east": { "uv": [ 0.875, 5, 0.75, 5.125 ], "texture": "#voxels_atlas" }
			}
		},
		{
			"__comment": "Voxels",
			"from": [ 3.1746, 0.6349, 4.8254 ],
			"to": [ 4.063489, 0.7618841, 4.952384 ],
			"faces": {
				"down": { "uv": [ 1.25, 9.375, 2.125, 9.5 ], "texture": "#voxels_atlas" },
				"up": { "uv": [ 4, 14.625, 4.875, 14.5 ], "texture": "#voxels_atlas" },
				"north": { "uv": [ 4, 14.5, 3.125, 14.625 ], "texture": "#voxels_atlas" },
				"south": { "uv": [ 1.25, 11.75, 2.125, 11.875 ], "texture": "#voxels_atlas" },
				"west": { "uv": [ 0.75, 5.125, 0.875, 5.25 ], "texture": "#voxels_atlas" },
				"east": { "uv": [ 0.875, 5.5, 0.75, 5.625 ], "texture": "#voxels_atlas" }
			}
		},
		{
			"__comment": "Voxels",
			"from": [ 3.1746, 0.6349, 5.5873 ],
			"to": [ 4.063489, 0.7618841, 5.714284 ],
			"faces": {
				"down": { "uv": [ 1.25, 11.875, 2.125, 12 ], "texture": "#voxels_atlas" },
				"up": { "uv": [ 7.5, 14.625, 8.375, 14.5 ], "texture": "#voxels_atlas" },
				"north": { "uv": [ 7.5, 14.5, 6.625, 14.625 ], "texture": "#voxels_atlas" },
				"south": { "uv": [ 1.25, 12, 2.125, 12.125 ], "texture": "#voxels_atlas" },
				"west": { "uv": [ 0.75, 5.625, 0.875, 5.75 ], "texture": "#voxels_atlas" },
				"east": { "uv": [ 0.875, 5.75, 0.75, 5.875 ], "texture": "#voxels_atlas" }
			}
		},
		{
			"__comment": "Voxels",
			"from": [ 3.1746, 0.6349, 14.0952 ],
			"to": [ 4.063489, 0.7618841, 14.22218 ],
			"faces": {
				"down": { "uv": [ 1.25, 12.125, 2.125, 12.25 ], "texture": "#voxels_atlas" },
				"up": { "uv": [ 1.25, 9.375, 2.125, 9.25 ], "texture": "#voxels_atlas" },
				"north": { "uv": [ 15.875, 14.125, 15, 14.25 ], "texture": "#voxels_atlas" },
				"south": { "uv": [ 1.25, 9.125, 2.125, 9.25 ], "texture": "#voxels_atlas" },
				"west": { "uv": [ 0.75, 5.875, 0.875, 6 ], "texture": "#voxels_atlas" },
				"east": { "uv": [ 0.875, 6.25, 0.75, 6.375 ], "texture": "#voxels_atlas" }
			}
		},
		{
			"__comment": "Voxels",
			"from": [ 3.1746, 0.7619, 3.5556 ],
			"to": [ 4.063489, 0.8888841, 4.190521 ],
			"faces": {
				"down": { "uv": [ 4.875, 14.625, 5.75, 15.25 ], "texture": "#voxels_atlas" },
				"up": { "uv": [ 4, 15.25, 4.875, 14.625 ], "texture": "#voxels_atlas" },
				"north": { "uv": [ 5.75, 14.5, 4.875, 14.625 ], "texture": "#voxels_atlas" },
				"south": { "uv": [ 15, 14, 15.875, 14.125 ], "texture": "#voxels_atlas" },
				"west": { "uv": [ 1.25, 1.625, 1.875, 1.75 ], "texture": "#voxels_atlas" },
				"east": { "uv": [ 1.875, 1.5, 1.25, 1.625 ], "texture": "#voxels_atlas" }
			}
		},
		{
			"__comment": "Voxels",
			"from": [ 3.1746, 0.7619, 4.3175 ],
			"to": [ 4.063489, 0.8888841, 4.444484 ],
			"faces": {
				"down": { "uv": [ 15, 13.875, 15.875, 14 ], "texture": "#voxels_atlas" },
				"up": { "uv": [ 1.25, 12.625, 2.125, 12.5 ], "texture": "#voxels_atlas" },
				"north": { "uv": [ 2.125, 11.25, 1.25, 11.375 ], "texture": "#voxels_atlas" },
				"south": { "uv": [ 1.25, 10.5, 2.125, 10.625 ], "texture": "#voxels_atlas" },
				"west": { "uv": [ 0.75, 6.625, 0.875, 6.75 ], "texture": "#voxels_atlas" },
				"east": { "uv": [ 0.875, 7, 0.75, 7.125 ], "texture": "#voxels_atlas" }
			}
		},
		{
			"__comment": "Voxels",
			"from": [ 3.1746, 0.7619, 4.9524 ],
			"to": [ 3.428568, 0.8888841, 5.079384 ],
			"faces": {
				"down": { "uv": [ 2.125, 1.875, 2.375, 2 ], "texture": "#voxels_atlas" },
				"up": { "uv": [ 1.875, 1.375, 2.125, 1.25 ], "texture": "#voxels_atlas" },
				"north": { "uv": [ 2.375, 1.25, 2.125, 1.375 ], "texture": "#voxels_atlas" },
				"south": { "uv": [ 1.875, 1.125, 2.125, 1.25 ], "texture": "#voxels_atlas" },
				"west": { "uv": [ 0.75, 7.125, 0.875, 7.25 ], "texture": "#voxels_atlas" },
				"east": { "uv": [ 0.875, 7.25, 0.75, 7.375 ], "texture": "#voxels_atlas" }
			}
		},
		{
			"__comment": "Voxels",
			"from": [ 3.1746, 0.7619, 5.4603 ],
			"to": [ 3.428568, 0.8888841, 5.587284 ],
			"faces": {
				"down": { "uv": [ 2.125, 1.125, 2.375, 1.25 ], "texture": "#voxels_atlas" },
				"up": { "uv": [ 1.875, 1.125, 2.125, 1 ], "texture": "#voxels_atlas" },
				"north": { "uv": [ 2.375, 1, 2.125, 1.125 ], "texture": "#voxels_atlas" },
				"south": { "uv": [ 1.875, 0.875, 2.125, 1 ], "texture": "#voxels_atlas" },
				"west": { "uv": [ 0.75, 7.375, 0.875, 7.5 ], "texture": "#voxels_atlas" },
				"east": { "uv": [ 0.75, 0.25, 0.625, 0.375 ], "texture": "#voxels_atlas" }
			}
		},
		{
			"__comment": "Voxels",
			"from": [ 3.1746, 0.8889, 4.1905 ],
			"to": [ 4.063489, 1.015884, 4.317484 ],
			"faces": {
				"down": { "uv": [ 1.25, 12.375, 2.125, 12.5 ], "texture": "#voxels_atlas" },
				"up": { "uv": [ 1.25, 11.75, 2.125, 11.625 ], "texture": "#voxels_atlas" },
				"north": { "uv": [ 2.125, 9.5, 1.25, 9.625 ], "texture": "#voxels_atlas" },
				"south": { "uv": [ 1.25, 11.125, 2.125, 11.25 ], "texture": "#voxels_atlas" },
				"west": { "uv": [ 0.625, 0.375, 0.75, 0.5 ], "texture": "#voxels_atlas" },
				"east": { "uv": [ 0.75, 0.5, 0.625, 0.625 ], "texture": "#voxels_atlas" }
			}
		},
		{
			"__comment": "Voxels",
			"from": [ 3.3016, 0.381, 3.6825 ],
			"to": [ 3.936521, 0.5079841, 4.190436 ],
			"faces": {
				"down": { "uv": [ 14, 14.75, 14.625, 15.25 ], "texture": "#voxels_atlas" },
				"up": { "uv": [ 12.125, 15.25, 12.75, 14.75 ], "texture": "#voxels_atlas" },
				"north": { "uv": [ 1.875, 1, 1.25, 1.125 ], "texture": "#voxels_atlas" },
				"south": { "uv": [ 1.25, 0.875, 1.875, 1 ], "texture": "#voxels_atlas" },
				"west": { "uv": [ 15.5, 13.75, 16, 13.875 ], "texture": "#voxels_atlas" },
				"east": { "uv": [ 2.375, 7, 1.875, 7.125 ], "texture": "#voxels_atlas" }
			}
		},
		{
			"__comment": "Voxels",
			"from": [ 3.3016, 0.381, 4.3175 ],
			"to": [ 3.936521, 0.5079841, 4.444484 ],
			"faces": {
				"down": { "uv": [ 1.25, 0.75, 1.875, 0.875 ], "texture": "#voxels_atlas" },
				"up": { "uv": [ 1.25, 0.75, 1.875, 0.625 ], "texture": "#voxels_atlas" },
				"north": { "uv": [ 1.875, 0.5, 1.25, 0.625 ], "texture": "#voxels_atlas" },
				"south": { "uv": [ 1.25, 0.375, 1.875, 0.5 ], "texture": "#voxels_atlas" },
				"west": { "uv": [ 0.625, 0.625, 0.75, 0.75 ], "texture": "#voxels_atlas" },
				"east": { "uv": [ 0.75, 1, 0.625, 1.125 ], "texture": "#voxels_atlas" }
			}
		},
		{
			"__comment": "Voxels",
			"from": [ 3.3016, 0.5079, 2.9206 ],
			"to": [ 3.936521, 0.6348841, 3.555521 ],
			"faces": {
				"down": { "uv": [ 9.625, 14.625, 10.25, 15.25 ], "texture": "#voxels_atlas" },
				"up": { "uv": [ 11.5, 15.25, 12.125, 14.625 ], "texture": "#voxels_atlas" },
				"north": { "uv": [ 1.875, 0.25, 1.25, 0.375 ], "texture": "#voxels_atlas" },
				"south": { "uv": [ 1.25, 0.125, 1.875, 0.25 ], "texture": "#voxels_atlas" },
				"west": { "uv": [ 1.25, 0, 1.875, 0.125 ], "texture": "#voxels_atlas" },
				"east": { "uv": [ 3, 13.5, 2.375, 13.625 ], "texture": "#voxels_atlas" }
			}
		},
		{
			"__comment": "Voxels",
			"from": [ 3.3016, 0.5079, 4.4444 ],
			"to": [ 3.936521, 0.6348841, 4.571384 ],
			"faces": {
				"down": { "uv": [ 3, 13.5, 3.625, 13.625 ], "texture": "#voxels_atlas" },
				"up": { "uv": [ 15.375, 15.375, 16, 15.25 ], "texture": "#voxels_atlas" },
				"north": { "uv": [ 10.25, 14.5, 9.625, 14.625 ], "texture": "#voxels_atlas" },
				"south": { "uv": [ 10.25, 14.5, 10.875, 14.625 ], "texture": "#voxels_atlas" },
				"west": { "uv": [ 0.625, 1.375, 0.75, 1.5 ], "texture": "#voxels_atlas" },
				"east": { "uv": [ 0.75, 1.75, 0.625, 1.875 ], "texture": "#voxels_atlas" }
			}
		},
		{
			"__comment": "Voxels",
			"from": [ 3.3016, 0.5079, 4.8254 ],
			"to": [ 3.555568, 0.6348841, 4.952384 ],
			"faces": {
				"down": { "uv": [ 2.125, 0.875, 2.375, 1 ], "texture": "#voxels_atlas" },
				"up": { "uv": [ 1.875, 0.375, 2.125, 0.25 ], "texture": "#voxels_atlas" },
				"north": { "uv": [ 2.375, 0.25, 2.125, 0.375 ], "texture": "#voxels_atlas" },
				"south": { "uv": [ 1.875, 0.125, 2.125, 0.25 ], "texture": "#voxels_atlas" },
				"west": { "uv": [ 0.625, 1.875, 0.75, 2 ], "texture": "#voxels_atlas" },
				"east": { "uv": [ 0.75, 2, 0.625, 2.125 ], "texture": "#voxels_atlas" }
			}
		},
		{
			"__comment": "Voxels",
			"from": [ 3.3016, 0.5079, 5.5873 ],
			"to": [ 3.555568, 0.6348841, 5.714284 ],
			"faces": {
				"down": { "uv": [ 1.875, 0, 2.125, 0.125 ], "texture": "#voxels_atlas" },
				"up": { "uv": [ 2.125, 0.25, 2.375, 0.125 ], "texture": "#voxels_atlas" },
				"north": { "uv": [ 2.375, 0, 2.125, 0.125 ], "texture": "#voxels_atlas" },
				"south": { "uv": [ 3.625, 13.5, 3.875, 13.625 ], "texture": "#voxels_atlas" },
				"west": { "uv": [ 0.625, 2.125, 0.75, 2.25 ], "texture": "#voxels_atlas" },
				"east": { "uv": [ 0.75, 2.5, 0.625, 2.625 ], "texture": "#voxels_atlas" }
			}
		},
		{
			"__comment": "Voxels",
			"from": [ 3.3016, 0.5079, 14.0952 ],
			"to": [ 3.936521, 0.6348841, 14.22218 ],
			"faces": {
				"down": { "uv": [ 1.25, 7.375, 1.875, 7.5 ], "texture": "#voxels_atlas" },
				"up": { "uv": [ 1.25, 7.375, 1.875, 7.25 ], "texture": "#voxels_atlas" },
				"north": { "uv": [ 1.875, 7.125, 1.25, 7.25 ], "texture": "#voxels_atlas" },
				"south": { "uv": [ 1.25, 7, 1.875, 7.125 ], "texture": "#voxels_atlas" },
				"west": { "uv": [ 0.625, 2.625, 0.75, 2.75 ], "texture": "#voxels_atlas" },
				"east": { "uv": [ 0.75, 2.75, 0.625, 2.875 ], "texture": "#voxels_atlas" }
			}
		},
		{
			"__comment": "Voxels",
			"from": [ 3.3016, 0.6349, 2.0317 ],
			"to": [ 3.936521, 0.7618841, 2.793605 ],
			"faces": {
				"down": { "uv": [ 9, 14.5, 9.625, 15.25 ], "texture": "#voxels_atlas" },
				"up": { "uv": [ 8.375, 15.25, 9, 14.5 ], "texture": "#voxels_atlas" },
				"north": { "uv": [ 1.875, 6.875, 1.25, 7 ], "texture": "#voxels_atlas" },
				"south": { "uv": [ 1.25, 6.75, 1.875, 6.875 ], "texture": "#voxels_atlas" },
				"west": { "uv": [ 1.25, 8.25, 2, 8.375 ], "texture": "#voxels_atlas" },
				"east": { "uv": [ 2, 8.625, 1.25, 8.75 ], "texture": "#voxels_atlas" }
			}
		},
		{
			"__comment": "Voxels",
			"from": [ 3.3016, 0.6349, 4.5714 ],
			"to": [ 3.936521, 0.7618841, 4.698384 ],
			"faces": {
				"down": { "uv": [ 1.25, 6.5, 1.875, 6.625 ], "texture": "#voxels_atlas" },
				"up": { "uv": [ 1.25, 6.5, 1.875, 6.375 ], "texture": "#voxels_atlas" },
				"north": { "uv": [ 1.875, 6.25, 1.25, 6.375 ], "texture": "#voxels_atlas" },
				"south": { "uv": [ 1.25, 6.125, 1.875, 6.25 ], "texture": "#voxels_atlas" },
				"west": { "uv": [ 0.625, 2.875, 0.75, 3 ], "texture": "#voxels_atlas" },
				"east": { "uv": [ 0.75, 3.25, 0.625, 3.375 ], "texture": "#voxels_atlas" }
			}
		},
		{
			"__comment": "Voxels",
			"from": [ 3.3016, 0.6349, 5.7143 ],
			"to": [ 3.936521, 0.7618841, 5.841284 ],
			"faces": {
				"down": { "uv": [ 1.25, 5.75, 1.875, 5.875 ], "texture": "#voxels_atlas" },
				"up": { "uv": [ 1.25, 5.75, 1.875, 5.625 ], "texture": "#voxels_atlas" },
				"north": { "uv": [ 1.875, 5.5, 1.25, 5.625 ], "texture": "#voxels_atlas" },
				"south": { "uv": [ 1.25, 5.375, 1.875, 5.5 ], "texture": "#voxels_atlas" },
				"west": { "uv": [ 0.625, 3.625, 0.75, 3.75 ], "texture": "#voxels_atlas" },
				"east": { "uv": [ 0.75, 5, 0.625, 5.125 ], "texture": "#voxels_atlas" }
			}
		},
		{
			"__comment": "Voxels",
			"from": [ 3.3016, 0.6349, 13.9683 ],
			"to": [ 3.936521, 0.7618841, 14.09528 ],
			"faces": {
				"down": { "uv": [ 1.25, 5.25, 1.875, 5.375 ], "texture": "#voxels_atlas" },
				"up": { "uv": [ 1.25, 5.25, 1.875, 5.125 ], "texture": "#voxels_atlas" },
				"north": { "uv": [ 1.875, 5, 1.25, 5.125 ], "texture": "#voxels_atlas" },
				"south": { "uv": [ 1.25, 4.875, 1.875, 5 ], "texture": "#voxels_atlas" },
				"west": { "uv": [ 0.625, 7.5, 0.75, 7.625 ], "texture": "#voxels_atlas" },
				"east": { "uv": [ 0.625, 0, 0.5, 0.125 ], "texture": "#voxels_atlas" }
			}
		},
		{
			"__comment": "Voxels",
			"from": [ 3.3016, 0.6349, 14.2222 ],
			"to": [ 3.936521, 0.7618841, 14.47617 ],
			"faces": {
				"down": { "uv": [ 12.75, 14.5, 13.375, 14.75 ], "texture": "#voxels_atlas" },
				"up": { "uv": [ 12.125, 14.75, 12.75, 14.5 ], "texture": "#voxels_atlas" },
				"north": { "uv": [ 1.875, 6.625, 1.25, 6.75 ], "texture": "#voxels_atlas" },
				"south": { "uv": [ 1.25, 6, 1.875, 6.125 ], "texture": "#voxels_atlas" },
				"west": { "uv": [ 3.875, 13.5, 4.125, 13.625 ], "texture": "#voxels_atlas" },
				"east": { "uv": [ 16, 15.125, 15.75, 15.25 ], "texture": "#voxels_atlas" }
			}
		},
		{
			"__comment": "Voxels",
			"from": [ 3.3016, 0.7619, 2.9206 ],
			"to": [ 3.936521, 0.8888841, 3.555521 ],
			"faces": {
				"down": { "uv": [ 10.875, 14.625, 11.5, 15.25 ], "texture": "#voxels_atlas" },
				"up": { "uv": [ 10.25, 15.25, 10.875, 14.625 ], "texture": "#voxels_atlas" },
				"north": { "uv": [ 1.875, 4.75, 1.25, 4.875 ], "texture": "#voxels_atlas" },
				"south": { "uv": [ 1.25, 4.625, 1.875, 4.75 ], "texture": "#voxels_atlas" },
				"west": { "uv": [ 1.25, 4.5, 1.875, 4.625 ], "texture": "#voxels_atlas" },
				"east": { "uv": [ 1.875, 4.125, 1.25, 4.25 ], "texture": "#voxels_atlas" }
			}
		},
		{
			"__comment": "Voxels",
			"from": [ 3.3016, 0.7619, 4.4444 ],
			"to": [ 3.936521, 0.8888841, 4.571384 ],
			"faces": {
				"down": { "uv": [ 1.25, 4, 1.875, 4.125 ], "texture": "#voxels_atlas" },
				"up": { "uv": [ 1.25, 4, 1.875, 3.875 ], "texture": "#voxels_atlas" },
				"north": { "uv": [ 1.875, 3.75, 1.25, 3.875 ], "texture": "#voxels_atlas" },
				"south": { "uv": [ 1.25, 3.625, 1.875, 3.75 ], "texture": "#voxels_atlas" },
				"west": { "uv": [ 0.5, 2.125, 0.625, 2.25 ], "texture": "#voxels_atlas" },
				"east": { "uv": [ 0.625, 2.25, 0.5, 2.375 ], "texture": "#voxels_atlas" }
			}
		},
		{
			"__comment": "Voxels",
			"from": [ 3.3016, 0.7619, 4.8254 ],
			"to": [ 3.555568, 0.8888841, 4.952384 ],
			"faces": {
				"down": { "uv": [ 15.75, 15, 16, 15.125 ], "texture": "#voxels_atlas" },
				"up": { "uv": [ 15.75, 15, 16, 14.875 ], "texture": "#voxels_atlas" },
				"north": { "uv": [ 16, 14.75, 15.75, 14.875 ], "texture": "#voxels_atlas" },
				"south": { "uv": [ 15.75, 14.625, 16, 14.75 ], "texture": "#voxels_atlas" },
				"west": { "uv": [ 0.5, 2.625, 0.625, 2.75 ], "texture": "#voxels_atlas" },
				"east": { "uv": [ 0.625, 2.75, 0.5, 2.875 ], "texture": "#voxels_atlas" }
			}
		},
		{
			"__comment": "Voxels",
			"from": [ 3.3016, 0.7619, 5.5873 ],
			"to": [ 3.555568, 0.8888841, 5.714284 ],
			"faces": {
				"down": { "uv": [ 15.75, 14.5, 16, 14.625 ], "texture": "#voxels_atlas" },
				"up": { "uv": [ 2.125, 12.625, 2.375, 12.5 ], "texture": "#voxels_atlas" },
				"north": { "uv": [ 2.375, 12.375, 2.125, 12.5 ], "texture": "#voxels_atlas" },
				"south": { "uv": [ 2.125, 12.25, 2.375, 12.375 ], "texture": "#voxels_atlas" },
				"west": { "uv": [ 0.5, 4.125, 0.625, 4.25 ], "texture": "#voxels_atlas" },
				"east": { "uv": [ 0.5, 0, 0.375, 0.125 ], "texture": "#voxels_atlas" }
			}
		},
		{
			"__comment": "Voxels",
			"from": [ 3.3016, 0.7619, 14.0952 ],
			"to": [ 3.936521, 0.8888841, 14.22218 ],
			"faces": {
				"down": { "uv": [ 1.25, 3.25, 1.875, 3.375 ], "texture": "#voxels_atlas" },
				"up": { "uv": [ 1.25, 3.25, 1.875, 3.125 ], "texture": "#voxels_atlas" },
				"north": { "uv": [ 1.875, 3, 1.25, 3.125 ], "texture": "#voxels_atlas" },
				"south": { "uv": [ 1.25, 2.875, 1.875, 3 ], "texture": "#voxels_atlas" },
				"west": { "uv": [ 0.75, 0.625, 0.875, 0.75 ], "texture": "#voxels_atlas" },
				"east": { "uv": [ 0.875, 1, 0.75, 1.125 ], "texture": "#voxels_atlas" }
			}
		},
		{
			"__comment": "Voxels",
			"from": [ 3.3016, 0.8889, 3.6825 ],
			"to": [ 3.936521, 1.015884, 4.190436 ],
			"faces": {
				"down": { "uv": [ 12.75, 14.75, 13.375, 15.25 ], "texture": "#voxels_atlas" },
				"up": { "uv": [ 13.375, 15.25, 14, 14.75 ], "texture": "#voxels_atlas" },
				"north": { "uv": [ 1.875, 2.25, 1.25, 2.375 ], "texture": "#voxels_atlas" },
				"south": { "uv": [ 1.25, 2.125, 1.875, 2.25 ], "texture": "#voxels_atlas" },
				"west": { "uv": [ 1.875, 6.875, 2.375, 7 ], "texture": "#voxels_atlas" },
				"east": { "uv": [ 2.375, 7.125, 1.875, 7.25 ], "texture": "#voxels_atlas" }
			}
		},
		{
			"__comment": "Voxels",
			"from": [ 3.3016, 0.8889, 4.3175 ],
			"to": [ 3.936521, 1.015884, 4.444484 ],
			"faces": {
				"down": { "uv": [ 1.25, 2, 1.875, 2.125 ], "texture": "#voxels_atlas" },
				"up": { "uv": [ 1.25, 1.5, 1.875, 1.375 ], "texture": "#voxels_atlas" },
				"north": { "uv": [ 1.875, 1.25, 1.25, 1.375 ], "texture": "#voxels_atlas" },
				"south": { "uv": [ 1.25, 1.125, 1.875, 1.25 ], "texture": "#voxels_atlas" },
				"west": { "uv": [ 0.625, 1.125, 0.75, 1.25 ], "texture": "#voxels_atlas" },
				"east": { "uv": [ 0.75, 1.25, 0.625, 1.375 ], "texture": "#voxels_atlas" }
			}
		},
		{
			"__comment": "Voxels",
			"from": [ 3.4286, 0.254, 4.1905 ],
			"to": [ 3.809552, 0.3809841, 4.317484 ],
			"faces": {
				"down": { "uv": [ 0.875, 5.25, 1.25, 5.375 ], "texture": "#voxels_atlas" },
				"up": { "uv": [ 0.875, 5.25, 1.25, 5.125 ], "texture": "#voxels_atlas" },
				"north": { "uv": [ 1.25, 5, 0.875, 5.125 ], "texture": "#voxels_atlas" },
				"south": { "uv": [ 0.875, 1, 1.25, 1.125 ], "texture": "#voxels_atlas" },
				"west": { "uv": [ 0.625, 3.375, 0.75, 3.5 ], "texture": "#voxels_atlas" },
				"east": { "uv": [ 0.75, 3.5, 0.625, 3.625 ], "texture": "#voxels_atlas" }
			}
		},
		{
			"__comment": "Voxels",
			"from": [ 3.4286, 0.381, 3.0476 ],
			"to": [ 3.809552, 0.5079841, 3.682521 ],
			"faces": {
				"down": { "uv": [ 0.875, 10, 1.25, 10.625 ], "texture": "#voxels_atlas" },
				"up": { "uv": [ 0.875, 11.25, 1.25, 10.625 ], "texture": "#voxels_atlas" },
				"north": { "uv": [ 1.25, 3.625, 0.875, 3.75 ], "texture": "#voxels_atlas" },
				"south": { "uv": [ 0.875, 3.375, 1.25, 3.5 ], "texture": "#voxels_atlas" },
				"west": { "uv": [ 10.875, 14.5, 11.5, 14.625 ], "texture": "#voxels_atlas" },
				"east": { "uv": [ 1.875, 5.875, 1.25, 6 ], "texture": "#voxels_atlas" }
			}
		},
		{
			"__comment": "Voxels",
			"from": [ 3.4286, 0.381, 4.4444 ],
			"to": [ 3.809552, 0.5079841, 4.571384 ],
			"faces": {
				"down": { "uv": [ 0.875, 0.5, 1.25, 0.625 ], "texture": "#voxels_atlas" },
				"up": { "uv": [ 0.875, 5, 1.25, 4.875 ], "texture": "#voxels_atlas" },
				"north": { "uv": [ 1.25, 5.5, 0.875, 5.625 ], "texture": "#voxels_atlas" },
				"south": { "uv": [ 0.875, 5.625, 1.25, 5.75 ], "texture": "#voxels_atlas" },
				"west": { "uv": [ 0.75, 6.375, 0.875, 6.5 ], "texture": "#voxels_atlas" },
				"east": { "uv": [ 0.875, 6.5, 0.75, 6.625 ], "texture": "#voxels_atlas" }
			}
		},
		{
			"__comment": "Voxels",
			"from": [ 3.4286, 0.5079, 2.1587 ],
			"to": [ 3.809552, 0.6348841, 2.920605 ],
			"faces": {
				"down": { "uv": [ 15.375, 14.5, 15.75, 15.25 ], "texture": "#voxels_atlas" },
				"up": { "uv": [ 15, 15.25, 15.375, 14.5 ], "texture": "#voxels_atlas" },
				"north": { "uv": [ 1.25, 6.625, 0.875, 6.75 ], "texture": "#voxels_atlas" },
				"south": { "uv": [ 0.875, 7.875, 1.25, 8 ], "texture": "#voxels_atlas" },
				"west": { "uv": [ 1.25, 8.125, 2, 8.25 ], "texture": "#voxels_atlas" },
				"east": { "uv": [ 2, 7.75, 1.25, 7.875 ], "texture": "#voxels_atlas" }
			}
		},
		{
			"__comment": "Voxels",
			"from": [ 3.4286, 0.5079, 4.5714 ],
			"to": [ 3.809552, 0.6348841, 4.825368 ],
			"faces": {
				"down": { "uv": [ 0.875, 8, 1.25, 8.25 ], "texture": "#voxels_atlas" },
				"up": { "uv": [ 0.875, 9.5, 1.25, 9.25 ], "texture": "#voxels_atlas" },
				"north": { "uv": [ 1.25, 5.375, 0.875, 5.5 ], "texture": "#voxels_atlas" },
				"south": { "uv": [ 0.875, 5.75, 1.25, 5.875 ], "texture": "#voxels_atlas" },
				"west": { "uv": [ 2.125, 12.125, 2.375, 12.25 ], "texture": "#voxels_atlas" },
				"east": { "uv": [ 2.375, 12, 2.125, 12.125 ], "texture": "#voxels_atlas" }
			}
		},
		{
			"__comment": "Voxels",
			"from": [ 3.4286, 0.5079, 5.7143 ],
			"to": [ 3.809552, 0.6348841, 5.841284 ],
			"faces": {
				"down": { "uv": [ 0.875, 5.875, 1.25, 6 ], "texture": "#voxels_atlas" },
				"up": { "uv": [ 0.875, 7.625, 1.25, 7.5 ], "texture": "#voxels_atlas" },
				"north": { "uv": [ 1.25, 7.375, 0.875, 7.5 ], "texture": "#voxels_atlas" },
				"south": { "uv": [ 0.875, 7, 1.25, 7.125 ], "texture": "#voxels_atlas" },
				"west": { "uv": [ 0.5, 3.75, 0.625, 3.875 ], "texture": "#voxels_atlas" },
				"east": { "uv": [ 0.625, 3.625, 0.5, 3.75 ], "texture": "#voxels_atlas" }
			}
		},
		{
			"__comment": "Voxels",
			"from": [ 3.4286, 0.5079, 13.9683 ],
			"to": [ 3.809552, 0.6348841, 14.09528 ],
			"faces": {
				"down": { "uv": [ 0.875, 6.5, 1.25, 6.625 ], "texture": "#voxels_atlas" },
				"up": { "uv": [ 0.875, 6.5, 1.25, 6.375 ], "texture": "#voxels_atlas" },
				"north": { "uv": [ 1.25, 3.5, 0.875, 3.625 ], "texture": "#voxels_atlas" },
				"south": { "uv": [ 0.875, 4.5, 1.25, 4.625 ], "texture": "#voxels_atlas" },
				"west": { "uv": [ 0.5, 0.5, 0.625, 0.625 ], "texture": "#voxels_atlas" },
				"east": { "uv": [ 0.625, 0.375, 0.5, 0.5 ], "texture": "#voxels_atlas" }
			}
		},
		{
			"__comment": "Voxels",
			"from": [ 3.4286, 0.5079, 14.2222 ],
			"to": [ 3.809552, 0.6348841, 14.47617 ],
			"faces": {
				"down": { "uv": [ 0.875, 8.75, 1.25, 9 ], "texture": "#voxels_atlas" },
				"up": { "uv": [ 0.875, 9.25, 1.25, 9 ], "texture": "#voxels_atlas" },
				"north": { "uv": [ 1.25, 6.75, 0.875, 6.875 ], "texture": "#voxels_atlas" },
				"south": { "uv": [ 0.875, 6.875, 1.25, 7 ], "texture": "#voxels_atlas" },
				"west": { "uv": [ 2.125, 11.875, 2.375, 12 ], "texture": "#voxels_atlas" },
				"east": { "uv": [ 2.375, 11.75, 2.125, 11.875 ], "texture": "#voxels_atlas" }
			}
		},
		{
			"__comment": "Voxels",
			"from": [ 3.4286, 0.6349, 1.3968 ],
			"to": [ 3.809552, 0.7618841, 2.031721 ],
			"faces": {
				"down": { "uv": [ 0.875, 13.125, 1.25, 13.75 ], "texture": "#voxels_atlas" },
				"up": { "uv": [ 0.875, 13.125, 1.25, 12.5 ], "texture": "#voxels_atlas" },
				"north": { "uv": [ 1.25, 0.625, 0.875, 0.75 ], "texture": "#voxels_atlas" },
				"south": { "uv": [ 0.875, 0.75, 1.25, 0.875 ], "texture": "#voxels_atlas" },
				"west": { "uv": [ 1.25, 7.5, 1.875, 7.625 ], "texture": "#voxels_atlas" },
				"east": { "uv": [ 12.125, 14.5, 11.5, 14.625 ], "texture": "#voxels_atlas" }
			}
		},
		{
			"__comment": "Voxels",
			"from": [ 3.4286, 0.6349, 4.6984 ],
			"to": [ 3.809552, 0.8888682, 4.825384 ],
			"faces": {
				"down": { "uv": [ 0.875, 4.625, 1.25, 4.75 ], "texture": "#voxels_atlas" },
				"up": { "uv": [ 0.875, 4.25, 1.25, 4.125 ], "texture": "#voxels_atlas" },
				"north": { "uv": [ 1.25, 8.25, 0.875, 8.5 ], "texture": "#voxels_atlas" },
				"south": { "uv": [ 0.875, 8.5, 1.25, 8.75 ], "texture": "#voxels_atlas" },
				"west": { "uv": [ 0.5, 6.75, 0.625, 7 ], "texture": "#voxels_atlas" },
				"east": { "uv": [ 0.625, 6.5, 0.5, 6.75 ], "texture": "#voxels_atlas" }
			}
		},
		{
			"__comment": "Voxels",
			"from": [ 3.4286, 0.6349, 5.8413 ],
			"to": [ 3.809552, 0.7618841, 13.96828 ],
			"faces": {
				"down": { "uv": [ 0, 8, 0.375, 16 ], "texture": "#voxels_atlas" },
				"up": { "uv": [ 0, 8, 0.375, 0 ], "texture": "#voxels_atlas" },
				"north": { "uv": [ 1.25, 3.875, 0.875, 4 ], "texture": "#voxels_atlas" },
				"south": { "uv": [ 0.875, 4, 1.25, 4.125 ], "texture": "#voxels_atlas" },
				"west": { "uv": [ 0.5, 15.625, 8.5, 15.75 ], "texture": "#voxels_atlas" },
				"east": { "uv": [ 8.375, 15.75, 0.375, 15.875 ], "texture": "#voxels_atlas" }
			}
		},
		{
			"__comment": "Voxels",
			"from": [ 3.4286, 0.6349, 14.4762 ],
			"to": [ 3.809552, 0.7618841, 14.73017 ],
			"faces": {
				"down": { "uv": [ 14, 14.5, 14.375, 14.75 ], "texture": "#voxels_atlas" },
				"up": { "uv": [ 13.375, 14.75, 13.75, 14.5 ], "texture": "#voxels_atlas" },
				"north": { "uv": [ 1.25, 4.75, 0.875, 4.875 ], "texture": "#voxels_atlas" },
				"south": { "uv": [ 0.875, 6.25, 1.25, 6.375 ], "texture": "#voxels_atlas" },
				"west": { "uv": [ 2.125, 11.625, 2.375, 11.75 ], "texture": "#voxels_atlas" },
				"east": { "uv": [ 2.375, 11.5, 2.125, 11.625 ], "texture": "#voxels_atlas" }
			}
		},
		{
			"__comment": "Voxels",
			"from": [ 3.4286, 0.7619, 2.1587 ],
			"to": [ 3.809552, 0.8888841, 2.920605 ],
			"faces": {
				"down": { "uv": [ 14.625, 14.5, 15, 15.25 ], "texture": "#voxels_atlas" },
				"up": { "uv": [ 0.875, 14.5, 1.25, 13.75 ], "texture": "#voxels_atlas" },
				"north": { "uv": [ 1.25, 1.25, 0.875, 1.375 ], "texture": "#voxels_atlas" },
				"south": { "uv": [ 0.875, 1.875, 1.25, 2 ], "texture": "#voxels_atlas" },
				"west": { "uv": [ 1.25, 8, 2, 8.125 ], "texture": "#voxels_atlas" },
				"east": { "uv": [ 2, 8.5, 1.25, 8.625 ], "texture": "#voxels_atlas" }
			}
		},
		{
			"__comment": "Voxels",
			"from": [ 3.4286, 0.7619, 4.5714 ],
			"to": [ 3.809552, 0.8888841, 4.698384 ],
			"faces": {
				"down": { "uv": [ 0.875, 2, 1.25, 2.125 ], "texture": "#voxels_atlas" },
				"up": { "uv": [ 0.875, 2.25, 1.25, 2.125 ], "texture": "#voxels_atlas" },
				"north": { "uv": [ 1.25, 7.125, 0.875, 7.25 ], "texture": "#voxels_atlas" },
				"south": { "uv": [ 0.875, 7.25, 1.25, 7.375 ], "texture": "#voxels_atlas" },
				"west": { "uv": [ 0.75, 4.25, 0.875, 4.375 ], "texture": "#voxels_atlas" },
				"east": { "uv": [ 0.875, 4.125, 0.75, 4.25 ], "texture": "#voxels_atlas" }
			}
		},
		{
			"__comment": "Voxels",
			"from": [ 3.4286, 0.7619, 5.7143 ],
			"to": [ 3.809552, 0.8888841, 5.841284 ],
			"faces": {
				"down": { "uv": [ 0.875, 6.125, 1.25, 6.25 ], "texture": "#voxels_atlas" },
				"up": { "uv": [ 0.875, 6.125, 1.25, 6 ], "texture": "#voxels_atlas" },
				"north": { "uv": [ 1.25, 3.75, 0.875, 3.875 ], "texture": "#voxels_atlas" },
				"south": { "uv": [ 0.875, 3.125, 1.25, 3.25 ], "texture": "#voxels_atlas" },
				"west": { "uv": [ 0.75, 3.25, 0.875, 3.375 ], "texture": "#voxels_atlas" },
				"east": { "uv": [ 0.875, 2.875, 0.75, 3 ], "texture": "#voxels_atlas" }
			}
		},
		{
			"__comment": "Voxels",
			"from": [ 3.4286, 0.7619, 13.9683 ],
			"to": [ 3.809552, 0.8888841, 14.09528 ],
			"faces": {
				"down": { "uv": [ 0.875, 3, 1.25, 3.125 ], "texture": "#voxels_atlas" },
				"up": { "uv": [ 0.875, 3, 1.25, 2.875 ], "texture": "#voxels_atlas" },
				"north": { "uv": [ 1.25, 2.25, 0.875, 2.375 ], "texture": "#voxels_atlas" },
				"south": { "uv": [ 0.875, 0.375, 1.25, 0.5 ], "texture": "#voxels_atlas" },
				"west": { "uv": [ 0.75, 2, 0.875, 2.125 ], "texture": "#voxels_atlas" },
				"east": { "uv": [ 0.875, 1.875, 0.75, 2 ], "texture": "#voxels_atlas" }
			}
		},
		{
			"__comment": "Voxels",
			"from": [ 3.4286, 0.7619, 14.2222 ],
			"to": [ 3.809552, 0.8888841, 14.47617 ],
			"faces": {
				"down": { "uv": [ 0.875, 9.5, 1.25, 9.75 ], "texture": "#voxels_atlas" },
				"up": { "uv": [ 0.875, 10, 1.25, 9.75 ], "texture": "#voxels_atlas" },
				"north": { "uv": [ 1.25, 1.75, 0.875, 1.875 ], "texture": "#voxels_atlas" },
				"south": { "uv": [ 0.875, 1.625, 1.25, 1.75 ], "texture": "#voxels_atlas" },
				"west": { "uv": [ 2.125, 11.375, 2.375, 11.5 ], "texture": "#voxels_atlas" },
				"east": { "uv": [ 2.375, 11.25, 2.125, 11.375 ], "texture": "#voxels_atlas" }
			}
		},
		{
			"__comment": "Voxels",
			"from": [ 3.4286, 0.8889, 3.0476 ],
			"to": [ 3.809552, 1.015884, 3.682521 ],
			"faces": {
				"down": { "uv": [ 0.875, 11.875, 1.25, 12.5 ], "texture": "#voxels_atlas" },
				"up": { "uv": [ 0.875, 11.875, 1.25, 11.25 ], "texture": "#voxels_atlas" },
				"north": { "uv": [ 1.25, 1.5, 0.875, 1.625 ], "texture": "#voxels_atlas" },
				"south": { "uv": [ 0.875, 1.375, 1.25, 1.5 ], "texture": "#voxels_atlas" },
				"west": { "uv": [ 1.25, 2.625, 1.875, 2.75 ], "texture": "#voxels_atlas" },
				"east": { "uv": [ 1.875, 2.75, 1.25, 2.875 ], "texture": "#voxels_atlas" }
			}
		},
		{
			"__comment": "Voxels",
			"from": [ 3.4286, 0.8889, 4.4444 ],
			"to": [ 3.809552, 1.015884, 4.571384 ],
			"faces": {
				"down": { "uv": [ 0.875, 3.25, 1.25, 3.375 ], "texture": "#voxels_atlas" },
				"up": { "uv": [ 0.875, 2.875, 1.25, 2.75 ], "texture": "#voxels_atlas" },
				"north": { "uv": [ 1.25, 2.625, 0.875, 2.75 ], "texture": "#voxels_atlas" },
				"south": { "uv": [ 0.875, 2.5, 1.25, 2.625 ], "texture": "#voxels_atlas" },
				"west": { "uv": [ 6.5, 13.5, 6.625, 13.625 ], "texture": "#voxels_atlas" },
				"east": { "uv": [ 6.75, 13.5, 6.625, 13.625 ], "texture": "#voxels_atlas" }
			}
		},
		{
			"__comment": "Voxels",
			"from": [ 3.4286, 1.0159, 4.1905 ],
			"to": [ 3.809552, 1.142884, 4.317484 ],
			"faces": {
				"down": { "uv": [ 0.875, 2.375, 1.25, 2.5 ], "texture": "#voxels_atlas" },
				"up": { "uv": [ 0.875, 0.25, 1.25, 0.125 ], "texture": "#voxels_atlas" },
				"north": { "uv": [ 1.25, 0, 0.875, 0.125 ], "texture": "#voxels_atlas" },
				"south": { "uv": [ 15.625, 15.375, 16, 15.5 ], "texture": "#voxels_atlas" },
				"west": { "uv": [ 7.5, 13.5, 7.625, 13.625 ], "texture": "#voxels_atlas" },
				"east": { "uv": [ 7.75, 13.5, 7.625, 13.625 ], "texture": "#voxels_atlas" }
			}
		},
		{
			"__comment": "Voxels",
			"from": [ 3.5556, 0.127, 4.1905 ],
			"to": [ 3.682584, 0.2539842, 4.317484 ],
			"faces": {
				"down": { "uv": [ 8, 13.5, 8.125, 13.625 ], "texture": "#voxels_atlas" },
				"up": { "uv": [ 8.125, 13.625, 8.25, 13.5 ], "texture": "#voxels_atlas" },
				"north": { "uv": [ 8.375, 13.5, 8.25, 13.625 ], "texture": "#voxels_atlas" },
				"south": { "uv": [ 8.375, 13.5, 8.5, 13.625 ], "texture": "#voxels_atlas" },
				"west": { "uv": [ 8.75, 13.5, 8.875, 13.625 ], "texture": "#voxels_atlas" },
				"east": { "uv": [ 9, 13.5, 8.875, 13.625 ], "texture": "#voxels_atlas" }
			}
		},
		{
			"__comment": "Voxels",
			"from": [ 3.5556, 0.254, 3.8095 ],
			"to": [ 3.682584, 0.3809841, 4.190453 ],
			"faces": {
				"down": { "uv": [ 0.375, 0.875, 0.5, 1.25 ], "texture": "#voxels_atlas" },
				"up": { "uv": [ 0.375, 0.875, 0.5, 0.5 ], "texture": "#voxels_atlas" },
				"north": { "uv": [ 9.625, 13.5, 9.5, 13.625 ], "texture": "#voxels_atlas" },
				"south": { "uv": [ 9.625, 13.5, 9.75, 13.625 ], "texture": "#voxels_atlas" },
				"west": { "uv": [ 0.875, 7.75, 1.25, 7.875 ], "texture": "#voxels_atlas" },
				"east": { "uv": [ 1.25, 7.625, 0.875, 7.75 ], "texture": "#voxels_atlas" }
			}
		},
		{
			"__comment": "Voxels",
			"from": [ 3.5556, 0.254, 4.3175 ],
			"to": [ 3.682584, 0.3809841, 4.444484 ],
			"faces": {
				"down": { "uv": [ 10.25, 13.5, 10.375, 13.625 ], "texture": "#voxels_atlas" },
				"up": { "uv": [ 10.375, 13.625, 10.5, 13.5 ], "texture": "#voxels_atlas" },
				"north": { "uv": [ 10.625, 13.5, 10.5, 13.625 ], "texture": "#voxels_atlas" },
				"south": { "uv": [ 10.625, 13.5, 10.75, 13.625 ], "texture": "#voxels_atlas" },
				"west": { "uv": [ 11, 13.5, 11.125, 13.625 ], "texture": "#voxels_atlas" },
				"east": { "uv": [ 11.25, 13.5, 11.125, 13.625 ], "texture": "#voxels_atlas" }
			}
		},
		{
			"__comment": "Voxels",
			"from": [ 3.5556, 0.381, 2.2857 ],
			"to": [ 3.682584, 0.5079841, 3.047605 ],
			"faces": {
				"down": { "uv": [ 0.375, 5.5, 0.5, 6.25 ], "texture": "#voxels_atlas" },
				"up": { "uv": [ 0.375, 5.5, 0.5, 4.75 ], "texture": "#voxels_atlas" },
				"north": { "uv": [ 11.875, 13.5, 11.75, 13.625 ], "texture": "#voxels_atlas" },
				"south": { "uv": [ 11.875, 13.5, 12, 13.625 ], "texture": "#voxels_atlas" },
				"west": { "uv": [ 1.25, 8.75, 2, 8.875 ], "texture": "#voxels_atlas" },
				"east": { "uv": [ 2, 8.375, 1.25, 8.5 ], "texture": "#voxels_atlas" }
			}
		},
		{
			"__comment": "Voxels",
			"from": [ 3.5556, 0.381, 4.5714 ],
			"to": [ 3.682584, 0.5079841, 4.698384 ],
			"faces": {
				"down": { "uv": [ 12.5, 13.5, 12.625, 13.625 ], "texture": "#voxels_atlas" },
				"up": { "uv": [ 12.625, 13.625, 12.75, 13.5 ], "texture": "#voxels_atlas" },
				"north": { "uv": [ 12.875, 13.5, 12.75, 13.625 ], "texture": "#voxels_atlas" },
				"south": { "uv": [ 12.875, 13.5, 13, 13.625 ], "texture": "#voxels_atlas" },
				"west": { "uv": [ 13.25, 13.5, 13.375, 13.625 ], "texture": "#voxels_atlas" },
				"east": { "uv": [ 13.5, 13.5, 13.375, 13.625 ], "texture": "#voxels_atlas" }
			}
		},
		{
			"__comment": "Voxels",
			"from": [ 3.5556, 0.5079, 1.5238 ],
			"to": [ 3.682584, 0.6348841, 2.158721 ],
			"faces": {
				"down": { "uv": [ 0.375, 2.25, 0.5, 2.875 ], "texture": "#voxels_atlas" },
				"up": { "uv": [ 0.375, 3.5, 0.5, 2.875 ], "texture": "#voxels_atlas" },
				"north": { "uv": [ 14.125, 13.5, 14, 13.625 ], "texture": "#voxels_atlas" },
				"south": { "uv": [ 14.125, 13.5, 14.25, 13.625 ], "texture": "#voxels_atlas" },
				"west": { "uv": [ 1.25, 3.375, 1.875, 3.5 ], "texture": "#voxels_atlas" },
				"east": { "uv": [ 1.875, 3.5, 1.25, 3.625 ], "texture": "#voxels_atlas" }
			}
		},
		{
			"__comment": "Voxels",
			"from": [ 3.5556, 0.5079, 5.8413 ],
			"to": [ 3.682584, 0.6348841, 13.96828 ],
			"faces": {
				"down": { "uv": [ 0.75, 7.5, 0.875, 15.5 ], "texture": "#voxels_atlas" },
				"up": { "uv": [ 0.625, 15.625, 0.75, 7.625 ], "texture": "#voxels_atlas" },
				"north": { "uv": [ 15.125, 13.5, 15, 13.625 ], "texture": "#voxels_atlas" },
				"south": { "uv": [ 15.125, 13.5, 15.25, 13.625 ], "texture": "#voxels_atlas" },
				"west": { "uv": [ 0.75, 15.5, 8.75, 15.625 ], "texture": "#voxels_atlas" },
				"east": { "uv": [ 8.875, 15.25, 0.875, 15.375 ], "texture": "#voxels_atlas" }
			}
		},
		{
			"__comment": "Voxels",
			"from": [ 3.5556, 0.5079, 14.4762 ],
			"to": [ 3.682584, 0.6348841, 14.73017 ],
			"faces": {
				"down": { "uv": [ 0.5, 6.25, 0.625, 6.5 ], "texture": "#voxels_atlas" },
				"up": { "uv": [ 0.5, 6.25, 0.625, 6 ], "texture": "#voxels_atlas" },
				"north": { "uv": [ 0.625, 4, 0.5, 4.125 ], "texture": "#voxels_atlas" },
				"south": { "uv": [ 0.5, 3.875, 0.625, 4 ], "texture": "#voxels_atlas" },
				"west": { "uv": [ 2.125, 11.125, 2.375, 11.25 ], "texture": "#voxels_atlas" },
				"east": { "uv": [ 2.375, 11, 2.125, 11.125 ], "texture": "#voxels_atlas" }
			}
		},
		{
			"__comment": "Voxels",
			"from": [ 3.5556, 0.6349, 0.8889 ],
			"to": [ 3.682584, 0.7618841, 1.396837 ],
			"faces": {
				"down": { "uv": [ 0.375, 1.75, 0.5, 2.25 ], "texture": "#voxels_atlas" },
				"up": { "uv": [ 0.375, 1.75, 0.5, 1.25 ], "texture": "#voxels_atlas" },
				"north": { "uv": [ 0.625, 3.25, 0.5, 3.375 ], "texture": "#voxels_atlas" },
				"south": { "uv": [ 0.5, 3.125, 0.625, 3.25 ], "texture": "#voxels_atlas" },
				"west": { "uv": [ 1.875, 7.5, 2.375, 7.625 ], "texture": "#voxels_atlas" },
				"east": { "uv": [ 2.375, 7.375, 1.875, 7.5 ], "texture": "#voxels_atlas" }
			}
		},
		{
			"__comment": "Voxels",
			"from": [ 3.5556, 0.6349, 14.7302 ],
			"to": [ 3.682584, 0.7618841, 14.98417 ],
			"faces": {
				"down": { "uv": [ 0.5, 5.75, 0.625, 6 ], "texture": "#voxels_atlas" },
				"up": { "uv": [ 0.5, 5.75, 0.625, 5.5 ], "texture": "#voxels_atlas" },
				"north": { "uv": [ 0.625, 2.5, 0.5, 2.625 ], "texture": "#voxels_atlas" },
				"south": { "uv": [ 0.5, 2.375, 0.625, 2.5 ], "texture": "#voxels_atlas" },
				"west": { "uv": [ 2.125, 10.875, 2.375, 11 ], "texture": "#voxels_atlas" },
				"east": { "uv": [ 2.375, 10.75, 2.125, 10.875 ], "texture": "#voxels_atlas" }
			}
		},
		{
			"__comment": "Voxels",
			"from": [ 3.5556, 0.7619, 1.5238 ],
			"to": [ 3.682584, 0.8888841, 2.158721 ],
			"faces": {
				"down": { "uv": [ 0.375, 3.5, 0.5, 4.125 ], "texture": "#voxels_atlas" },
				"up": { "uv": [ 0.375, 4.75, 0.5, 4.125 ], "texture": "#voxels_atlas" },
				"north": { "uv": [ 0.625, 1.75, 0.5, 1.875 ], "texture": "#voxels_atlas" },
				"south": { "uv": [ 0.5, 1.625, 0.625, 1.75 ], "texture": "#voxels_atlas" },
				"west": { "uv": [ 1.25, 4.25, 1.875, 4.375 ], "texture": "#voxels_atlas" },
				"east": { "uv": [ 1.875, 4.375, 1.25, 4.5 ], "texture": "#voxels_atlas" }
			}
		},
		{
			"__comment": "Voxels",
			"from": [ 3.5556, 0.7619, 5.8413 ],
			"to": [ 3.682584, 0.8888841, 13.96828 ],
			"faces": {
				"down": { "uv": [ 0.375, 7.75, 0.5, 15.75 ], "texture": "#voxels_atlas" },
				"up": { "uv": [ 0.5, 15.625, 0.625, 7.625 ], "texture": "#voxels_atlas" },
				"north": { "uv": [ 0.625, 1, 0.5, 1.125 ], "texture": "#voxels_atlas" },
				"south": { "uv": [ 0.5, 0.875, 0.625, 1 ], "texture": "#voxels_atlas" },
				"west": { "uv": [ 0.375, 15.875, 8.375, 16 ], "texture": "#voxels_atlas" },
				"east": { "uv": [ 8.875, 15.375, 0.875, 15.5 ], "texture": "#voxels_atlas" }
			}
		},
		{
			"__comment": "Voxels",
			"from": [ 3.5556, 0.7619, 14.4762 ],
			"to": [ 3.682584, 0.8888841, 14.73017 ],
			"faces": {
				"down": { "uv": [ 0.5, 5.25, 0.625, 5.5 ], "texture": "#voxels_atlas" },
				"up": { "uv": [ 0.5, 5.25, 0.625, 5 ], "texture": "#voxels_atlas" },
				"north": { "uv": [ 0.625, 0.25, 0.5, 0.375 ], "texture": "#voxels_atlas" },
				"south": { "uv": [ 0.5, 0.125, 0.625, 0.25 ], "texture": "#voxels_atlas" },
				"west": { "uv": [ 2.125, 10.625, 2.375, 10.75 ], "texture": "#voxels_atlas" },
				"east": { "uv": [ 2.375, 10.5, 2.125, 10.625 ], "texture": "#voxels_atlas" }
			}
		},
		{
			"__comment": "Voxels",
			"from": [ 3.5556, 0.8889, 2.2857 ],
			"to": [ 3.682584, 1.015884, 3.047605 ],
			"faces": {
				"down": { "uv": [ 0.375, 6.25, 0.5, 7 ], "texture": "#voxels_atlas" },
				"up": { "uv": [ 0.375, 7.75, 0.5, 7 ], "texture": "#voxels_atlas" },
				"north": { "uv": [ 0.75, 7.125, 0.625, 7.25 ], "texture": "#voxels_atlas" },
				"south": { "uv": [ 0.625, 7, 0.75, 7.125 ], "texture": "#voxels_atlas" },
				"west": { "uv": [ 1.25, 7.875, 2, 8 ], "texture": "#voxels_atlas" },
				"east": { "uv": [ 2, 7.625, 1.25, 7.75 ], "texture": "#voxels_atlas" }
			}
		},
		{
			"__comment": "Voxels",
			"from": [ 3.5556, 0.8889, 4.5714 ],
			"to": [ 3.682584, 1.015884, 4.698384 ],
			"faces": {
				"down": { "uv": [ 0.625, 6.625, 0.75, 6.75 ], "texture": "#voxels_atlas" },
				"up": { "uv": [ 0.625, 6.625, 0.75, 6.5 ], "texture": "#voxels_atlas" },
				"north": { "uv": [ 0.75, 6.375, 0.625, 6.5 ], "texture": "#voxels_atlas" },
				"south": { "uv": [ 0.625, 6.25, 0.75, 6.375 ], "texture": "#voxels_atlas" },
				"west": { "uv": [ 0.625, 6.125, 0.75, 6.25 ], "texture": "#voxels_atlas" },
				"east": { "uv": [ 0.75, 6, 0.625, 6.125 ], "texture": "#voxels_atlas" }
			}
		},
		{
			"__comment": "Voxels",
			"from": [ 3.5556, 1.0159, 3.8095 ],
			"to": [ 3.682584, 1.142884, 4.190453 ],
			"faces": {
				"down": { "uv": [ 0.375, 0.125, 0.5, 0.5 ], "texture": "#voxels_atlas" },
				"up": { "uv": [ 0.5, 7.625, 0.625, 7.25 ], "texture": "#voxels_atlas" },
				"north": { "uv": [ 0.75, 5.625, 0.625, 5.75 ], "texture": "#voxels_atlas" },
				"south": { "uv": [ 0.625, 5.5, 0.75, 5.625 ], "texture": "#voxels_atlas" },
				"west": { "uv": [ 0.875, 0.25, 1.25, 0.375 ], "texture": "#voxels_atlas" },
				"east": { "uv": [ 16, 14.375, 15.625, 14.5 ], "texture": "#voxels_atlas" }
			}
		},
		{
			"__comment": "Voxels",
			"from": [ 3.5556, 1.0159, 4.3175 ],
			"to": [ 3.682584, 1.142884, 4.444484 ],
			"faces": {
				"down": { "uv": [ 0.625, 5.125, 0.75, 5.25 ], "texture": "#voxels_atlas" },
				"up": { "uv": [ 0.75, 0.375, 0.875, 0.25 ], "texture": "#voxels_atlas" },
				"north": { "uv": [ 0.75, 4.875, 0.625, 5 ], "texture": "#voxels_atlas" },
				"south": { "uv": [ 0.625, 4.75, 0.75, 4.875 ], "texture": "#voxels_atlas" },
				"west": { "uv": [ 0.625, 4.625, 0.75, 4.75 ], "texture": "#voxels_atlas" },
				"east": { "uv": [ 0.75, 4.5, 0.625, 4.625 ], "texture": "#voxels_atlas" }
			}
		},
		{
			"__comment": "Voxels",
			"from": [ 3.5556, 1.1429, 4.1905 ],
			"to": [ 3.682584, 1.269884, 4.317484 ],
			"faces": {
				"down": { "uv": [ 0.625, 4.375, 0.75, 4.5 ], "texture": "#voxels_atlas" },
				"up": { "uv": [ 0.625, 4.375, 0.75, 4.25 ], "texture": "#voxels_atlas" },
				"north": { "uv": [ 0.75, 4.125, 0.625, 4.25 ], "texture": "#voxels_atlas" },
				"south": { "uv": [ 0.625, 4, 0.75, 4.125 ], "texture": "#voxels_atlas" },
				"west": { "uv": [ 0.625, 3.875, 0.75, 4 ], "texture": "#voxels_atlas" },
				"east": { "uv": [ 0.75, 3.75, 0.625, 3.875 ], "texture": "#voxels_atlas" }
			}
		},
		{
			"__comment": "Voxels",
			"from": [ 3.6825, 0.5079, 4.8254 ],
			"to": [ 3.936468, 0.6348841, 4.952384 ],
			"faces": {
				"down": { "uv": [ 2.125, 10.375, 2.375, 10.5 ], "texture": "#voxels_atlas" },
				"up": { "uv": [ 2.125, 10.375, 2.375, 10.25 ], "texture": "#voxels_atlas" },
				"north": { "uv": [ 2.375, 10.125, 2.125, 10.25 ], "texture": "#voxels_atlas" },
				"south": { "uv": [ 2.125, 10, 2.375, 10.125 ], "texture": "#voxels_atlas" },
				"west": { "uv": [ 0.625, 3.125, 0.75, 3.25 ], "texture": "#voxels_atlas" },
				"east": { "uv": [ 0.75, 3, 0.625, 3.125 ], "texture": "#voxels_atlas" }
			}
		},
		{
			"__comment": "Voxels",
			"from": [ 3.6825, 0.5079, 5.5873 ],
			"to": [ 3.936468, 0.6348841, 5.714284 ],
			"faces": {
				"down": { "uv": [ 2.125, 9.875, 2.375, 10 ], "texture": "#voxels_atlas" },
				"up": { "uv": [ 2.125, 9.875, 2.375, 9.75 ], "texture": "#voxels_atlas" },
				"north": { "uv": [ 2.375, 9.625, 2.125, 9.75 ], "texture": "#voxels_atlas" },
				"south": { "uv": [ 2.125, 9.5, 2.375, 9.625 ], "texture": "#voxels_atlas" },
				"west": { "uv": [ 0.625, 2.375, 0.75, 2.5 ], "texture": "#voxels_atlas" },
				"east": { "uv": [ 0.75, 2.25, 0.625, 2.375 ], "texture": "#voxels_atlas" }
			}
		},
		{
			"__comment": "Voxels",
			"from": [ 3.6825, 0.6349, 4.9524 ],
			"to": [ 5.587262, 0.7618841, 5.079384 ],
			"faces": {
				"down": { "uv": [ 12.25, 15.625, 14.125, 15.75 ], "texture": "#voxels_atlas" },
				"up": { "uv": [ 10.375, 15.75, 12.25, 15.625 ], "texture": "#voxels_atlas" },
				"north": { "uv": [ 10.375, 15.625, 8.5, 15.75 ], "texture": "#voxels_atlas" },
				"south": { "uv": [ 14, 15.75, 15.875, 15.875 ], "texture": "#voxels_atlas" },
				"west": { "uv": [ 0.625, 1.625, 0.75, 1.75 ], "texture": "#voxels_atlas" },
				"east": { "uv": [ 0.75, 1.5, 0.625, 1.625 ], "texture": "#voxels_atlas" }
			}
		},
		{
			"__comment": "Voxels",
			"from": [ 3.6825, 0.6349, 5.4603 ],
			"to": [ 5.587262, 0.7618841, 5.587284 ],
			"faces": {
				"down": { "uv": [ 12.125, 15.75, 14, 15.875 ], "texture": "#voxels_atlas" },
				"up": { "uv": [ 10.25, 15.875, 12.125, 15.75 ], "texture": "#voxels_atlas" },
				"north": { "uv": [ 15.875, 15.875, 14, 16 ], "texture": "#voxels_atlas" },
				"south": { "uv": [ 8.375, 15.75, 10.25, 15.875 ], "texture": "#voxels_atlas" },
				"west": { "uv": [ 0.625, 0.875, 0.75, 1 ], "texture": "#voxels_atlas" },
				"east": { "uv": [ 0.75, 0.75, 0.625, 0.875 ], "texture": "#voxels_atlas" }
			}
		},
		{
			"__comment": "Voxels",
			"from": [ 3.6825, 0.7619, 4.8254 ],
			"to": [ 3.936468, 0.8888841, 4.952384 ],
			"faces": {
				"down": { "uv": [ 2, 7.625, 2.25, 7.75 ], "texture": "#voxels_atlas" },
				"up": { "uv": [ 1.875, 5.5, 2.125, 5.375 ], "texture": "#voxels_atlas" },
				"north": { "uv": [ 2.375, 5.375, 2.125, 5.5 ], "texture": "#voxels_atlas" },
				"south": { "uv": [ 1.875, 5.25, 2.125, 5.375 ], "texture": "#voxels_atlas" },
				"west": { "uv": [ 0.625, 0.125, 0.75, 0.25 ], "texture": "#voxels_atlas" },
				"east": { "uv": [ 0.75, 0, 0.625, 0.125 ], "texture": "#voxels_atlas" }
			}
		},
		{
			"__comment": "Voxels",
			"from": [ 3.6825, 0.7619, 5.5873 ],
			"to": [ 3.936468, 0.8888841, 5.714284 ],
			"faces": {
				"down": { "uv": [ 2.125, 5.25, 2.375, 5.375 ], "texture": "#voxels_atlas" },
				"up": { "uv": [ 1.875, 5.25, 2.125, 5.125 ], "texture": "#voxels_atlas" },
				"north": { "uv": [ 2.375, 5.125, 2.125, 5.25 ], "texture": "#voxels_atlas" },
				"south": { "uv": [ 1.875, 5, 2.125, 5.125 ], "texture": "#voxels_atlas" },
				"west": { "uv": [ 0.75, 6.875, 0.875, 7 ], "texture": "#voxels_atlas" },
				"east": { "uv": [ 0.875, 6.75, 0.75, 6.875 ], "texture": "#voxels_atlas" }
			}
		},
		{
			"__comment": "Voxels",
			"from": [ 3.8095, 0.5079, 4.9524 ],
			"to": [ 4.063468, 0.6348841, 5.079384 ],
			"faces": {
				"down": { "uv": [ 2.125, 5, 2.375, 5.125 ], "texture": "#voxels_atlas" },
				"up": { "uv": [ 1.875, 5, 2.125, 4.875 ], "texture": "#voxels_atlas" },
				"north": { "uv": [ 2.375, 4.875, 2.125, 5 ], "texture": "#voxels_atlas" },
				"south": { "uv": [ 1.875, 4.75, 2.125, 4.875 ], "texture": "#voxels_atlas" },
				"west": { "uv": [ 0.75, 6.125, 0.875, 6.25 ], "texture": "#voxels_atlas" },
				"east": { "uv": [ 0.875, 6, 0.75, 6.125 ], "texture": "#voxels_atlas" }
			}
		},
		{
			"__comment": "Voxels",
			"from": [ 3.8095, 0.5079, 5.4603 ],
			"to": [ 4.063468, 0.6348841, 5.587284 ],
			"faces": {
				"down": { "uv": [ 2.125, 4.75, 2.375, 4.875 ], "texture": "#voxels_atlas" },
				"up": { "uv": [ 1.875, 4.75, 2.125, 4.625 ], "texture": "#voxels_atlas" },
				"north": { "uv": [ 2.375, 4.625, 2.125, 4.75 ], "texture": "#voxels_atlas" },
				"south": { "uv": [ 1.875, 4.5, 2.125, 4.625 ], "texture": "#voxels_atlas" },
				"west": { "uv": [ 0.75, 5.375, 0.875, 5.5 ], "texture": "#voxels_atlas" },
				"east": { "uv": [ 0.875, 5.25, 0.75, 5.375 ], "texture": "#voxels_atlas" }
			}
		},
		{
			"__comment": "Voxels",
			"from": [ 3.8095, 0.6349, 5.0794 ],
			"to": [ 5.460294, 0.7618841, 5.206384 ],
			"faces": {
				"down": { "uv": [ 9.375, 14.375, 11, 14.5 ], "texture": "#voxels_atlas" },
				"up": { "uv": [ 14.375, 15.625, 16, 15.5 ], "texture": "#voxels_atlas" },
				"north": { "uv": [ 14, 15.375, 12.375, 15.5 ], "texture": "#voxels_atlas" },
				"south": { "uv": [ 1.25, 14.375, 2.875, 14.5 ], "texture": "#voxels_atlas" },
				"west": { "uv": [ 0.75, 4.625, 0.875, 4.75 ], "texture": "#voxels_atlas" },
				"east": { "uv": [ 0.875, 4.5, 0.75, 4.625 ], "texture": "#voxels_atlas" }
			}
		},
		{
			"__comment": "Voxels",
			"from": [ 3.8095, 0.6349, 5.3333 ],
			"to": [ 5.460294, 0.7618841, 5.460284 ],
			"faces": {
				"down": { "uv": [ 12.125, 15.25, 13.75, 15.375 ], "texture": "#voxels_atlas" },
				"up": { "uv": [ 13.75, 15.375, 15.375, 15.25 ], "texture": "#voxels_atlas" },
				"north": { "uv": [ 4.5, 14.375, 2.875, 14.5 ], "texture": "#voxels_atlas" },
				"south": { "uv": [ 11, 14.375, 12.625, 14.5 ], "texture": "#voxels_atlas" },
				"west": { "uv": [ 0.75, 3.875, 0.875, 4 ], "texture": "#voxels_atlas" },
				"east": { "uv": [ 0.875, 3.75, 0.75, 3.875 ], "texture": "#voxels_atlas" }
			}
		},
		{
			"__comment": "Voxels",
			"from": [ 3.8095, 0.7619, 4.9524 ],
			"to": [ 4.063468, 0.8888841, 5.079384 ],
			"faces": {
				"down": { "uv": [ 2.125, 4, 2.375, 4.125 ], "texture": "#voxels_atlas" },
				"up": { "uv": [ 1.875, 4, 2.125, 3.875 ], "texture": "#voxels_atlas" },
				"north": { "uv": [ 2.375, 3.875, 2.125, 4 ], "texture": "#voxels_atlas" },
				"south": { "uv": [ 1.875, 3.75, 2.125, 3.875 ], "texture": "#voxels_atlas" },
				"west": { "uv": [ 0.75, 3.125, 0.875, 3.25 ], "texture": "#voxels_atlas" },
				"east": { "uv": [ 0.875, 3, 0.75, 3.125 ], "texture": "#voxels_atlas" }
			}
		},
		{
			"__comment": "Voxels",
			"from": [ 3.8095, 0.7619, 5.4603 ],
			"to": [ 4.063468, 0.8888841, 5.587284 ],
			"faces": {
				"down": { "uv": [ 2.125, 3.75, 2.375, 3.875 ], "texture": "#voxels_atlas" },
				"up": { "uv": [ 1.875, 3.75, 2.125, 3.625 ], "texture": "#voxels_atlas" },
				"north": { "uv": [ 2.375, 3.625, 2.125, 3.75 ], "texture": "#voxels_atlas" },
				"south": { "uv": [ 1.875, 3.5, 2.125, 3.625 ], "texture": "#voxels_atlas" },
				"west": { "uv": [ 0.75, 2.375, 0.875, 2.5 ], "texture": "#voxels_atlas" },
				"east": { "uv": [ 0.875, 2.25, 0.75, 2.375 ], "texture": "#voxels_atlas" }
			}
		},
		{
			"__comment": "Voxels",
			"from": [ 3.9365, 0.5079, 5.0794 ],
			"to": [ 5.333325, 0.6348841, 5.206384 ],
			"faces": {
				"down": { "uv": [ 5.375, 14.25, 6.75, 14.375 ], "texture": "#voxels_atlas" },
				"up": { "uv": [ 6.75, 14.125, 8.125, 14 ], "texture": "#voxels_atlas" },
				"north": { "uv": [ 5.375, 14.25, 4, 14.375 ], "texture": "#voxels_atlas" },
				"south": { "uv": [ 14.25, 14.375, 15.625, 14.5 ], "texture": "#voxels_atlas" },
				"west": { "uv": [ 0.75, 1.625, 0.875, 1.75 ], "texture": "#voxels_atlas" },
				"east": { "uv": [ 0.875, 1.5, 0.75, 1.625 ], "texture": "#voxels_atlas" }
			}
		},
		{
			"__comment": "Voxels",
			"from": [ 3.9365, 0.5079, 5.3333 ],
			"to": [ 5.333325, 0.6348841, 5.460284 ],
			"faces": {
				"down": { "uv": [ 12.25, 14, 13.625, 14.125 ], "texture": "#voxels_atlas" },
				"up": { "uv": [ 13.625, 14.125, 15, 14 ], "texture": "#voxels_atlas" },
				"north": { "uv": [ 2.625, 13.875, 1.25, 14 ], "texture": "#voxels_atlas" },
				"south": { "uv": [ 2.625, 13.875, 4, 14 ], "texture": "#voxels_atlas" },
				"west": { "uv": [ 0.75, 0.875, 0.875, 1 ], "texture": "#voxels_atlas" },
				"east": { "uv": [ 0.875, 0.75, 0.75, 0.875 ], "texture": "#voxels_atlas" }
			}
		},
		{
			"__comment": "Voxels",
			"from": [ 3.9365, 0.6349, 5.2063 ],
			"to": [ 5.333325, 0.7618841, 5.333284 ],
			"faces": {
				"down": { "uv": [ 4, 13.875, 5.375, 14 ], "texture": "#voxels_atlas" },
				"up": { "uv": [ 5.375, 14, 6.75, 13.875 ], "texture": "#voxels_atlas" },
				"north": { "uv": [ 8.125, 13.875, 6.75, 14 ], "texture": "#voxels_atlas" },
				"south": { "uv": [ 6.75, 14.25, 8.125, 14.375 ], "texture": "#voxels_atlas" },
				"west": { "uv": [ 0.75, 0.125, 0.875, 0.25 ], "texture": "#voxels_atlas" },
				"east": { "uv": [ 0.875, 0, 0.75, 0.125 ], "texture": "#voxels_atlas" }
			}
		},
		{
			"__comment": "Voxels",
			"from": [ 3.9365, 0.7619, 5.0794 ],
			"to": [ 5.333325, 0.8888841, 5.206384 ],
			"faces": {
				"down": { "uv": [ 8.125, 13.875, 9.5, 14 ], "texture": "#voxels_atlas" },
				"up": { "uv": [ 9.5, 14, 10.875, 13.875 ], "texture": "#voxels_atlas" },
				"north": { "uv": [ 12.25, 13.875, 10.875, 14 ], "texture": "#voxels_atlas" },
				"south": { "uv": [ 12.25, 13.875, 13.625, 14 ], "texture": "#voxels_atlas" },
				"west": { "uv": [ 15.875, 13.625, 16, 13.75 ], "texture": "#voxels_atlas" },
				"east": { "uv": [ 2.375, 8, 2.25, 8.125 ], "texture": "#voxels_atlas" }
			}
		},
		{
			"__comment": "Voxels",
			"from": [ 3.9365, 0.7619, 5.3333 ],
			"to": [ 5.333325, 0.8888841, 5.460284 ],
			"faces": {
				"down": { "uv": [ 13.625, 13.875, 15, 14 ], "texture": "#voxels_atlas" },
				"up": { "uv": [ 1.25, 13.875, 2.625, 13.75 ], "texture": "#voxels_atlas" },
				"north": { "uv": [ 4, 13.75, 2.625, 13.875 ], "texture": "#voxels_atlas" },
				"south": { "uv": [ 4, 13.75, 5.375, 13.875 ], "texture": "#voxels_atlas" },
				"west": { "uv": [ 6.25, 13.5, 6.375, 13.625 ], "texture": "#voxels_atlas" },
				"east": { "uv": [ 6.5, 13.5, 6.375, 13.625 ], "texture": "#voxels_atlas" }
			}
		},
		{
			"__comment": "Voxels",
			"from": [ 4.0635, 0.5079, 5.2063 ],
			"to": [ 5.206357, 0.6348841, 5.333284 ],
			"faces": {
				"down": { "uv": [ 1.25, 13.5, 2.375, 13.625 ], "texture": "#voxels_atlas" },
				"up": { "uv": [ 1.25, 13.5, 2.375, 13.375 ], "texture": "#voxels_atlas" },
				"north": { "uv": [ 2.375, 13.25, 1.25, 13.375 ], "texture": "#voxels_atlas" },
				"south": { "uv": [ 1.25, 13.125, 2.375, 13.25 ], "texture": "#voxels_atlas" },
				"west": { "uv": [ 7, 13.5, 7.125, 13.625 ], "texture": "#voxels_atlas" },
				"east": { "uv": [ 7.25, 13.5, 7.125, 13.625 ], "texture": "#voxels_atlas" }
			}
		},
		{
			"__comment": "Voxels",
			"from": [ 4.0635, 0.7619, 5.2063 ],
			"to": [ 5.206357, 0.8888841, 5.333284 ],
			"faces": {
				"down": { "uv": [ 1.25, 13, 2.375, 13.125 ], "texture": "#voxels_atlas" },
				"up": { "uv": [ 1.25, 13, 2.375, 12.875 ], "texture": "#voxels_atlas" },
				"north": { "uv": [ 2.375, 12.75, 1.25, 12.875 ], "texture": "#voxels_atlas" },
				"south": { "uv": [ 1.25, 12.625, 2.375, 12.75 ], "texture": "#voxels_atlas" },
				"west": { "uv": [ 7.75, 13.5, 7.875, 13.625 ], "texture": "#voxels_atlas" },
				"east": { "uv": [ 8, 13.5, 7.875, 13.625 ], "texture": "#voxels_atlas" }
			}
		},
		{
			"__comment": "Voxels",
			"from": [ 5.2063, 0.5079, 4.9524 ],
			"to": [ 5.460268, 0.6348841, 5.079384 ],
			"faces": {
				"down": { "uv": [ 1.875, 1.75, 2.125, 1.875 ], "texture": "#voxels_atlas" },
				"up": { "uv": [ 2.125, 1.875, 2.375, 1.75 ], "texture": "#voxels_atlas" },
				"north": { "uv": [ 2.125, 1.625, 1.875, 1.75 ], "texture": "#voxels_atlas" },
				"south": { "uv": [ 2.125, 1.625, 2.375, 1.75 ], "texture": "#voxels_atlas" },
				"west": { "uv": [ 8.5, 13.5, 8.625, 13.625 ], "texture": "#voxels_atlas" },
				"east": { "uv": [ 8.75, 13.5, 8.625, 13.625 ], "texture": "#voxels_atlas" }
			}
		},
		{
			"__comment": "Voxels",
			"from": [ 5.2063, 0.5079, 5.4603 ],
			"to": [ 5.460268, 0.6348841, 5.587284 ],
			"faces": {
				"down": { "uv": [ 1.875, 1.5, 2.125, 1.625 ], "texture": "#voxels_atlas" },
				"up": { "uv": [ 2.125, 1.625, 2.375, 1.5 ], "texture": "#voxels_atlas" },
				"north": { "uv": [ 2.125, 1.375, 1.875, 1.5 ], "texture": "#voxels_atlas" },
				"south": { "uv": [ 2.125, 1.375, 2.375, 1.5 ], "texture": "#voxels_atlas" },
				"west": { "uv": [ 9.25, 13.5, 9.375, 13.625 ], "texture": "#voxels_atlas" },
				"east": { "uv": [ 9.5, 13.5, 9.375, 13.625 ], "texture": "#voxels_atlas" }
			}
		},
		{
			"__comment": "Voxels",
			"from": [ 5.2063, 0.6349, 4.8254 ],
			"to": [ 5.714236, 0.7618841, 4.952384 ],
			"faces": {
				"down": { "uv": [ 1.875, 6.25, 2.375, 6.375 ], "texture": "#voxels_atlas" },
				"up": { "uv": [ 1.875, 6.25, 2.375, 6.125 ], "texture": "#voxels_atlas" },
				"north": { "uv": [ 2.375, 6, 1.875, 6.125 ], "texture": "#voxels_atlas" },
				"south": { "uv": [ 1.875, 6.375, 2.375, 6.5 ], "texture": "#voxels_atlas" },
				"west": { "uv": [ 10, 13.5, 10.125, 13.625 ], "texture": "#voxels_atlas" },
				"east": { "uv": [ 10.25, 13.5, 10.125, 13.625 ], "texture": "#voxels_atlas" }
			}
		},
		{
			"__comment": "Voxels",
			"from": [ 5.2063, 0.6349, 5.5873 ],
			"to": [ 5.714236, 0.7618841, 5.714284 ],
			"faces": {
				"down": { "uv": [ 1.875, 5.875, 2.375, 6 ], "texture": "#voxels_atlas" },
				"up": { "uv": [ 1.875, 5.875, 2.375, 5.75 ], "texture": "#voxels_atlas" },
				"north": { "uv": [ 2.375, 5.625, 1.875, 5.75 ], "texture": "#voxels_atlas" },
				"south": { "uv": [ 1.875, 5.5, 2.375, 5.625 ], "texture": "#voxels_atlas" },
				"west": { "uv": [ 10.75, 13.5, 10.875, 13.625 ], "texture": "#voxels_atlas" },
				"east": { "uv": [ 11, 13.5, 10.875, 13.625 ], "texture": "#voxels_atlas" }
			}
		},
		{
			"__comment": "Voxels",
			"from": [ 5.2063, 0.7619, 4.9524 ],
			"to": [ 5.460268, 0.8888841, 5.079384 ],
			"faces": {
				"down": { "uv": [ 1.875, 0.75, 2.125, 0.875 ], "texture": "#voxels_atlas" },
				"up": { "uv": [ 2.125, 0.875, 2.375, 0.75 ], "texture": "#voxels_atlas" },
				"north": { "uv": [ 2.125, 0.625, 1.875, 0.75 ], "texture": "#voxels_atlas" },
				"south": { "uv": [ 2.125, 0.625, 2.375, 0.75 ], "texture": "#voxels_atlas" },
				"west": { "uv": [ 11.5, 13.5, 11.625, 13.625 ], "texture": "#voxels_atlas" },
				"east": { "uv": [ 11.75, 13.5, 11.625, 13.625 ], "texture": "#voxels_atlas" }
			}
		},
		{
			"__comment": "Voxels",
			"from": [ 5.2063, 0.7619, 5.4603 ],
			"to": [ 5.460268, 0.8888841, 5.587284 ],
			"faces": {
				"down": { "uv": [ 1.875, 0.5, 2.125, 0.625 ], "texture": "#voxels_atlas" },
				"up": { "uv": [ 2.125, 0.625, 2.375, 0.5 ], "texture": "#voxels_atlas" },
				"north": { "uv": [ 2.125, 0.375, 1.875, 0.5 ], "texture": "#voxels_atlas" },
				"south": { "uv": [ 2.125, 0.375, 2.375, 0.5 ], "texture": "#voxels_atlas" },
				"west": { "uv": [ 12.25, 13.5, 12.375, 13.625 ], "texture": "#voxels_atlas" },
				"east": { "uv": [ 12.5, 13.5, 12.375, 13.625 ], "texture": "#voxels_atlas" }
			}
		},
		{
			"__comment": "Voxels",
			"from": [ 5.4603, 0.6349, 4.6984 ],
			"to": [ 5.841252, 0.7618841, 4.825384 ],
			"faces": {
				"down": { "uv": [ 2, 9, 2.375, 9.125 ], "texture": "#voxels_atlas" },
				"up": { "uv": [ 2, 9, 2.375, 8.875 ], "texture": "#voxels_atlas" },
				"north": { "uv": [ 2.375, 8.75, 2, 8.875 ], "texture": "#voxels_atlas" },
				"south": { "uv": [ 2, 8.625, 2.375, 8.75 ], "texture": "#voxels_atlas" },
				"west": { "uv": [ 13, 13.5, 13.125, 13.625 ], "texture": "#voxels_atlas" },
				"east": { "uv": [ 13.25, 13.5, 13.125, 13.625 ], "texture": "#voxels_atlas" }
			}
		},
		{
			"__comment": "Voxels",
			"from": [ 5.4603, 0.6349, 5.7143 ],
			"to": [ 5.841252, 0.7618841, 5.841284 ],
			"faces": {
				"down": { "uv": [ 2, 8.5, 2.375, 8.625 ], "texture": "#voxels_atlas" },
				"up": { "uv": [ 2, 8.5, 2.375, 8.375 ], "texture": "#voxels_atlas" },
				"north": { "uv": [ 2.375, 8.25, 2, 8.375 ], "texture": "#voxels_atlas" },
				"south": { "uv": [ 2, 8.125, 2.375, 8.25 ], "texture": "#voxels_atlas" },
				"west": { "uv": [ 13.75, 13.5, 13.875, 13.625 ], "texture": "#voxels_atlas" },
				"east": { "uv": [ 14, 13.5, 13.875, 13.625 ], "texture": "#voxels_atlas" }
			}
		},
		{
			"__comment": "Voxels",
			"from": [ 5.7143, 0.6349, 4.5714 ],
			"to": [ 5.968268, 0.7618841, 4.698384 ],
			"faces": {
				"down": { "uv": [ 4.125, 13.5, 4.375, 13.625 ], "texture": "#voxels_atlas" },
				"up": { "uv": [ 4.375, 13.625, 4.625, 13.5 ], "texture": "#voxels_atlas" },
				"north": { "uv": [ 4.875, 13.5, 4.625, 13.625 ], "texture": "#voxels_atlas" },
				"south": { "uv": [ 4.875, 13.5, 5.125, 13.625 ], "texture": "#voxels_atlas" },
				"west": { "uv": [ 14.5, 13.5, 14.625, 13.625 ], "texture": "#voxels_atlas" },
				"east": { "uv": [ 14.75, 13.5, 14.625, 13.625 ], "texture": "#voxels_atlas" }
			}
		},
		{
			"__comment": "Voxels",
			"from": [ 5.7143, 0.6349, 5.8413 ],
			"to": [ 5.968268, 0.7618841, 5.968284 ],
			"faces": {
				"down": { "uv": [ 5.125, 13.5, 5.375, 13.625 ], "texture": "#voxels_atlas" },
				"up": { "uv": [ 5.375, 13.625, 5.625, 13.5 ], "texture": "#voxels_atlas" },
				"north": { "uv": [ 5.875, 13.5, 5.625, 13.625 ], "texture": "#voxels_atlas" },
				"south": { "uv": [ 5.875, 13.5, 6.125, 13.625 ], "texture": "#voxels_atlas" },
				"west": { "uv": [ 15.25, 13.5, 15.375, 13.625 ], "texture": "#voxels_atlas" },
				"east": { "uv": [ 15.5, 13.5, 15.375, 13.625 ], "texture": "#voxels_atlas" }
			}
		},
		{
			"__comment": "Voxels",
			"from": [ 5.8413, 0.6349, 4.4444 ],
			"to": [ 5.968284, 0.7618841, 4.571384 ],
			"faces": {
				"down": { "uv": [ 15.5, 13.5, 15.625, 13.625 ], "texture": "#voxels_atlas" },
				"up": { "uv": [ 15.625, 13.625, 15.75, 13.5 ], "texture": "#voxels_atlas" },
				"north": { "uv": [ 15.875, 13.5, 15.75, 13.625 ], "texture": "#voxels_atlas" },
				"south": { "uv": [ 15.875, 13.5, 16, 13.625 ], "texture": "#voxels_atlas" },
				"west": { "uv": [ 2.375, 13.375, 2.5, 13.5 ], "texture": "#voxels_atlas" },
				"east": { "uv": [ 2.5, 13.25, 2.375, 13.375 ], "texture": "#voxels_atlas" }
			}
		},
		{
			"__comment": "Voxels",
			"from": [ 5.8413, 0.6349, 5.9683 ],
			"to": [ 5.968284, 0.7618841, 6.095284 ],
			"faces": {
				"down": { "uv": [ 2.375, 13.125, 2.5, 13.25 ], "texture": "#voxels_atlas" },
				"up": { "uv": [ 2.375, 13.125, 2.5, 13 ], "texture": "#voxels_atlas" },
				"north": { "uv": [ 2.5, 12.875, 2.375, 13 ], "texture": "#voxels_atlas" },
				"south": { "uv": [ 2.375, 12.75, 2.5, 12.875 ], "texture": "#voxels_atlas" },
				"west": { "uv": [ 2.375, 12.625, 2.5, 12.75 ], "texture": "#voxels_atlas" },
				"east": { "uv": [ 2.5, 12.5, 2.375, 12.625 ], "texture": "#voxels_atlas" }
			}
		}
	],
	"display": {
		"thirdperson_righthand": {
			"rotation":  [ 90, 0, 90 ],
			"translation":  [ -22, 6, 14.5 ],
			"scale":  [ 3, 3, 3 ]
		},
		"thirdperson_lefthand": {
			"rotation":  [ 90, 0, 90 ],
			"translation":  [ -22, 6, -11.5 ],
			"scale":  [ 3, 3, 3 ]
		},
		"firstperson_righthand": {
			"rotation":  [ 90, 0, 90 ],
			"translation":  [ -10, 7, 10 ]
		},
		"firstperson_lefthand": {
			"rotation":  [ 90, 0, 90 ],
			"translation":  [ -10, 7, 1 ]
		},
		"gui": {
			"rotation":  [ 90, -45, 0 ],
			"translation":  [ 3, -5, 0 ],
			"scale":  [ 1.25, 1.25, 1.25 ]
		},
		"head": {
			"translation":  [ 4, 15, 0 ]
		},
		"ground": {
			"translation":  [ 9.5, 8, -1 ],
			"scale":  [ 2, 2, 2 ]
		},
		"fixed": {
			"rotation":  [ 90, 0, 0 ],
			"translation":  [ 4, 0, 8 ]
		}
	}
}