{
	"__comment": "Designed by Dragon2212 with Cubik Studio - https://cubik.studio",
	"textures": {
		"voxels_atlas": "items/bluedragonsword"
	},
	"elements": [ 	 
		{
			"__comment": "Voxels",
			"from": [ 5.8413, 0.381, 11.9365 ],
			"to": [ 6.476221, 0.5079841, 12.06348 ],
			"faces": {
				"down": { "uv": [ 7.125, 8.375, 7.75, 8.5 ], "texture": "#voxels_atlas" },
				"up": { "uv": [ 9.375, 12.75, 10, 12.625 ], "texture": "#voxels_atlas" },
				"north": { "uv": [ 10, 12.75, 9.375, 12.875 ], "texture": "#voxels_atlas" },
				"south": { "uv": [ 9.375, 12.875, 10, 13 ], "texture": "#voxels_atlas" },
				"west": { "uv": [ 14.875, 13.5, 15, 13.625 ], "texture": "#voxels_atlas" },
				"east": { "uv": [ 14.625, 13.5, 14.5, 13.625 ], "texture": "#voxels_atlas" }
			}
		},
		{
			"__comment": "Voxels",
			"from": [ 5.8413, 0.381, 12.0635 ],
			"to": [ 6.222252, 0.5079841, 12.31747 ],
			"faces": {
				"down": { "uv": [ 7.125, 12.125, 7.5, 12.375 ], "texture": "#voxels_atlas" },
				"up": { "uv": [ 4.5, 8.25, 4.875, 8 ], "texture": "#voxels_atlas" },
				"north": { "uv": [ 13.75, 13.75, 13.375, 13.875 ], "texture": "#voxels_atlas" },
				"south": { "uv": [ 13, 13.75, 13.375, 13.875 ], "texture": "#voxels_atlas" },
				"west": { "uv": [ 2.375, 8, 2.625, 8.125 ], "texture": "#voxels_atlas" },
				"east": { "uv": [ 7.125, 14.625, 6.875, 14.75 ], "texture": "#voxels_atlas" }
			}
		},
		{
			"__comment": "Voxels",
			"from": [ 5.8413, 0.381, 12.3175 ],
			"to": [ 6.095268, 0.5079841, 12.57147 ],
			"faces": {
				"down": { "uv": [ 0.625, 10.5, 0.875, 10.75 ], "texture": "#voxels_atlas" },
				"up": { "uv": [ 0.625, 10.5, 0.875, 10.25 ], "texture": "#voxels_atlas" },
				"north": { "uv": [ 7.125, 14.5, 6.875, 14.625 ], "texture": "#voxels_atlas" },
				"south": { "uv": [ 6.875, 14.375, 7.125, 14.5 ], "texture": "#voxels_atlas" },
				"west": { "uv": [ 6.875, 14.25, 7.125, 14.375 ], "texture": "#voxels_atlas" },
				"east": { "uv": [ 7.125, 14.125, 6.875, 14.25 ], "texture": "#voxels_atlas" }
			}
		},
		{
			"__comment": "Voxels",
			"from": [ 5.8413, 0.381, 12.5714 ],
			"to": [ 5.968284, 0.5079841, 12.69838 ],
			"faces": {
				"down": { "uv": [ 14.125, 13.5, 14.25, 13.625 ], "texture": "#voxels_atlas" },
				"up": { "uv": [ 14, 13.625, 14.125, 13.5 ], "texture": "#voxels_atlas" },
				"north": { "uv": [ 14, 13.5, 13.875, 13.625 ], "texture": "#voxels_atlas" },
				"south": { "uv": [ 13.75, 13.5, 13.875, 13.625 ], "texture": "#voxels_atlas" },
				"west": { "uv": [ 12.625, 13.5, 12.75, 13.625 ], "texture": "#voxels_atlas" },
				"east": { "uv": [ 12.625, 13.5, 12.5, 13.625 ], "texture": "#voxels_atlas" }
			}
		},
		{
			"__comment": "Voxels",
			"from": [ 5.9683, 0.381, 11.5556 ],
			"to": [ 9.904808, 0.5079841, 11.68258 ],
			"faces": {
				"down": { "uv": [ 11, 15.875, 14.875, 16 ], "texture": "#voxels_atlas" },
				"up": { "uv": [ 7.125, 16, 11, 15.875 ], "texture": "#voxels_atlas" },
				"north": { "uv": [ 11, 15.75, 7.125, 15.875 ], "texture": "#voxels_atlas" },
				"south": { "uv": [ 11, 15.75, 14.875, 15.875 ], "texture": "#voxels_atlas" },
				"west": { "uv": [ 12.375, 13.5, 12.5, 13.625 ], "texture": "#voxels_atlas" },
				"east": { "uv": [ 12.375, 13.5, 12.25, 13.625 ], "texture": "#voxels_atlas" }
			}
		},
		{
			"__comment": "Voxels",
			"from": [ 5.9683, 0.381, 11.6825 ],
			"to": [ 7.492109, 0.5079841, 11.80948 ],
			"faces": {
				"down": { "uv": [ 7.75, 13.875, 9.25, 14 ], "texture": "#voxels_atlas" },
				"up": { "uv": [ 7.75, 13.875, 9.25, 13.75 ], "texture": "#voxels_atlas" },
				"north": { "uv": [ 9.25, 13.625, 7.75, 13.75 ], "texture": "#voxels_atlas" },
				"south": { "uv": [ 7.75, 13.5, 9.25, 13.625 ], "texture": "#voxels_atlas" },
				"west": { "uv": [ 11.875, 13.5, 12, 13.625 ], "texture": "#voxels_atlas" },
				"east": { "uv": [ 11.875, 13.5, 11.75, 13.625 ], "texture": "#voxels_atlas" }
			}
		},
		{
			"__comment": "Voxels",
			"from": [ 5.9683, 0.381, 11.8095 ],
			"to": [ 7.238141, 0.5079841, 11.93648 ],
			"faces": {
				"down": { "uv": [ 7.75, 11.375, 9, 11.5 ], "texture": "#voxels_atlas" },
				"up": { "uv": [ 7.75, 11.125, 9, 11 ], "texture": "#voxels_atlas" },
				"north": { "uv": [ 9, 10.875, 7.75, 11 ], "texture": "#voxels_atlas" },
				"south": { "uv": [ 7.75, 10.375, 9, 10.5 ], "texture": "#voxels_atlas" },
				"west": { "uv": [ 11.625, 13.5, 11.75, 13.625 ], "texture": "#voxels_atlas" },
				"east": { "uv": [ 11.625, 13.5, 11.5, 13.625 ], "texture": "#voxels_atlas" }
			}
		},
		{
			"__comment": "Voxels",
			"from": [ 6.0952, 0.381, 11.1746 ],
			"to": [ 9.77774, 0.5079841, 11.55555 ],
			"faces": {
				"down": { "uv": [ 3.5, 15.625, 7.125, 16 ], "texture": "#voxels_atlas" },
				"up": { "uv": [ 3.5, 15.625, 7.125, 15.25 ], "texture": "#voxels_atlas" },
				"north": { "uv": [ 10.75, 15.625, 7.125, 15.75 ], "texture": "#voxels_atlas" },
				"south": { "uv": [ 10.75, 15.625, 14.375, 15.75 ], "texture": "#voxels_atlas" },
				"west": { "uv": [ 9.375, 10.125, 9.75, 10.25 ], "texture": "#voxels_atlas" },
				"east": { "uv": [ 9.75, 10.25, 9.375, 10.375 ], "texture": "#voxels_atlas" }
			}
		},
		{
			"__comment": "Voxels",
			"from": [ 6.2222, 0.381, 11.0476 ],
			"to": [ 9.650772, 0.5079841, 11.17458 ],
			"faces": {
				"down": { "uv": [ 7.125, 15.5, 10.5, 15.625 ], "texture": "#voxels_atlas" },
				"up": { "uv": [ 10.5, 15.625, 13.875, 15.5 ], "texture": "#voxels_atlas" },
				"north": { "uv": [ 10.5, 15.375, 7.125, 15.5 ], "texture": "#voxels_atlas" },
				"south": { "uv": [ 10.5, 15.375, 13.875, 15.5 ], "texture": "#voxels_atlas" },
				"west": { "uv": [ 11.125, 13.5, 11.25, 13.625 ], "texture": "#voxels_atlas" },
				"east": { "uv": [ 11.125, 13.5, 11, 13.625 ], "texture": "#voxels_atlas" }
			}
		},
		{
			"__comment": "Voxels",
			"from": [ 6.3492, 0.381, 10.9206 ],
			"to": [ 7.111104, 0.5079841, 11.04758 ],
			"faces": {
				"down": { "uv": [ 14.25, 14, 15, 14.125 ], "texture": "#voxels_atlas" },
				"up": { "uv": [ 13.5, 14.125, 14.25, 14 ], "texture": "#voxels_atlas" },
				"north": { "uv": [ 13.5, 14, 12.75, 14.125 ], "texture": "#voxels_atlas" },
				"south": { "uv": [ 12, 14, 12.75, 14.125 ], "texture": "#voxels_atlas" },
				"west": { "uv": [ 10.875, 13.5, 11, 13.625 ], "texture": "#voxels_atlas" },
				"east": { "uv": [ 10.375, 8, 10.25, 8.125 ], "texture": "#voxels_atlas" }
			}
		},
		{
			"__comment": "Voxels",
			"from": [ 6.4762, 0.381, 10.6667 ],
			"to": [ 6.984136, 0.5079841, 10.92067 ],
			"faces": {
				"down": { "uv": [ 6, 8, 6.5, 8.25 ], "texture": "#voxels_atlas" },
				"up": { "uv": [ 7.125, 12.625, 7.625, 12.375 ], "texture": "#voxels_atlas" },
				"north": { "uv": [ 9.375, 9.375, 8.875, 9.5 ], "texture": "#voxels_atlas" },
				"south": { "uv": [ 8.875, 9.25, 9.375, 9.375 ], "texture": "#voxels_atlas" },
				"west": { "uv": [ 6.875, 14, 7.125, 14.125 ], "texture": "#voxels_atlas" },
				"east": { "uv": [ 7.125, 13.875, 6.875, 14 ], "texture": "#voxels_atlas" }
			}
		},
		{
			"__comment": "Voxels",
			"from": [ 6.6032, 0.381, 10.5397 ],
			"to": [ 6.984152, 0.5079841, 10.66668 ],
			"faces": {
				"down": { "uv": [ 9.375, 10.5, 9.75, 10.625 ], "texture": "#voxels_atlas" },
				"up": { "uv": [ 9, 10, 9.375, 9.875 ], "texture": "#voxels_atlas" },
				"north": { "uv": [ 9.375, 10, 9, 10.125 ], "texture": "#voxels_atlas" },
				"south": { "uv": [ 9, 10.125, 9.375, 10.25 ], "texture": "#voxels_atlas" },
				"west": { "uv": [ 10.125, 8, 10.25, 8.125 ], "texture": "#voxels_atlas" },
				"east": { "uv": [ 10.375, 8.125, 10.25, 8.25 ], "texture": "#voxels_atlas" }
			}
		},
		{
			"__comment": "Voxels",
			"from": [ 6.6032, 0.381, 12.1905 ],
			"to": [ 6.857168, 0.5079841, 12.44447 ],
			"faces": {
				"down": { "uv": [ 0.625, 10, 0.875, 10.25 ], "texture": "#voxels_atlas" },
				"up": { "uv": [ 0.625, 10, 0.875, 9.75 ], "texture": "#voxels_atlas" },
				"north": { "uv": [ 7.125, 10.25, 6.875, 10.375 ], "texture": "#voxels_atlas" },
				"south": { "uv": [ 6.875, 9.75, 7.125, 9.875 ], "texture": "#voxels_atlas" },
				"west": { "uv": [ 6.875, 9.625, 7.125, 9.75 ], "texture": "#voxels_atlas" },
				"east": { "uv": [ 7.125, 9.5, 6.875, 9.625 ], "texture": "#voxels_atlas" }
			}
		},
		{
			"__comment": "Voxels",
			"from": [ 6.6032, 0.381, 12.4444 ],
			"to": [ 6.730184, 0.5079841, 12.57138 ],
			"faces": {
				"down": { "uv": [ 10.25, 8.375, 10.375, 8.5 ], "texture": "#voxels_atlas" },
				"up": { "uv": [ 10.25, 9.125, 10.375, 9 ], "texture": "#voxels_atlas" },
				"north": { "uv": [ 10, 10.875, 9.875, 11 ], "texture": "#voxels_atlas" },
				"south": { "uv": [ 9.875, 11, 10, 11.125 ], "texture": "#voxels_atlas" },
				"west": { "uv": [ 9.875, 11.375, 10, 11.5 ], "texture": "#voxels_atlas" },
				"east": { "uv": [ 8.75, 8.125, 8.625, 8.25 ], "texture": "#voxels_atlas" }
			}
		},
		{
			"__comment": "Voxels",
			"from": [ 6.7302, 0.381, 10.4127 ],
			"to": [ 7.111152, 0.5079841, 10.53968 ],
			"faces": {
				"down": { "uv": [ 9, 11.25, 9.375, 11.375 ], "texture": "#voxels_atlas" },
				"up": { "uv": [ 9, 11.5, 9.375, 11.375 ], "texture": "#voxels_atlas" },
				"north": { "uv": [ 9.375, 11.5, 9, 11.625 ], "texture": "#voxels_atlas" },
				"south": { "uv": [ 9, 11.875, 9.375, 12 ], "texture": "#voxels_atlas" },
				"west": { "uv": [ 9.25, 13.125, 9.375, 13.25 ], "texture": "#voxels_atlas" },
				"east": { "uv": [ 10.5, 13.375, 10.375, 13.5 ], "texture": "#voxels_atlas" }
			}
		},
		{
			"__comment": "Voxels",
			"from": [ 6.7302, 0.381, 11.9365 ],
			"to": [ 7.111152, 0.5079841, 12.06348 ],
			"faces": {
				"down": { "uv": [ 2, 8, 2.375, 8.125 ], "texture": "#voxels_atlas" },
				"up": { "uv": [ 10, 9.875, 10.375, 9.75 ], "texture": "#voxels_atlas" },
				"north": { "uv": [ 10.375, 9.875, 10, 10 ], "texture": "#voxels_atlas" },
				"south": { "uv": [ 10, 10.25, 10.375, 10.375 ], "texture": "#voxels_atlas" },
				"west": { "uv": [ 9.25, 13.25, 9.375, 13.375 ], "texture": "#voxels_atlas" },
				"east": { "uv": [ 9.375, 13.375, 9.25, 13.5 ], "texture": "#voxels_atlas" }
			}
		},
		{
			"__comment": "Voxels",
			"from": [ 6.7302, 0.381, 12.0635 ],
			"to": [ 6.984168, 0.5079841, 12.19048 ],
			"faces": {
				"down": { "uv": [ 6.875, 8.875, 7.125, 9 ], "texture": "#voxels_atlas" },
				"up": { "uv": [ 6.875, 8.875, 7.125, 8.75 ], "texture": "#voxels_atlas" },
				"north": { "uv": [ 16, 15.5, 15.75, 15.625 ], "texture": "#voxels_atlas" },
				"south": { "uv": [ 15.75, 15.375, 16, 15.5 ], "texture": "#voxels_atlas" },
				"west": { "uv": [ 9.25, 13.5, 9.375, 13.625 ], "texture": "#voxels_atlas" },
				"east": { "uv": [ 9.375, 13.875, 9.25, 14 ], "texture": "#voxels_atlas" }
			}
		},
		{
			"__comment": "Voxels",
			"from": [ 6.8571, 0.381, 3.9365 ],
			"to": [ 7.238052, 0.5079841, 4.063484 ],
			"faces": {
				"down": { "uv": [ 10, 10.625, 10.375, 10.75 ], "texture": "#voxels_atlas" },
				"up": { "uv": [ 10, 10.875, 10.375, 10.75 ], "texture": "#voxels_atlas" },
				"north": { "uv": [ 10.375, 11.125, 10, 11.25 ], "texture": "#voxels_atlas" },
				"south": { "uv": [ 10, 11.75, 10.375, 11.875 ], "texture": "#voxels_atlas" },
				"west": { "uv": [ 15.875, 14.625, 16, 14.75 ], "texture": "#voxels_atlas" },
				"east": { "uv": [ 16, 14.75, 15.875, 14.875 ], "texture": "#voxels_atlas" }
			}
		},
		{
			"__comment": "Voxels",
			"from": [ 6.8571, 0.381, 4.0635 ],
			"to": [ 7.111068, 0.5079841, 4.190484 ],
			"faces": {
				"down": { "uv": [ 7.5, 11.75, 7.75, 11.875 ], "texture": "#voxels_atlas" },
				"up": { "uv": [ 7.5, 11.75, 7.75, 11.625 ], "texture": "#voxels_atlas" },
				"north": { "uv": [ 7.75, 11.5, 7.5, 11.625 ], "texture": "#voxels_atlas" },
				"south": { "uv": [ 7.5, 11.375, 7.75, 11.5 ], "texture": "#voxels_atlas" },
				"west": { "uv": [ 7.625, 12.375, 7.75, 12.5 ], "texture": "#voxels_atlas" },
				"east": { "uv": [ 7.125, 8.125, 7, 8.25 ], "texture": "#voxels_atlas" }
			}
		},
		{
			"__comment": "Voxels",
			"from": [ 6.8571, 0.381, 4.1905 ],
			"to": [ 6.984084, 0.5079841, 4.317484 ],
			"faces": {
				"down": { "uv": [ 7, 8.25, 7.125, 8.375 ], "texture": "#voxels_atlas" },
				"up": { "uv": [ 7, 8.5, 7.125, 8.375 ], "texture": "#voxels_atlas" },
				"north": { "uv": [ 7.125, 8.5, 7, 8.625 ], "texture": "#voxels_atlas" },
				"south": { "uv": [ 6.5, 8.125, 6.625, 8.25 ], "texture": "#voxels_atlas" },
				"west": { "uv": [ 7, 10.875, 7.125, 11 ], "texture": "#voxels_atlas" },
				"east": { "uv": [ 7.125, 11, 7, 11.125 ], "texture": "#voxels_atlas" }
			}
		},
		{
			"__comment": "Voxels",
			"from": [ 6.8571, 0.381, 10.2857 ],
			"to": [ 7.111068, 0.5079841, 10.41268 ],
			"faces": {
				"down": { "uv": [ 7.5, 11.25, 7.75, 11.375 ], "texture": "#voxels_atlas" },
				"up": { "uv": [ 7.5, 11.25, 7.75, 11.125 ], "texture": "#voxels_atlas" },
				"north": { "uv": [ 7.75, 11, 7.5, 11.125 ], "texture": "#voxels_atlas" },
				"south": { "uv": [ 9.125, 12.875, 9.375, 13 ], "texture": "#voxels_atlas" },
				"west": { "uv": [ 7, 11.625, 7.125, 11.75 ], "texture": "#voxels_atlas" },
				"east": { "uv": [ 7.125, 11.75, 7, 11.875 ], "texture": "#voxels_atlas" }
			}
		},
		{
			"__comment": "Voxels",
			"from": [ 6.9841, 0.381, 3.4286 ],
			"to": [ 8.888862, 0.5079841, 3.809552 ],
			"faces": {
				"down": { "uv": [ 4.75, 11.625, 6.625, 12 ], "texture": "#voxels_atlas" },
				"up": { "uv": [ 4.75, 11.625, 6.625, 11.25 ], "texture": "#voxels_atlas" },
				"north": { "uv": [ 15.75, 15.5, 13.875, 15.625 ], "texture": "#voxels_atlas" },
				"south": { "uv": [ 13.875, 15.375, 15.75, 15.5 ], "texture": "#voxels_atlas" },
				"west": { "uv": [ 10, 13.375, 10.375, 13.5 ], "texture": "#voxels_atlas" },
				"east": { "uv": [ 10.375, 13.5, 10, 13.625 ], "texture": "#voxels_atlas" }
			}
		},
		{
			"__comment": "Voxels",
			"from": [ 6.9841, 0.381, 3.8095 ],
			"to": [ 7.365052, 0.5079841, 3.936484 ],
			"faces": {
				"down": { "uv": [ 11.875, 13.625, 12.25, 13.75 ], "texture": "#voxels_atlas" },
				"up": { "uv": [ 11.5, 13.75, 11.875, 13.625 ], "texture": "#voxels_atlas" },
				"north": { "uv": [ 11.5, 13.625, 11.125, 13.75 ], "texture": "#voxels_atlas" },
				"south": { "uv": [ 10.75, 13.625, 11.125, 13.75 ], "texture": "#voxels_atlas" },
				"west": { "uv": [ 7, 11.875, 7.125, 12 ], "texture": "#voxels_atlas" },
				"east": { "uv": [ 7.125, 12.25, 7, 12.375 ], "texture": "#voxels_atlas" }
			}
		},
		{
			"__comment": "Voxels",
			"from": [ 7.1111, 0.254, 3.5556 ],
			"to": [ 8.761893, 0.3809841, 3.682584 ],
			"faces": {
				"down": { "uv": [ 14.25, 14.625, 15.875, 14.75 ], "texture": "#voxels_atlas" },
				"up": { "uv": [ 14.25, 14.875, 15.875, 14.75 ], "texture": "#voxels_atlas" },
				"north": { "uv": [ 12.625, 14.75, 11, 14.875 ], "texture": "#voxels_atlas" },
				"south": { "uv": [ 7.75, 14.5, 9.375, 14.625 ], "texture": "#voxels_atlas" },
				"west": { "uv": [ 7, 12.625, 7.125, 12.75 ], "texture": "#voxels_atlas" },
				"east": { "uv": [ 2, 11, 1.875, 11.125 ], "texture": "#voxels_atlas" }
			}
		},
		{
			"__comment": "Voxels",
			"from": [ 7.1111, 0.254, 3.6825 ],
			"to": [ 7.365068, 0.3809841, 3.809484 ],
			"faces": {
				"down": { "uv": [ 9.125, 12.25, 9.375, 12.375 ], "texture": "#voxels_atlas" },
				"up": { "uv": [ 9.125, 12.25, 9.375, 12.125 ], "texture": "#voxels_atlas" },
				"north": { "uv": [ 16, 14, 15.75, 14.125 ], "texture": "#voxels_atlas" },
				"south": { "uv": [ 9.75, 10.375, 10, 10.5 ], "texture": "#voxels_atlas" },
				"west": { "uv": [ 1.875, 11.5, 2, 11.625 ], "texture": "#voxels_atlas" },
				"east": { "uv": [ 15.5, 13.375, 15.375, 13.5 ], "texture": "#voxels_atlas" }
			}
		},
		{
			"__comment": "Voxels",
			"from": [ 7.1111, 0.254, 3.8095 ],
			"to": [ 7.238084, 0.3809841, 3.936484 ],
			"faces": {
				"down": { "uv": [ 14.75, 13.375, 14.875, 13.5 ], "texture": "#voxels_atlas" },
				"up": { "uv": [ 11.625, 13.5, 11.75, 13.375 ], "texture": "#voxels_atlas" },
				"north": { "uv": [ 11.625, 13.375, 11.5, 13.5 ], "texture": "#voxels_atlas" },
				"south": { "uv": [ 11.375, 13.375, 11.5, 13.5 ], "texture": "#voxels_atlas" },
				"west": { "uv": [ 11.25, 13.375, 11.375, 13.5 ], "texture": "#voxels_atlas" },
				"east": { "uv": [ 11.25, 13.375, 11.125, 13.5 ], "texture": "#voxels_atlas" }
			}
		},
		{
			"__comment": "Voxels",
			"from": [ 7.1111, 0.381, 3.0476 ],
			"to": [ 8.761893, 0.5079841, 3.428552 ],
			"faces": {
				"down": { "uv": [ 4.125, 9.5, 5.75, 9.875 ], "texture": "#voxels_atlas" },
				"up": { "uv": [ 4.125, 10.25, 5.75, 9.875 ], "texture": "#voxels_atlas" },
				"north": { "uv": [ 16, 15.625, 14.375, 15.75 ], "texture": "#voxels_atlas" },
				"south": { "uv": [ 7.75, 14.75, 9.375, 14.875 ], "texture": "#voxels_atlas" },
				"west": { "uv": [ 15.625, 13.75, 16, 13.875 ], "texture": "#voxels_atlas" },
				"east": { "uv": [ 14.5, 13.75, 14.125, 13.875 ], "texture": "#voxels_atlas" }
			}
		},
		{
			"__comment": "Voxels",
			"from": [ 7.1111, 0.5079, 3.5556 ],
			"to": [ 8.761893, 0.6348841, 3.682584 ],
			"faces": {
				"down": { "uv": [ 7.75, 14, 9.375, 14.125 ], "texture": "#voxels_atlas" },
				"up": { "uv": [ 9.375, 14.875, 11, 14.75 ], "texture": "#voxels_atlas" },
				"north": { "uv": [ 9.375, 14.625, 7.75, 14.75 ], "texture": "#voxels_atlas" },
				"south": { "uv": [ 9.375, 14.625, 11, 14.75 ], "texture": "#voxels_atlas" },
				"west": { "uv": [ 11, 13.375, 11.125, 13.5 ], "texture": "#voxels_atlas" },
				"east": { "uv": [ 10.5, 8.5, 10.375, 8.625 ], "texture": "#voxels_atlas" }
			}
		},
		{
			"__comment": "Voxels",
			"from": [ 7.1111, 0.5079, 3.6825 ],
			"to": [ 7.365068, 0.6348841, 3.809484 ],
			"faces": {
				"down": { "uv": [ 9.75, 10.25, 10, 10.375 ], "texture": "#voxels_atlas" },
				"up": { "uv": [ 9.75, 10.25, 10, 10.125 ], "texture": "#voxels_atlas" },
				"north": { "uv": [ 10, 10, 9.75, 10.125 ], "texture": "#voxels_atlas" },
				"south": { "uv": [ 9.75, 9.875, 10, 10 ], "texture": "#voxels_atlas" },
				"west": { "uv": [ 10.375, 8.625, 10.5, 8.75 ], "texture": "#voxels_atlas" },
				"east": { "uv": [ 10.5, 8.75, 10.375, 8.875 ], "texture": "#voxels_atlas" }
			}
		},
		{
			"__comment": "Voxels",
			"from": [ 7.1111, 0.5079, 3.8095 ],
			"to": [ 7.238084, 0.6348841, 3.936484 ],
			"faces": {
				"down": { "uv": [ 10.375, 8.875, 10.5, 9 ], "texture": "#voxels_atlas" },
				"up": { "uv": [ 10.375, 9.375, 10.5, 9.25 ], "texture": "#voxels_atlas" },
				"north": { "uv": [ 10.5, 9.375, 10.375, 9.5 ], "texture": "#voxels_atlas" },
				"south": { "uv": [ 10.375, 9.5, 10.5, 9.625 ], "texture": "#voxels_atlas" },
				"west": { "uv": [ 10.375, 9.625, 10.5, 9.75 ], "texture": "#voxels_atlas" },
				"east": { "uv": [ 10.5, 11, 10.375, 11.125 ], "texture": "#voxels_atlas" }
			}
		},
		{
			"__comment": "Voxels",
			"from": [ 7.2381, 0.254, 3.0476 ],
			"to": [ 8.634926, 0.3809841, 3.555537 ],
			"faces": {
				"down": { "uv": [ 4.125, 10.25, 5.5, 10.75 ], "texture": "#voxels_atlas" },
				"up": { "uv": [ 5.5, 10.75, 6.875, 10.25 ], "texture": "#voxels_atlas" },
				"north": { "uv": [ 9.125, 12.625, 7.75, 12.75 ], "texture": "#voxels_atlas" },
				"south": { "uv": [ 7.75, 12.375, 9.125, 12.5 ], "texture": "#voxels_atlas" },
				"west": { "uv": [ 15.5, 14.125, 16, 14.25 ], "texture": "#voxels_atlas" },
				"east": { "uv": [ 9.875, 11.5, 9.375, 11.625 ], "texture": "#voxels_atlas" }
			}
		},
		{
			"__comment": "Voxels",
			"from": [ 7.2381, 0.381, 2.6667 ],
			"to": [ 8.634926, 0.5079841, 3.047652 ],
			"faces": {
				"down": { "uv": [ 4.625, 13.25, 6, 13.625 ], "texture": "#voxels_atlas" },
				"up": { "uv": [ 5.75, 10.25, 7.125, 9.875 ], "texture": "#voxels_atlas" },
				"north": { "uv": [ 9.125, 12.25, 7.75, 12.375 ], "texture": "#voxels_atlas" },
				"south": { "uv": [ 7.75, 12.125, 9.125, 12.25 ], "texture": "#voxels_atlas" },
				"west": { "uv": [ 11.875, 13.75, 12.25, 13.875 ], "texture": "#voxels_atlas" },
				"east": { "uv": [ 9.375, 10.875, 9, 11 ], "texture": "#voxels_atlas" }
			}
		},
		{
			"__comment": "Voxels",
			"from": [ 7.2381, 0.381, 10.4127 ],
			"to": [ 8.634926, 0.5079841, 11.04762 ],
			"faces": {
				"down": { "uv": [ 4.375, 12.625, 5.75, 13.25 ], "texture": "#voxels_atlas" },
				"up": { "uv": [ 4.625, 14.25, 6, 13.625 ], "texture": "#voxels_atlas" },
				"north": { "uv": [ 5.75, 12, 4.375, 12.125 ], "texture": "#voxels_atlas" },
				"south": { "uv": [ 7.75, 12.5, 9.125, 12.625 ], "texture": "#voxels_atlas" },
				"west": { "uv": [ 12.25, 13.875, 12.875, 14 ], "texture": "#voxels_atlas" },
				"east": { "uv": [ 7.75, 10.125, 7.125, 10.25 ], "texture": "#voxels_atlas" }
			}
		},
		{
			"__comment": "Voxels",
			"from": [ 7.2381, 0.5079, 3.0476 ],
			"to": [ 8.634926, 0.6348841, 3.555537 ],
			"faces": {
				"down": { "uv": [ 4.375, 12.125, 5.75, 12.625 ], "texture": "#voxels_atlas" },
				"up": { "uv": [ 4.75, 11.25, 6.125, 10.75 ], "texture": "#voxels_atlas" },
				"north": { "uv": [ 9.125, 12.75, 7.75, 12.875 ], "texture": "#voxels_atlas" },
				"south": { "uv": [ 7.75, 12.875, 9.125, 13 ], "texture": "#voxels_atlas" },
				"west": { "uv": [ 9.375, 11.375, 9.875, 11.5 ], "texture": "#voxels_atlas" },
				"east": { "uv": [ 9.875, 11.25, 9.375, 11.375 ], "texture": "#voxels_atlas" }
			}
		},
		{
			"__comment": "Voxels",
			"from": [ 7.3651, 0.254, 2.6667 ],
			"to": [ 8.507957, 0.3809841, 3.047652 ],
			"faces": {
				"down": { "uv": [ 4.875, 9.125, 6, 9.5 ], "texture": "#voxels_atlas" },
				"up": { "uv": [ 5.75, 9.875, 6.875, 9.5 ], "texture": "#voxels_atlas" },
				"north": { "uv": [ 16, 15.75, 14.875, 15.875 ], "texture": "#voxels_atlas" },
				"south": { "uv": [ 14.875, 15.875, 16, 16 ], "texture": "#voxels_atlas" },
				"west": { "uv": [ 9, 9.75, 9.375, 9.875 ], "texture": "#voxels_atlas" },
				"east": { "uv": [ 9.375, 11, 9, 11.125 ], "texture": "#voxels_atlas" }
			}
		},
		{
			"__comment": "Voxels",
			"from": [ 7.3651, 0.254, 10.4127 ],
			"to": [ 8.507957, 0.3809841, 11.42857 ],
			"faces": {
				"down": { "uv": [ 5.75, 14.25, 6.875, 15.25 ], "texture": "#voxels_atlas" },
				"up": { "uv": [ 3.5, 15.25, 4.625, 14.25 ], "texture": "#voxels_atlas" },
				"north": { "uv": [ 8.875, 9, 7.75, 9.125 ], "texture": "#voxels_atlas" },
				"south": { "uv": [ 14.875, 15, 16, 15.125 ], "texture": "#voxels_atlas" },
				"west": { "uv": [ 7.75, 8.375, 8.75, 8.5 ], "texture": "#voxels_atlas" },
				"east": { "uv": [ 8.75, 8.5, 7.75, 8.625 ], "texture": "#voxels_atlas" }
			}
		},
		{
			"__comment": "Voxels",
			"from": [ 7.3651, 0.381, 2.2857 ],
			"to": [ 8.507957, 0.5079841, 2.666652 ],
			"faces": {
				"down": { "uv": [ 6, 13.375, 7.125, 13.75 ], "texture": "#voxels_atlas" },
				"up": { "uv": [ 4.875, 9.125, 6, 8.75 ], "texture": "#voxels_atlas" },
				"north": { "uv": [ 8.875, 9.375, 7.75, 9.5 ], "texture": "#voxels_atlas" },
				"south": { "uv": [ 7.75, 9.25, 8.875, 9.375 ], "texture": "#voxels_atlas" },
				"west": { "uv": [ 12.25, 13.625, 12.625, 13.75 ], "texture": "#voxels_atlas" },
				"east": { "uv": [ 16, 13.625, 15.625, 13.75 ], "texture": "#voxels_atlas" }
			}
		},
		{
			"__comment": "Voxels",
			"from": [ 7.3651, 0.381, 8.7619 ],
			"to": [ 8.507957, 0.5079841, 10.41269 ],
			"faces": {
				"down": { "uv": [ 0.875, 14.375, 2, 16 ], "texture": "#voxels_atlas" },
				"up": { "uv": [ 0.875, 14.375, 2, 12.75 ], "texture": "#voxels_atlas" },
				"north": { "uv": [ 8.875, 8.75, 7.75, 8.875 ], "texture": "#voxels_atlas" },
				"south": { "uv": [ 7.75, 8.875, 8.875, 9 ], "texture": "#voxels_atlas" },
				"west": { "uv": [ 12.625, 14.625, 14.25, 14.75 ], "texture": "#voxels_atlas" },
				"east": { "uv": [ 12.625, 14.625, 11, 14.75 ], "texture": "#voxels_atlas" }
			}
		},
		{
			"__comment": "Voxels",
			"from": [ 7.3651, 0.5079, 2.6667 ],
			"to": [ 8.507957, 0.6348841, 3.047652 ],
			"faces": {
				"down": { "uv": [ 4.875, 8.375, 6, 8.75 ], "texture": "#voxels_atlas" },
				"up": { "uv": [ 6, 9.5, 7.125, 9.125 ], "texture": "#voxels_atlas" },
				"north": { "uv": [ 8.875, 9.5, 7.75, 9.625 ], "texture": "#voxels_atlas" },
				"south": { "uv": [ 7.75, 9.125, 8.875, 9.25 ], "texture": "#voxels_atlas" },
				"west": { "uv": [ 10, 11, 10.375, 11.125 ], "texture": "#voxels_atlas" },
				"east": { "uv": [ 10.375, 10.875, 10, 11 ], "texture": "#voxels_atlas" }
			}
		},
		{
			"__comment": "Voxels",
			"from": [ 7.3651, 0.5079, 10.4127 ],
			"to": [ 8.507957, 0.6348841, 11.42857 ],
			"faces": {
				"down": { "uv": [ 3.5, 13.25, 4.625, 14.25 ], "texture": "#voxels_atlas" },
				"up": { "uv": [ 4.625, 15.25, 5.75, 14.25 ], "texture": "#voxels_atlas" },
				"north": { "uv": [ 7.125, 13.25, 6, 13.375 ], "texture": "#voxels_atlas" },
				"south": { "uv": [ 14.875, 14.875, 16, 15 ], "texture": "#voxels_atlas" },
				"west": { "uv": [ 7.75, 8.625, 8.75, 8.75 ], "texture": "#voxels_atlas" },
				"east": { "uv": [ 7.125, 10.75, 6.125, 10.875 ], "texture": "#voxels_atlas" }
			}
		},
		{
			"__comment": "Voxels",
			"from": [ 7.4921, 0.254, 2.2857 ],
			"to": [ 8.380989, 0.3809841, 2.666652 ],
			"faces": {
				"down": { "uv": [ 4.875, 8, 5.75, 8.375 ], "texture": "#voxels_atlas" },
				"up": { "uv": [ 6, 9.125, 6.875, 8.75 ], "texture": "#voxels_atlas" },
				"north": { "uv": [ 13.75, 14.5, 12.875, 14.625 ], "texture": "#voxels_atlas" },
				"south": { "uv": [ 9.375, 14.375, 10.25, 14.5 ], "texture": "#voxels_atlas" },
				"west": { "uv": [ 9, 11.75, 9.375, 11.875 ], "texture": "#voxels_atlas" },
				"east": { "uv": [ 9.375, 11.625, 9, 11.75 ], "texture": "#voxels_atlas" }
			}
		},
		{
			"__comment": "Voxels",
			"from": [ 7.4921, 0.254, 3.6825 ],
			"to": [ 8.380989, 0.3809841, 3.809484 ],
			"faces": {
				"down": { "uv": [ 12.875, 14.375, 13.75, 14.5 ], "texture": "#voxels_atlas" },
				"up": { "uv": [ 13.75, 14.5, 14.625, 14.375 ], "texture": "#voxels_atlas" },
				"north": { "uv": [ 15.5, 14.375, 14.625, 14.5 ], "texture": "#voxels_atlas" },
				"south": { "uv": [ 9.375, 14.25, 10.25, 14.375 ], "texture": "#voxels_atlas" },
				"west": { "uv": [ 10.375, 11.125, 10.5, 11.25 ], "texture": "#voxels_atlas" },
				"east": { "uv": [ 10.5, 11.5, 10.375, 11.625 ], "texture": "#voxels_atlas" }
			}
		},
		{
			"__comment": "Voxels",
			"from": [ 7.4921, 0.254, 8.7619 ],
			"to": [ 8.380989, 0.3809841, 10.41269 ],
			"faces": {
				"down": { "uv": [ 2.625, 9.5, 3.5, 11.125 ], "texture": "#voxels_atlas" },
				"up": { "uv": [ 2.625, 12.75, 3.5, 11.125 ], "texture": "#voxels_atlas" },
				"north": { "uv": [ 15.5, 14.25, 14.625, 14.375 ], "texture": "#voxels_atlas" },
				"south": { "uv": [ 9.375, 14.125, 10.25, 14.25 ], "texture": "#voxels_atlas" },
				"west": { "uv": [ 7.75, 14.375, 9.375, 14.5 ], "texture": "#voxels_atlas" },
				"east": { "uv": [ 14.25, 14.75, 12.625, 14.875 ], "texture": "#voxels_atlas" }
			}
		},
		{
			"__comment": "Voxels",
			"from": [ 7.4921, 0.254, 11.4286 ],
			"to": [ 8.380989, 0.3809841, 11.55558 ],
			"faces": {
				"down": { "uv": [ 10.25, 14.5, 11.125, 14.625 ], "texture": "#voxels_atlas" },
				"up": { "uv": [ 13.75, 14.625, 14.625, 14.5 ], "texture": "#voxels_atlas" },
				"north": { "uv": [ 11.125, 14.25, 10.25, 14.375 ], "texture": "#voxels_atlas" },
				"south": { "uv": [ 14.625, 14.5, 15.5, 14.625 ], "texture": "#voxels_atlas" },
				"west": { "uv": [ 10.375, 11.625, 10.5, 11.75 ], "texture": "#voxels_atlas" },
				"east": { "uv": [ 10.5, 11.75, 10.375, 11.875 ], "texture": "#voxels_atlas" }
			}
		},
		{
			"__comment": "Voxels",
			"from": [ 7.4921, 0.381, 1.7778 ],
			"to": [ 8.380989, 0.5079841, 2.285737 ],
			"faces": {
				"down": { "uv": [ 6, 13.75, 6.875, 14.25 ], "texture": "#voxels_atlas" },
				"up": { "uv": [ 0, 8.875, 0.875, 8.375 ], "texture": "#voxels_atlas" },
				"north": { "uv": [ 12.875, 14.25, 12, 14.375 ], "texture": "#voxels_atlas" },
				"south": { "uv": [ 12.875, 14.25, 13.75, 14.375 ], "texture": "#voxels_atlas" },
				"west": { "uv": [ 8.875, 9.125, 9.375, 9.25 ], "texture": "#voxels_atlas" },
				"east": { "uv": [ 9.875, 10.75, 9.375, 10.875 ], "texture": "#voxels_atlas" }
			}
		},
		{
			"__comment": "Voxels",
			"from": [ 7.4921, 0.381, 3.8095 ],
			"to": [ 8.380989, 0.5079841, 6.222198 ],
			"faces": {
				"down": { "uv": [ 0, 13.625, 0.875, 16 ], "texture": "#voxels_atlas" },
				"up": { "uv": [ 0, 13.625, 0.875, 11.25 ], "texture": "#voxels_atlas" },
				"north": { "uv": [ 12, 14.5, 11.125, 14.625 ], "texture": "#voxels_atlas" },
				"south": { "uv": [ 12, 14.5, 12.875, 14.625 ], "texture": "#voxels_atlas" },
				"west": { "uv": [ 10.125, 15, 12.5, 15.125 ], "texture": "#voxels_atlas" },
				"east": { "uv": [ 12.5, 14.875, 10.125, 15 ], "texture": "#voxels_atlas" }
			}
		},
		{
			"__comment": "Voxels",
			"from": [ 7.4921, 0.381, 7.4921 ],
			"to": [ 8.380989, 0.5079841, 8.761941 ],
			"faces": {
				"down": { "uv": [ 3.5, 12, 4.375, 13.25 ], "texture": "#voxels_atlas" },
				"up": { "uv": [ 2.625, 9.5, 3.5, 8.25 ], "texture": "#voxels_atlas" },
				"north": { "uv": [ 8.625, 8.25, 7.75, 8.375 ], "texture": "#voxels_atlas" },
				"south": { "uv": [ 12, 14.125, 12.875, 14.25 ], "texture": "#voxels_atlas" },
				"west": { "uv": [ 7.75, 11.75, 9, 11.875 ], "texture": "#voxels_atlas" },
				"east": { "uv": [ 9, 11.875, 7.75, 12 ], "texture": "#voxels_atlas" }
			}
		},
		{
			"__comment": "Voxels",
			"from": [ 7.4921, 0.381, 14.7302 ],
			"to": [ 8.380989, 0.5079841, 14.85718 ],
			"faces": {
				"down": { "uv": [ 14.625, 14.125, 15.5, 14.25 ], "texture": "#voxels_atlas" },
				"up": { "uv": [ 7.75, 8.25, 8.625, 8.125 ], "texture": "#voxels_atlas" },
				"north": { "uv": [ 8.625, 8, 7.75, 8.125 ], "texture": "#voxels_atlas" },
				"south": { "uv": [ 9.375, 14.5, 10.25, 14.625 ], "texture": "#voxels_atlas" },
				"west": { "uv": [ 10.375, 11.875, 10.5, 12 ], "texture": "#voxels_atlas" },
				"east": { "uv": [ 10.5, 12, 10.375, 12.125 ], "texture": "#voxels_atlas" }
			}
		},
		{
			"__comment": "Voxels",
			"from": [ 7.4921, 0.5079, 2.2857 ],
			"to": [ 8.380989, 0.6348841, 2.666652 ],
			"faces": {
				"down": { "uv": [ 6.125, 10.875, 7, 11.25 ], "texture": "#voxels_atlas" },
				"up": { "uv": [ 0, 8.375, 0.875, 8 ], "texture": "#voxels_atlas" },
				"north": { "uv": [ 11.125, 14.375, 10.25, 14.5 ], "texture": "#voxels_atlas" },
				"south": { "uv": [ 11.125, 14.375, 12, 14.5 ], "texture": "#voxels_atlas" },
				"west": { "uv": [ 10, 12.625, 10.375, 12.75 ], "texture": "#voxels_atlas" },
				"east": { "uv": [ 10.375, 12.5, 10, 12.625 ], "texture": "#voxels_atlas" }
			}
		},
		{
			"__comment": "Voxels",
			"from": [ 7.4921, 0.5079, 3.6825 ],
			"to": [ 8.380989, 0.6348841, 3.809484 ],
			"faces": {
				"down": { "uv": [ 11.125, 14.25, 12, 14.375 ], "texture": "#voxels_atlas" },
				"up": { "uv": [ 13.75, 14.375, 14.625, 14.25 ], "texture": "#voxels_atlas" },
				"north": { "uv": [ 11.125, 14.125, 10.25, 14.25 ], "texture": "#voxels_atlas" },
				"south": { "uv": [ 11.125, 14.125, 12, 14.25 ], "texture": "#voxels_atlas" },
				"west": { "uv": [ 10.375, 12.375, 10.5, 12.5 ], "texture": "#voxels_atlas" },
				"east": { "uv": [ 10.5, 12.5, 10.375, 12.625 ], "texture": "#voxels_atlas" }
			}
		},
		{
			"__comment": "Voxels",
			"from": [ 7.4921, 0.5079, 8.7619 ],
			"to": [ 8.380989, 0.6348841, 10.41269 ],
			"faces": {
				"down": { "uv": [ 2.625, 12.75, 3.5, 14.375 ], "texture": "#voxels_atlas" },
				"up": { "uv": [ 2.625, 16, 3.5, 14.375 ], "texture": "#voxels_atlas" },
				"north": { "uv": [ 13.75, 14.125, 12.875, 14.25 ], "texture": "#voxels_atlas" },
				"south": { "uv": [ 13.75, 14.125, 14.625, 14.25 ], "texture": "#voxels_atlas" },
				"west": { "uv": [ 7.75, 14.125, 9.375, 14.25 ], "texture": "#voxels_atlas" },
				"east": { "uv": [ 9.375, 14.25, 7.75, 14.375 ], "texture": "#voxels_atlas" }
			}
		},
		{
			"__comment": "Voxels",
			"from": [ 7.4921, 0.5079, 11.4286 ],
			"to": [ 8.380989, 0.6348841, 11.55558 ],
			"faces": {
				"down": { "uv": [ 12, 14.375, 12.875, 14.5 ], "texture": "#voxels_atlas" },
				"up": { "uv": [ 9.375, 14.125, 10.25, 14 ], "texture": "#voxels_atlas" },
				"north": { "uv": [ 11.125, 14, 10.25, 14.125 ], "texture": "#voxels_atlas" },
				"south": { "uv": [ 11.125, 14, 12, 14.125 ], "texture": "#voxels_atlas" },
				"west": { "uv": [ 10.375, 12.625, 10.5, 12.75 ], "texture": "#voxels_atlas" },
				"east": { "uv": [ 10.5, 13, 10.375, 13.125 ], "texture": "#voxels_atlas" }
			}
		},
		{
			"__comment": "Voxels",
			"from": [ 7.619, 0.254, 1.7778 ],
			"to": [ 8.253921, 0.3809841, 2.285737 ],
			"faces": {
				"down": { "uv": [ 7.125, 14.625, 7.75, 15.125 ], "texture": "#voxels_atlas" },
				"up": { "uv": [ 7.125, 13.625, 7.75, 13.125 ], "texture": "#voxels_atlas" },
				"north": { "uv": [ 7.75, 9.5, 7.125, 9.625 ], "texture": "#voxels_atlas" },
				"south": { "uv": [ 7.125, 9.375, 7.75, 9.5 ], "texture": "#voxels_atlas" },
				"west": { "uv": [ 1.5, 8, 2, 8.125 ], "texture": "#voxels_atlas" },
				"east": { "uv": [ 9.375, 9.5, 8.875, 9.625 ], "texture": "#voxels_atlas" }
			}
		},
		{
			"__comment": "Voxels",
			"from": [ 7.619, 0.254, 3.8095 ],
			"to": [ 8.253921, 0.3809841, 6.222198 ],
			"faces": {
				"down": { "uv": [ 2, 13.625, 2.625, 16 ], "texture": "#voxels_atlas" },
				"up": { "uv": [ 0.875, 10.375, 1.5, 8 ], "texture": "#voxels_atlas" },
				"north": { "uv": [ 7.75, 9, 7.125, 9.125 ], "texture": "#voxels_atlas" },
				"south": { "uv": [ 7.125, 8.875, 7.75, 9 ], "texture": "#voxels_atlas" },
				"west": { "uv": [ 7.75, 15, 10.125, 15.125 ], "texture": "#voxels_atlas" },
				"east": { "uv": [ 10.125, 14.875, 7.75, 15 ], "texture": "#voxels_atlas" }
			}
		},
		{
			"__comment": "Voxels",
			"from": [ 7.619, 0.254, 7.4921 ],
			"to": [ 8.253921, 0.3809841, 8.761941 ],
			"faces": {
				"down": { "uv": [ 4.125, 10.75, 4.75, 12 ], "texture": "#voxels_atlas" },
				"up": { "uv": [ 3.5, 10.75, 4.125, 9.5 ], "texture": "#voxels_atlas" },
				"north": { "uv": [ 10, 13.75, 9.375, 13.875 ], "texture": "#voxels_atlas" },
				"south": { "uv": [ 15.375, 13.875, 16, 14 ], "texture": "#voxels_atlas" },
				"west": { "uv": [ 7.75, 11.625, 9, 11.75 ], "texture": "#voxels_atlas" },
				"east": { "uv": [ 9, 11.5, 7.75, 11.625 ], "texture": "#voxels_atlas" }
			}
		},
		{
			"__comment": "Voxels",
			"from": [ 7.619, 0.254, 11.5556 ],
			"to": [ 8.253921, 0.3809841, 11.68258 ],
			"faces": {
				"down": { "uv": [ 14.125, 13.875, 14.75, 14 ], "texture": "#voxels_atlas" },
				"up": { "uv": [ 11.625, 14, 12.25, 13.875 ], "texture": "#voxels_atlas" },
				"north": { "uv": [ 9.375, 8.125, 8.75, 8.25 ], "texture": "#voxels_atlas" },
				"south": { "uv": [ 7.125, 10.25, 7.75, 10.375 ], "texture": "#voxels_atlas" },
				"west": { "uv": [ 14.75, 13.5, 14.875, 13.625 ], "texture": "#voxels_atlas" },
				"east": { "uv": [ 14.75, 13.5, 14.625, 13.625 ], "texture": "#voxels_atlas" }
			}
		},
		{
			"__comment": "Voxels",
			"from": [ 7.619, 0.254, 14.7302 ],
			"to": [ 8.253921, 0.3809841, 14.85718 ],
			"faces": {
				"down": { "uv": [ 9.375, 13.5, 10, 13.625 ], "texture": "#voxels_atlas" },
				"up": { "uv": [ 8.75, 8.125, 9.375, 8 ], "texture": "#voxels_atlas" },
				"north": { "uv": [ 7.75, 8.5, 7.125, 8.625 ], "texture": "#voxels_atlas" },
				"south": { "uv": [ 7.125, 9.125, 7.75, 9.25 ], "texture": "#voxels_atlas" },
				"west": { "uv": [ 10.75, 13.5, 10.875, 13.625 ], "texture": "#voxels_atlas" },
				"east": { "uv": [ 10.5, 13.5, 10.375, 13.625 ], "texture": "#voxels_atlas" }
			}
		},
		{
			"__comment": "Voxels",
			"from": [ 7.619, 0.381, 1.2698 ],
			"to": [ 8.253921, 0.5079841, 1.777736 ],
			"faces": {
				"down": { "uv": [ 6, 8.25, 6.625, 8.75 ], "texture": "#voxels_atlas" },
				"up": { "uv": [ 7.125, 13.125, 7.75, 12.625 ], "texture": "#voxels_atlas" },
				"north": { "uv": [ 7.75, 10, 7.125, 10.125 ], "texture": "#voxels_atlas" },
				"south": { "uv": [ 9.375, 11.75, 10, 11.875 ], "texture": "#voxels_atlas" },
				"west": { "uv": [ 15.5, 14.375, 16, 14.5 ], "texture": "#voxels_atlas" },
				"east": { "uv": [ 16, 14.25, 15.5, 14.375 ], "texture": "#voxels_atlas" }
			}
		},
		{
			"__comment": "Voxels",
			"from": [ 7.619, 0.381, 6.2222 ],
			"to": [ 8.253921, 0.5079841, 7.492041 ],
			"faces": {
				"down": { "uv": [ 3.5, 10.75, 4.125, 12 ], "texture": "#voxels_atlas" },
				"up": { "uv": [ 6.375, 13.25, 7, 12 ], "texture": "#voxels_atlas" },
				"north": { "uv": [ 7.75, 8.75, 7.125, 8.875 ], "texture": "#voxels_atlas" },
				"south": { "uv": [ 7.125, 8.625, 7.75, 8.75 ], "texture": "#voxels_atlas" },
				"west": { "uv": [ 7.75, 10.75, 9, 10.875 ], "texture": "#voxels_atlas" },
				"east": { "uv": [ 9, 10.125, 7.75, 10.25 ], "texture": "#voxels_atlas" }
			}
		},
		{
			"__comment": "Voxels",
			"from": [ 7.619, 0.381, 11.6825 ],
			"to": [ 8.253921, 0.5079841, 11.80948 ],
			"faces": {
				"down": { "uv": [ 9.375, 12.375, 10, 12.5 ], "texture": "#voxels_atlas" },
				"up": { "uv": [ 15.375, 15.375, 16, 15.25 ], "texture": "#voxels_atlas" },
				"north": { "uv": [ 16, 15.125, 15.375, 15.25 ], "texture": "#voxels_atlas" },
				"south": { "uv": [ 13.5, 13.875, 14.125, 14 ], "texture": "#voxels_atlas" },
				"west": { "uv": [ 10.375, 12.25, 10.5, 12.375 ], "texture": "#voxels_atlas" },
				"east": { "uv": [ 10.5, 12.125, 10.375, 12.25 ], "texture": "#voxels_atlas" }
			}
		},
		{
			"__comment": "Voxels",
			"from": [ 7.619, 0.381, 14.6032 ],
			"to": [ 8.253921, 0.5079841, 14.73018 ],
			"faces": {
				"down": { "uv": [ 7.125, 9.875, 7.75, 10 ], "texture": "#voxels_atlas" },
				"up": { "uv": [ 7.125, 9.875, 7.75, 9.75 ], "texture": "#voxels_atlas" },
				"north": { "uv": [ 10, 13.375, 9.375, 13.5 ], "texture": "#voxels_atlas" },
				"south": { "uv": [ 9.375, 12.5, 10, 12.625 ], "texture": "#voxels_atlas" },
				"west": { "uv": [ 10.375, 13.25, 10.5, 13.375 ], "texture": "#voxels_atlas" },
				"east": { "uv": [ 10.5, 13.125, 10.375, 13.25 ], "texture": "#voxels_atlas" }
			}
		},
		{
			"__comment": "Voxels",
			"from": [ 7.619, 0.381, 14.8571 ],
			"to": [ 8.253921, 0.5079841, 15.11107 ],
			"faces": {
				"down": { "uv": [ 3.5, 8, 4.125, 8.25 ], "texture": "#voxels_atlas" },
				"up": { "uv": [ 2.625, 8.25, 3.25, 8 ], "texture": "#voxels_atlas" },
				"north": { "uv": [ 10, 13, 9.375, 13.125 ], "texture": "#voxels_atlas" },
				"south": { "uv": [ 9.375, 13.625, 10, 13.75 ], "texture": "#voxels_atlas" },
				"west": { "uv": [ 9.75, 9.625, 10, 9.75 ], "texture": "#voxels_atlas" },
				"east": { "uv": [ 10, 9, 9.75, 9.125 ], "texture": "#voxels_atlas" }
			}
		},
		{
			"__comment": "Voxels",
			"from": [ 7.619, 0.5079, 1.7778 ],
			"to": [ 8.253921, 0.6348841, 2.285737 ],
			"faces": {
				"down": { "uv": [ 7.125, 14.125, 7.75, 14.625 ], "texture": "#voxels_atlas" },
				"up": { "uv": [ 7.125, 14.125, 7.75, 13.625 ], "texture": "#voxels_atlas" },
				"north": { "uv": [ 13.5, 13.875, 12.875, 14 ], "texture": "#voxels_atlas" },
				"south": { "uv": [ 14.75, 13.875, 15.375, 14 ], "texture": "#voxels_atlas" },
				"west": { "uv": [ 9.375, 10.875, 9.875, 11 ], "texture": "#voxels_atlas" },
				"east": { "uv": [ 9.875, 11, 9.375, 11.125 ], "texture": "#voxels_atlas" }
			}
		},
		{
			"__comment": "Voxels",
			"from": [ 7.619, 0.5079, 3.8095 ],
			"to": [ 8.253921, 0.6348841, 6.222198 ],
			"faces": {
				"down": { "uv": [ 0, 8.875, 0.625, 11.25 ], "texture": "#voxels_atlas" },
				"up": { "uv": [ 0.875, 12.75, 1.5, 10.375 ], "texture": "#voxels_atlas" },
				"north": { "uv": [ 9.375, 8.375, 8.75, 8.5 ], "texture": "#voxels_atlas" },
				"south": { "uv": [ 8.75, 8.5, 9.375, 8.625 ], "texture": "#voxels_atlas" },
				"west": { "uv": [ 12.5, 14.875, 14.875, 15 ], "texture": "#voxels_atlas" },
				"east": { "uv": [ 14.875, 15, 12.5, 15.125 ], "texture": "#voxels_atlas" }
			}
		},
		{
			"__comment": "Voxels",
			"from": [ 7.619, 0.5079, 7.4921 ],
			"to": [ 8.253921, 0.6348841, 8.761941 ],
			"faces": {
				"down": { "uv": [ 5.75, 12, 6.375, 13.25 ], "texture": "#voxels_atlas" },
				"up": { "uv": [ 3.5, 9.5, 4.125, 8.25 ], "texture": "#voxels_atlas" },
				"north": { "uv": [ 10, 13.125, 9.375, 13.25 ], "texture": "#voxels_atlas" },
				"south": { "uv": [ 9.375, 11.625, 10, 11.75 ], "texture": "#voxels_atlas" },
				"west": { "uv": [ 7.75, 10.625, 9, 10.75 ], "texture": "#voxels_atlas" },
				"east": { "uv": [ 9, 12, 7.75, 12.125 ], "texture": "#voxels_atlas" }
			}
		},
		{
			"__comment": "Voxels",
			"from": [ 7.619, 0.5079, 11.5556 ],
			"to": [ 8.253921, 0.6348841, 11.68258 ],
			"faces": {
				"down": { "uv": [ 9.375, 13.25, 10, 13.375 ], "texture": "#voxels_atlas" },
				"up": { "uv": [ 8.75, 8.375, 9.375, 8.25 ], "texture": "#voxels_atlas" },
				"north": { "uv": [ 9.375, 8.625, 8.75, 8.75 ], "texture": "#voxels_atlas" },
				"south": { "uv": [ 7.125, 8, 7.75, 8.125 ], "texture": "#voxels_atlas" },
				"west": { "uv": [ 14.875, 13.375, 15, 13.5 ], "texture": "#voxels_atlas" },
				"east": { "uv": [ 15.375, 13.375, 15.25, 13.5 ], "texture": "#voxels_atlas" }
			}
		},
		{
			"__comment": "Voxels",
			"from": [ 7.619, 0.5079, 14.7302 ],
			"to": [ 8.253921, 0.6348841, 14.85718 ],
			"faces": {
				"down": { "uv": [ 7.125, 8.125, 7.75, 8.25 ], "texture": "#voxels_atlas" },
				"up": { "uv": [ 7.125, 8.375, 7.75, 8.25 ], "texture": "#voxels_atlas" },
				"north": { "uv": [ 7.75, 9.25, 7.125, 9.375 ], "texture": "#voxels_atlas" },
				"south": { "uv": [ 7.125, 9.625, 7.75, 9.75 ], "texture": "#voxels_atlas" },
				"west": { "uv": [ 7, 12.5, 7.125, 12.625 ], "texture": "#voxels_atlas" },
				"east": { "uv": [ 7.125, 12.375, 7, 12.5 ], "texture": "#voxels_atlas" }
			}
		},
		{
			"__comment": "Voxels",
			"from": [ 7.746, 0.127, 14.7302 ],
			"to": [ 8.126952, 0.2539842, 14.85718 ],
			"faces": {
				"down": { "uv": [ 10, 13.625, 10.375, 13.75 ], "texture": "#voxels_atlas" },
				"up": { "uv": [ 10.375, 13.75, 10.75, 13.625 ], "texture": "#voxels_atlas" },
				"north": { "uv": [ 10.375, 13.25, 10, 13.375 ], "texture": "#voxels_atlas" },
				"south": { "uv": [ 10, 13.125, 10.375, 13.25 ], "texture": "#voxels_atlas" },
				"west": { "uv": [ 7, 11.5, 7.125, 11.625 ], "texture": "#voxels_atlas" },
				"east": { "uv": [ 7.125, 11.125, 7, 11.25 ], "texture": "#voxels_atlas" }
			}
		},
		{
			"__comment": "Voxels",
			"from": [ 7.746, 0.254, 1.2698 ],
			"to": [ 8.126952, 0.3809841, 1.777736 ],
			"faces": {
				"down": { "uv": [ 1.5, 10.5, 1.875, 11 ], "texture": "#voxels_atlas" },
				"up": { "uv": [ 1.5, 9.125, 1.875, 8.625 ], "texture": "#voxels_atlas" },
				"north": { "uv": [ 10.375, 13, 10, 13.125 ], "texture": "#voxels_atlas" },
				"south": { "uv": [ 10, 12.875, 10.375, 13 ], "texture": "#voxels_atlas" },
				"west": { "uv": [ 8.875, 8.875, 9.375, 9 ], "texture": "#voxels_atlas" },
				"east": { "uv": [ 9.375, 9, 8.875, 9.125 ], "texture": "#voxels_atlas" }
			}
		},
		{
			"__comment": "Voxels",
			"from": [ 7.746, 0.254, 6.2222 ],
			"to": [ 8.126952, 0.3809841, 7.492041 ],
			"faces": {
				"down": { "uv": [ 4.5, 8.25, 4.875, 9.5 ], "texture": "#voxels_atlas" },
				"up": { "uv": [ 1.5, 12.75, 1.875, 11.5 ], "texture": "#voxels_atlas" },
				"north": { "uv": [ 10.375, 12.75, 10, 12.875 ], "texture": "#voxels_atlas" },
				"south": { "uv": [ 10, 11.875, 10.375, 12 ], "texture": "#voxels_atlas" },
				"west": { "uv": [ 7.75, 10.25, 9, 10.375 ], "texture": "#voxels_atlas" },
				"east": { "uv": [ 9, 10.5, 7.75, 10.625 ], "texture": "#voxels_atlas" }
			}
		},
		{
			"__comment": "Voxels",
			"from": [ 7.746, 0.254, 11.6825 ],
			"to": [ 8.126952, 0.3809841, 11.80948 ],
			"faces": {
				"down": { "uv": [ 10, 10.5, 10.375, 10.625 ], "texture": "#voxels_atlas" },
				"up": { "uv": [ 10, 10.5, 10.375, 10.375 ], "texture": "#voxels_atlas" },
				"north": { "uv": [ 9.375, 12, 9, 12.125 ], "texture": "#voxels_atlas" },
				"south": { "uv": [ 9, 11.125, 9.375, 11.25 ], "texture": "#voxels_atlas" },
				"west": { "uv": [ 8.625, 8, 8.75, 8.125 ], "texture": "#voxels_atlas" },
				"east": { "uv": [ 10, 11.5, 9.875, 11.625 ], "texture": "#voxels_atlas" }
			}
		},
		{
			"__comment": "Voxels",
			"from": [ 7.746, 0.254, 14.6032 ],
			"to": [ 8.126952, 0.3809841, 14.73018 ],
			"faces": {
				"down": { "uv": [ 9, 10.75, 9.375, 10.875 ], "texture": "#voxels_atlas" },
				"up": { "uv": [ 9, 10.75, 9.375, 10.625 ], "texture": "#voxels_atlas" },
				"north": { "uv": [ 9.375, 10.5, 9, 10.625 ], "texture": "#voxels_atlas" },
				"south": { "uv": [ 9, 10.375, 9.375, 10.5 ], "texture": "#voxels_atlas" },
				"west": { "uv": [ 10.25, 8.875, 10.375, 9 ], "texture": "#voxels_atlas" },
				"east": { "uv": [ 10.375, 8.5, 10.25, 8.625 ], "texture": "#voxels_atlas" }
			}
		},
		{
			"__comment": "Voxels",
			"from": [ 7.746, 0.254, 14.8571 ],
			"to": [ 8.126952, 0.3809841, 15.11107 ],
			"faces": {
				"down": { "uv": [ 7.125, 10.625, 7.5, 10.875 ], "texture": "#voxels_atlas" },
				"up": { "uv": [ 4.125, 8.25, 4.5, 8 ], "texture": "#voxels_atlas" },
				"north": { "uv": [ 9.375, 10.25, 9, 10.375 ], "texture": "#voxels_atlas" },
				"south": { "uv": [ 9.375, 10.375, 9.75, 10.5 ], "texture": "#voxels_atlas" },
				"west": { "uv": [ 10, 9.625, 10.25, 9.75 ], "texture": "#voxels_atlas" },
				"east": { "uv": [ 10.25, 9.5, 10, 9.625 ], "texture": "#voxels_atlas" }
			}
		},
		{
			"__comment": "Voxels",
			"from": [ 7.746, 0.381, 0.8889 ],
			"to": [ 8.126952, 0.5079841, 1.269852 ],
			"faces": {
				"down": { "uv": [ 6.625, 11.25, 7, 11.625 ], "texture": "#voxels_atlas" },
				"up": { "uv": [ 6.625, 12, 7, 11.625 ], "texture": "#voxels_atlas" },
				"north": { "uv": [ 14.875, 13.75, 14.5, 13.875 ], "texture": "#voxels_atlas" },
				"south": { "uv": [ 9.375, 9.75, 9.75, 9.875 ], "texture": "#voxels_atlas" },
				"west": { "uv": [ 9.375, 9.625, 9.75, 9.75 ], "texture": "#voxels_atlas" },
				"east": { "uv": [ 9.75, 8.5, 9.375, 8.625 ], "texture": "#voxels_atlas" }
			}
		},
		{
			"__comment": "Voxels",
			"from": [ 7.746, 0.381, 11.8095 ],
			"to": [ 8.126952, 0.5079841, 14.60315 ],
			"faces": {
				"down": { "uv": [ 2, 10.875, 2.375, 13.625 ], "texture": "#voxels_atlas" },
				"up": { "uv": [ 2, 10.875, 2.375, 8.125 ], "texture": "#voxels_atlas" },
				"north": { "uv": [ 9.75, 8.375, 9.375, 8.5 ], "texture": "#voxels_atlas" },
				"south": { "uv": [ 12.25, 13.75, 12.625, 13.875 ], "texture": "#voxels_atlas" },
				"west": { "uv": [ 7.125, 15.125, 9.875, 15.25 ], "texture": "#voxels_atlas" },
				"east": { "uv": [ 12.625, 15.125, 9.875, 15.25 ], "texture": "#voxels_atlas" }
			}
		},
		{
			"__comment": "Voxels",
			"from": [ 7.746, 0.381, 15.1111 ],
			"to": [ 8.126952, 0.5079841, 15.36507 ],
			"faces": {
				"down": { "uv": [ 7.125, 11.875, 7.5, 12.125 ], "texture": "#voxels_atlas" },
				"up": { "uv": [ 7.125, 11.875, 7.5, 11.625 ], "texture": "#voxels_atlas" },
				"north": { "uv": [ 13, 13.75, 12.625, 13.875 ], "texture": "#voxels_atlas" },
				"south": { "uv": [ 13.75, 13.75, 14.125, 13.875 ], "texture": "#voxels_atlas" },
				"west": { "uv": [ 10, 9.375, 10.25, 9.5 ], "texture": "#voxels_atlas" },
				"east": { "uv": [ 10.25, 9.25, 10, 9.375 ], "texture": "#voxels_atlas" }
			}
		},
		{
			"__comment": "Voxels",
			"from": [ 7.746, 0.5079, 1.2698 ],
			"to": [ 8.126952, 0.6348841, 1.777736 ],
			"faces": {
				"down": { "uv": [ 1.5, 11, 1.875, 11.5 ], "texture": "#voxels_atlas" },
				"up": { "uv": [ 1.5, 8.625, 1.875, 8.125 ], "texture": "#voxels_atlas" },
				"north": { "uv": [ 9.375, 9.625, 9, 9.75 ], "texture": "#voxels_atlas" },
				"south": { "uv": [ 9.375, 10.625, 9.75, 10.75 ], "texture": "#voxels_atlas" },
				"west": { "uv": [ 8.875, 8.75, 9.375, 8.875 ], "texture": "#voxels_atlas" },
				"east": { "uv": [ 16, 14.5, 15.5, 14.625 ], "texture": "#voxels_atlas" }
			}
		},
		{
			"__comment": "Voxels",
			"from": [ 7.746, 0.5079, 6.2222 ],
			"to": [ 8.126952, 0.6348841, 7.492041 ],
			"faces": {
				"down": { "uv": [ 4.125, 8.25, 4.5, 9.5 ], "texture": "#voxels_atlas" },
				"up": { "uv": [ 1.5, 10.375, 1.875, 9.125 ], "texture": "#voxels_atlas" },
				"north": { "uv": [ 9.75, 10, 9.375, 10.125 ], "texture": "#voxels_atlas" },
				"south": { "uv": [ 9.375, 9.875, 9.75, 10 ], "texture": "#voxels_atlas" },
				"west": { "uv": [ 7.75, 11.25, 9, 11.375 ], "texture": "#voxels_atlas" },
				"east": { "uv": [ 9, 11.125, 7.75, 11.25 ], "texture": "#voxels_atlas" }
			}
		},
		{
			"__comment": "Voxels",
			"from": [ 7.746, 0.5079, 11.6825 ],
			"to": [ 8.126952, 0.6348841, 11.80948 ],
			"faces": {
				"down": { "uv": [ 9.375, 9.5, 9.75, 9.625 ], "texture": "#voxels_atlas" },
				"up": { "uv": [ 9.375, 9.5, 9.75, 9.375 ], "texture": "#voxels_atlas" },
				"north": { "uv": [ 9.75, 9.25, 9.375, 9.375 ], "texture": "#voxels_atlas" },
				"south": { "uv": [ 9.375, 9.125, 9.75, 9.25 ], "texture": "#voxels_atlas" },
				"west": { "uv": [ 10.375, 10.875, 10.5, 11 ], "texture": "#voxels_atlas" },
				"east": { "uv": [ 10.5, 10.75, 10.375, 10.875 ], "texture": "#voxels_atlas" }
			}
		},
		{
			"__comment": "Voxels",
			"from": [ 7.746, 0.5079, 14.6032 ],
			"to": [ 8.126952, 0.6348841, 14.73018 ],
			"faces": {
				"down": { "uv": [ 9.375, 9, 9.75, 9.125 ], "texture": "#voxels_atlas" },
				"up": { "uv": [ 9.375, 9, 9.75, 8.875 ], "texture": "#voxels_atlas" },
				"north": { "uv": [ 9.75, 8.75, 9.375, 8.875 ], "texture": "#voxels_atlas" },
				"south": { "uv": [ 9.375, 8.625, 9.75, 8.75 ], "texture": "#voxels_atlas" },
				"west": { "uv": [ 10.375, 9.125, 10.5, 9.25 ], "texture": "#voxels_atlas" },
				"east": { "uv": [ 10.5, 9, 10.375, 9.125 ], "texture": "#voxels_atlas" }
			}
		},
		{
			"__comment": "Voxels",
			"from": [ 7.746, 0.5079, 14.8571 ],
			"to": [ 8.126952, 0.6348841, 15.11107 ],
			"faces": {
				"down": { "uv": [ 7.125, 11.125, 7.5, 11.375 ], "texture": "#voxels_atlas" },
				"up": { "uv": [ 7.125, 11.125, 7.5, 10.875 ], "texture": "#voxels_atlas" },
				"north": { "uv": [ 9.75, 8.25, 9.375, 8.375 ], "texture": "#voxels_atlas" },
				"south": { "uv": [ 9.375, 8.125, 9.75, 8.25 ], "texture": "#voxels_atlas" },
				"west": { "uv": [ 7.5, 10.875, 7.75, 11 ], "texture": "#voxels_atlas" },
				"east": { "uv": [ 7.75, 10.375, 7.5, 10.5 ], "texture": "#voxels_atlas" }
			}
		},
		{
			"__comment": "Voxels",
			"from": [ 7.746, 0.6349, 14.7302 ],
			"to": [ 8.126952, 0.7618841, 14.85718 ],
			"faces": {
				"down": { "uv": [ 9.375, 8, 9.75, 8.125 ], "texture": "#voxels_atlas" },
				"up": { "uv": [ 10, 13.875, 10.375, 13.75 ], "texture": "#voxels_atlas" },
				"north": { "uv": [ 10.75, 13.75, 10.375, 13.875 ], "texture": "#voxels_atlas" },
				"south": { "uv": [ 10.75, 13.75, 11.125, 13.875 ], "texture": "#voxels_atlas" },
				"west": { "uv": [ 12.5, 13.375, 12.625, 13.5 ], "texture": "#voxels_atlas" },
				"east": { "uv": [ 12.75, 13.375, 12.625, 13.5 ], "texture": "#voxels_atlas" }
			}
		},
		{
			"__comment": "Voxels",
			"from": [ 7.873, 0, 14.7302 ],
			"to": [ 7.999984, 0.1269841, 14.85718 ],
			"faces": {
				"down": { "uv": [ 13, 13.375, 13.125, 13.5 ], "texture": "#voxels_atlas" },
				"up": { "uv": [ 13.125, 13.5, 13.25, 13.375 ], "texture": "#voxels_atlas" },
				"north": { "uv": [ 13.375, 13.375, 13.25, 13.5 ], "texture": "#voxels_atlas" },
				"south": { "uv": [ 13.375, 13.375, 13.5, 13.5 ], "texture": "#voxels_atlas" },
				"west": { "uv": [ 13.5, 13.375, 13.625, 13.5 ], "texture": "#voxels_atlas" },
				"east": { "uv": [ 13.75, 13.375, 13.625, 13.5 ], "texture": "#voxels_atlas" }
			}
		},
		{
			"__comment": "Voxels",
			"from": [ 7.873, 0.127, 14.6032 ],
			"to": [ 7.999984, 0.2539842, 14.73018 ],
			"faces": {
				"down": { "uv": [ 14, 13.375, 14.125, 13.5 ], "texture": "#voxels_atlas" },
				"up": { "uv": [ 14.125, 13.5, 14.25, 13.375 ], "texture": "#voxels_atlas" },
				"north": { "uv": [ 14.375, 13.375, 14.25, 13.5 ], "texture": "#voxels_atlas" },
				"south": { "uv": [ 14.375, 13.375, 14.5, 13.5 ], "texture": "#voxels_atlas" },
				"west": { "uv": [ 14.5, 13.375, 14.625, 13.5 ], "texture": "#voxels_atlas" },
				"east": { "uv": [ 14.75, 13.375, 14.625, 13.5 ], "texture": "#voxels_atlas" }
			}
		},
		{
			"__comment": "Voxels",
			"from": [ 7.873, 0.127, 14.8571 ],
			"to": [ 7.999984, 0.2539842, 15.11107 ],
			"faces": {
				"down": { "uv": [ 1.875, 9.625, 2, 9.875 ], "texture": "#voxels_atlas" },
				"up": { "uv": [ 1.875, 9.625, 2, 9.375 ], "texture": "#voxels_atlas" },
				"north": { "uv": [ 15.125, 13.375, 15, 13.5 ], "texture": "#voxels_atlas" },
				"south": { "uv": [ 15.125, 13.375, 15.25, 13.5 ], "texture": "#voxels_atlas" },
				"west": { "uv": [ 9.75, 10.625, 10, 10.75 ], "texture": "#voxels_atlas" },
				"east": { "uv": [ 10, 10.5, 9.75, 10.625 ], "texture": "#voxels_atlas" }
			}
		},
		{
			"__comment": "Voxels",
			"from": [ 7.873, 0.254, 0.8889 ],
			"to": [ 7.999984, 0.3809841, 1.269852 ],
			"faces": {
				"down": { "uv": [ 1.875, 12.375, 2, 12.75 ], "texture": "#voxels_atlas" },
				"up": { "uv": [ 1.875, 12.375, 2, 12 ], "texture": "#voxels_atlas" },
				"north": { "uv": [ 7.125, 12.875, 7, 13 ], "texture": "#voxels_atlas" },
				"south": { "uv": [ 7, 12.75, 7.125, 12.875 ], "texture": "#voxels_atlas" },
				"west": { "uv": [ 11.125, 13.75, 11.5, 13.875 ], "texture": "#voxels_atlas" },
				"east": { "uv": [ 11.875, 13.75, 11.5, 13.875 ], "texture": "#voxels_atlas" }
			}
		},
		{
			"__comment": "Voxels",
			"from": [ 7.873, 0.254, 11.8095 ],
			"to": [ 7.999984, 0.3809841, 14.60315 ],
			"faces": {
				"down": { "uv": [ 2.5, 8.125, 2.625, 10.875 ], "texture": "#voxels_atlas" },
				"up": { "uv": [ 2.375, 10.875, 2.5, 8.125 ], "texture": "#voxels_atlas" },
				"north": { "uv": [ 7.125, 12.125, 7, 12.25 ], "texture": "#voxels_atlas" },
				"south": { "uv": [ 7, 12, 7.125, 12.125 ], "texture": "#voxels_atlas" },
				"west": { "uv": [ 12.625, 15.125, 15.375, 15.25 ], "texture": "#voxels_atlas" },
				"east": { "uv": [ 15.375, 15.25, 12.625, 15.375 ], "texture": "#voxels_atlas" }
			}
		},
		{
			"__comment": "Voxels",
			"from": [ 7.873, 0.254, 15.1111 ],
			"to": [ 7.999984, 0.3809841, 15.36507 ],
			"faces": {
				"down": { "uv": [ 1.875, 9.125, 2, 9.375 ], "texture": "#voxels_atlas" },
				"up": { "uv": [ 1.875, 8.625, 2, 8.375 ], "texture": "#voxels_atlas" },
				"north": { "uv": [ 7.125, 11.375, 7, 11.5 ], "texture": "#voxels_atlas" },
				"south": { "uv": [ 7, 11.25, 7.125, 11.375 ], "texture": "#voxels_atlas" },
				"west": { "uv": [ 9.75, 8.125, 10, 8.25 ], "texture": "#voxels_atlas" },
				"east": { "uv": [ 10, 8, 9.75, 8.125 ], "texture": "#voxels_atlas" }
			}
		},
		{
			"__comment": "Voxels",
			"from": [ 7.873, 0.381, 0.381 ],
			"to": [ 7.999984, 0.5079841, 0.8889365 ],
			"faces": {
				"down": { "uv": [ 0.75, 10.75, 0.875, 11.25 ], "texture": "#voxels_atlas" },
				"up": { "uv": [ 0.625, 11.25, 0.75, 10.75 ], "texture": "#voxels_atlas" },
				"north": { "uv": [ 6.625, 8, 6.5, 8.125 ], "texture": "#voxels_atlas" },
				"south": { "uv": [ 7, 8.625, 7.125, 8.75 ], "texture": "#voxels_atlas" },
				"west": { "uv": [ 1.5, 10.375, 2, 10.5 ], "texture": "#voxels_atlas" },
				"east": { "uv": [ 9.875, 11.125, 9.375, 11.25 ], "texture": "#voxels_atlas" }
			}
		},
		{
			"__comment": "Voxels",
			"from": [ 7.873, 0.381, 15.3651 ],
			"to": [ 7.999984, 0.5079841, 15.61907 ],
			"faces": {
				"down": { "uv": [ 1.875, 8.125, 2, 8.375 ], "texture": "#voxels_atlas" },
				"up": { "uv": [ 7, 13.25, 7.125, 13 ], "texture": "#voxels_atlas" },
				"north": { "uv": [ 7.125, 8, 7, 8.125 ], "texture": "#voxels_atlas" },
				"south": { "uv": [ 7.625, 12.5, 7.75, 12.625 ], "texture": "#voxels_atlas" },
				"west": { "uv": [ 10, 8.875, 10.25, 9 ], "texture": "#voxels_atlas" },
				"east": { "uv": [ 0.875, 8.875, 0.625, 9 ], "texture": "#voxels_atlas" }
			}
		},
		{
			"__comment": "Voxels",
			"from": [ 7.873, 0.5079, 0.8889 ],
			"to": [ 7.999984, 0.6348841, 1.269852 ],
			"faces": {
				"down": { "uv": [ 1.875, 11.625, 2, 12 ], "texture": "#voxels_atlas" },
				"up": { "uv": [ 1.875, 11.5, 2, 11.125 ], "texture": "#voxels_atlas" },
				"north": { "uv": [ 9.375, 13.75, 9.25, 13.875 ], "texture": "#voxels_atlas" },
				"south": { "uv": [ 9.25, 13.625, 9.375, 13.75 ], "texture": "#voxels_atlas" },
				"west": { "uv": [ 14.875, 13.75, 15.25, 13.875 ], "texture": "#voxels_atlas" },
				"east": { "uv": [ 15.625, 13.75, 15.25, 13.875 ], "texture": "#voxels_atlas" }
			}
		},
		{
			"__comment": "Voxels",
			"from": [ 7.873, 0.5079, 11.8095 ],
			"to": [ 7.999984, 0.6348841, 14.60315 ],
			"faces": {
				"down": { "uv": [ 2.5, 10.875, 2.625, 13.625 ], "texture": "#voxels_atlas" },
				"up": { "uv": [ 2.375, 13.625, 2.5, 10.875 ], "texture": "#voxels_atlas" },
				"north": { "uv": [ 9.375, 13, 9.25, 13.125 ], "texture": "#voxels_atlas" },
				"south": { "uv": [ 8.625, 8.25, 8.75, 8.375 ], "texture": "#voxels_atlas" },
				"west": { "uv": [ 9.875, 15.25, 12.625, 15.375 ], "texture": "#voxels_atlas" },
				"east": { "uv": [ 9.875, 15.25, 7.125, 15.375 ], "texture": "#voxels_atlas" }
			}
		},
		{
			"__comment": "Voxels",
			"from": [ 7.873, 0.5079, 15.1111 ],
			"to": [ 7.999984, 0.6348841, 15.36507 ],
			"faces": {
				"down": { "uv": [ 1.875, 10.75, 2, 11 ], "texture": "#voxels_atlas" },
				"up": { "uv": [ 1.875, 10.75, 2, 10.5 ], "texture": "#voxels_atlas" },
				"north": { "uv": [ 10, 11.25, 9.875, 11.375 ], "texture": "#voxels_atlas" },
				"south": { "uv": [ 9.875, 11.125, 10, 11.25 ], "texture": "#voxels_atlas" },
				"west": { "uv": [ 6.875, 13.75, 7.125, 13.875 ], "texture": "#voxels_atlas" },
				"east": { "uv": [ 7.125, 10.625, 6.875, 10.75 ], "texture": "#voxels_atlas" }
			}
		},
		{
			"__comment": "Voxels",
			"from": [ 7.873, 0.6349, 14.6032 ],
			"to": [ 7.999984, 0.7618841, 14.73018 ],
			"faces": {
				"down": { "uv": [ 9.875, 10.75, 10, 10.875 ], "texture": "#voxels_atlas" },
				"up": { "uv": [ 10.25, 9.75, 10.375, 9.625 ], "texture": "#voxels_atlas" },
				"north": { "uv": [ 10.375, 9.5, 10.25, 9.625 ], "texture": "#voxels_atlas" },
				"south": { "uv": [ 10.25, 9.375, 10.375, 9.5 ], "texture": "#voxels_atlas" },
				"west": { "uv": [ 10.25, 9.25, 10.375, 9.375 ], "texture": "#voxels_atlas" },
				"east": { "uv": [ 10.375, 9.125, 10.25, 9.25 ], "texture": "#voxels_atlas" }
			}
		},
		{
			"__comment": "Voxels",
			"from": [ 7.873, 0.6349, 14.8571 ],
			"to": [ 7.999984, 0.7618841, 15.11107 ],
			"faces": {
				"down": { "uv": [ 1.875, 10.125, 2, 10.375 ], "texture": "#voxels_atlas" },
				"up": { "uv": [ 1.875, 10.125, 2, 9.875 ], "texture": "#voxels_atlas" },
				"north": { "uv": [ 10.375, 8.75, 10.25, 8.875 ], "texture": "#voxels_atlas" },
				"south": { "uv": [ 10.25, 8.625, 10.375, 8.75 ], "texture": "#voxels_atlas" },
				"west": { "uv": [ 6.875, 10.5, 7.125, 10.625 ], "texture": "#voxels_atlas" },
				"east": { "uv": [ 7.125, 10.375, 6.875, 10.5 ], "texture": "#voxels_atlas" }
			}
		},
		{
			"__comment": "Voxels",
			"from": [ 7.873, 0.7619, 14.7302 ],
			"to": [ 7.999984, 0.8888841, 14.85718 ],
			"faces": {
				"down": { "uv": [ 10, 8.25, 10.125, 8.375 ], "texture": "#voxels_atlas" },
				"up": { "uv": [ 10.125, 8.375, 10.25, 8.25 ], "texture": "#voxels_atlas" },
				"north": { "uv": [ 10.375, 8.25, 10.25, 8.375 ], "texture": "#voxels_atlas" },
				"south": { "uv": [ 10, 8.125, 10.125, 8.25 ], "texture": "#voxels_atlas" },
				"west": { "uv": [ 10, 8, 10.125, 8.125 ], "texture": "#voxels_atlas" },
				"east": { "uv": [ 10.25, 8.125, 10.125, 8.25 ], "texture": "#voxels_atlas" }
			}
		},
		{
			"__comment": "Voxels",
			"from": [ 8.381, 0.381, 11.6825 ],
			"to": [ 9.904809, 0.5079841, 11.80948 ],
			"faces": {
				"down": { "uv": [ 7.75, 13.375, 9.25, 13.5 ], "texture": "#voxels_atlas" },
				"up": { "uv": [ 7.75, 13.375, 9.25, 13.25 ], "texture": "#voxels_atlas" },
				"north": { "uv": [ 9.25, 13.125, 7.75, 13.25 ], "texture": "#voxels_atlas" },
				"south": { "uv": [ 7.75, 13, 9.25, 13.125 ], "texture": "#voxels_atlas" },
				"west": { "uv": [ 10.5, 13.5, 10.625, 13.625 ], "texture": "#voxels_atlas" },
				"east": { "uv": [ 10.75, 13.5, 10.625, 13.625 ], "texture": "#voxels_atlas" }
			}
		},
		{
			"__comment": "Voxels",
			"from": [ 8.5079, 0.254, 3.6825 ],
			"to": [ 8.761868, 0.3809841, 3.809484 ],
			"faces": {
				"down": { "uv": [ 5.75, 8.25, 6, 8.375 ], "texture": "#voxels_atlas" },
				"up": { "uv": [ 5.75, 8.25, 6, 8.125 ], "texture": "#voxels_atlas" },
				"north": { "uv": [ 6, 8, 5.75, 8.125 ], "texture": "#voxels_atlas" },
				"south": { "uv": [ 6.875, 9, 7.125, 9.125 ], "texture": "#voxels_atlas" },
				"west": { "uv": [ 11.25, 13.5, 11.375, 13.625 ], "texture": "#voxels_atlas" },
				"east": { "uv": [ 11.5, 13.5, 11.375, 13.625 ], "texture": "#voxels_atlas" }
			}
		},
		{
			"__comment": "Voxels",
			"from": [ 8.5079, 0.381, 3.8095 ],
			"to": [ 8.888853, 0.5079841, 3.936484 ],
			"faces": {
				"down": { "uv": [ 12.625, 13.625, 13, 13.75 ], "texture": "#voxels_atlas" },
				"up": { "uv": [ 13, 13.75, 13.375, 13.625 ], "texture": "#voxels_atlas" },
				"north": { "uv": [ 13.75, 13.625, 13.375, 13.75 ], "texture": "#voxels_atlas" },
				"south": { "uv": [ 13.75, 13.625, 14.125, 13.75 ], "texture": "#voxels_atlas" },
				"west": { "uv": [ 12, 13.5, 12.125, 13.625 ], "texture": "#voxels_atlas" },
				"east": { "uv": [ 12.25, 13.5, 12.125, 13.625 ], "texture": "#voxels_atlas" }
			}
		},
		{
			"__comment": "Voxels",
			"from": [ 8.5079, 0.5079, 3.6825 ],
			"to": [ 8.761868, 0.6348841, 3.809484 ],
			"faces": {
				"down": { "uv": [ 7.5, 12.25, 7.75, 12.375 ], "texture": "#voxels_atlas" },
				"up": { "uv": [ 7.5, 12.25, 7.75, 12.125 ], "texture": "#voxels_atlas" },
				"north": { "uv": [ 7.75, 12, 7.5, 12.125 ], "texture": "#voxels_atlas" },
				"south": { "uv": [ 7.5, 11.875, 7.75, 12 ], "texture": "#voxels_atlas" },
				"west": { "uv": [ 12.75, 13.5, 12.875, 13.625 ], "texture": "#voxels_atlas" },
				"east": { "uv": [ 13, 13.5, 12.875, 13.625 ], "texture": "#voxels_atlas" }
			}
		},
		{
			"__comment": "Voxels",
			"from": [ 8.6349, 0.254, 3.8095 ],
			"to": [ 8.761885, 0.3809841, 3.936484 ],
			"faces": {
				"down": { "uv": [ 13, 13.5, 13.125, 13.625 ], "texture": "#voxels_atlas" },
				"up": { "uv": [ 13.125, 13.625, 13.25, 13.5 ], "texture": "#voxels_atlas" },
				"north": { "uv": [ 13.375, 13.5, 13.25, 13.625 ], "texture": "#voxels_atlas" },
				"south": { "uv": [ 13.375, 13.5, 13.5, 13.625 ], "texture": "#voxels_atlas" },
				"west": { "uv": [ 13.5, 13.5, 13.625, 13.625 ], "texture": "#voxels_atlas" },
				"east": { "uv": [ 13.75, 13.5, 13.625, 13.625 ], "texture": "#voxels_atlas" }
			}
		},
		{
			"__comment": "Voxels",
			"from": [ 8.6349, 0.381, 3.9365 ],
			"to": [ 9.015853, 0.5079841, 4.063484 ],
			"faces": {
				"down": { "uv": [ 14.125, 13.625, 14.5, 13.75 ], "texture": "#voxels_atlas" },
				"up": { "uv": [ 14.5, 13.75, 14.875, 13.625 ], "texture": "#voxels_atlas" },
				"north": { "uv": [ 15.25, 13.625, 14.875, 13.75 ], "texture": "#voxels_atlas" },
				"south": { "uv": [ 15.25, 13.625, 15.625, 13.75 ], "texture": "#voxels_atlas" },
				"west": { "uv": [ 14.25, 13.5, 14.375, 13.625 ], "texture": "#voxels_atlas" },
				"east": { "uv": [ 14.5, 13.5, 14.375, 13.625 ], "texture": "#voxels_atlas" }
			}
		},
		{
			"__comment": "Voxels",
			"from": [ 8.6349, 0.381, 11.8095 ],
			"to": [ 9.904741, 0.5079841, 11.93648 ],
			"faces": {
				"down": { "uv": [ 7.75, 10, 9, 10.125 ], "texture": "#voxels_atlas" },
				"up": { "uv": [ 7.75, 10, 9, 9.875 ], "texture": "#voxels_atlas" },
				"north": { "uv": [ 9, 9.75, 7.75, 9.875 ], "texture": "#voxels_atlas" },
				"south": { "uv": [ 7.75, 9.625, 9, 9.75 ], "texture": "#voxels_atlas" },
				"west": { "uv": [ 15, 13.5, 15.125, 13.625 ], "texture": "#voxels_atlas" },
				"east": { "uv": [ 15.25, 13.5, 15.125, 13.625 ], "texture": "#voxels_atlas" }
			}
		},
		{
			"__comment": "Voxels",
			"from": [ 8.6349, 0.5079, 3.8095 ],
			"to": [ 8.761885, 0.6348841, 3.936484 ],
			"faces": {
				"down": { "uv": [ 15.25, 13.5, 15.375, 13.625 ], "texture": "#voxels_atlas" },
				"up": { "uv": [ 15.375, 13.625, 15.5, 13.5 ], "texture": "#voxels_atlas" },
				"north": { "uv": [ 15.625, 13.5, 15.5, 13.625 ], "texture": "#voxels_atlas" },
				"south": { "uv": [ 15.625, 13.5, 15.75, 13.625 ], "texture": "#voxels_atlas" },
				"west": { "uv": [ 15.75, 13.5, 15.875, 13.625 ], "texture": "#voxels_atlas" },
				"east": { "uv": [ 16, 13.5, 15.875, 13.625 ], "texture": "#voxels_atlas" }
			}
		},
		{
			"__comment": "Voxels",
			"from": [ 8.7619, 0.381, 4.0635 ],
			"to": [ 9.015868, 0.5079841, 4.190484 ],
			"faces": {
				"down": { "uv": [ 9.75, 9.75, 10, 9.875 ], "texture": "#voxels_atlas" },
				"up": { "uv": [ 7.5, 10.875, 7.75, 10.75 ], "texture": "#voxels_atlas" },
				"north": { "uv": [ 7.75, 10.625, 7.5, 10.75 ], "texture": "#voxels_atlas" },
				"south": { "uv": [ 7.5, 10.5, 7.75, 10.625 ], "texture": "#voxels_atlas" },
				"west": { "uv": [ 10.375, 12.875, 10.5, 13 ], "texture": "#voxels_atlas" },
				"east": { "uv": [ 10.5, 12.75, 10.375, 12.875 ], "texture": "#voxels_atlas" }
			}
		},
		{
			"__comment": "Voxels",
			"from": [ 8.7619, 0.381, 10.2857 ],
			"to": [ 9.015868, 0.5079841, 10.53967 ],
			"faces": {
				"down": { "uv": [ 0.625, 9.5, 0.875, 9.75 ], "texture": "#voxels_atlas" },
				"up": { "uv": [ 0.625, 9.5, 0.875, 9.25 ], "texture": "#voxels_atlas" },
				"north": { "uv": [ 9.375, 12.75, 9.125, 12.875 ], "texture": "#voxels_atlas" },
				"south": { "uv": [ 9.125, 12.625, 9.375, 12.75 ], "texture": "#voxels_atlas" },
				"west": { "uv": [ 9.125, 12.5, 9.375, 12.625 ], "texture": "#voxels_atlas" },
				"east": { "uv": [ 9.375, 12.375, 9.125, 12.5 ], "texture": "#voxels_atlas" }
			}
		},
		{
			"__comment": "Voxels",
			"from": [ 8.7619, 0.381, 10.9206 ],
			"to": [ 9.523805, 0.5079841, 11.04758 ],
			"faces": {
				"down": { "uv": [ 15, 14, 15.75, 14.125 ], "texture": "#voxels_atlas" },
				"up": { "uv": [ 9.375, 14, 10.125, 13.875 ], "texture": "#voxels_atlas" },
				"north": { "uv": [ 10.875, 13.875, 10.125, 14 ], "texture": "#voxels_atlas" },
				"south": { "uv": [ 10.875, 13.875, 11.625, 14 ], "texture": "#voxels_atlas" },
				"west": { "uv": [ 10.375, 11.375, 10.5, 11.5 ], "texture": "#voxels_atlas" },
				"east": { "uv": [ 10.5, 11.25, 10.375, 11.375 ], "texture": "#voxels_atlas" }
			}
		},
		{
			"__comment": "Voxels",
			"from": [ 8.7619, 0.381, 11.9365 ],
			"to": [ 9.142853, 0.5079841, 12.06348 ],
			"faces": {
				"down": { "uv": [ 10, 12.375, 10.375, 12.5 ], "texture": "#voxels_atlas" },
				"up": { "uv": [ 10, 12.375, 10.375, 12.25 ], "texture": "#voxels_atlas" },
				"north": { "uv": [ 10.375, 12.125, 10, 12.25 ], "texture": "#voxels_atlas" },
				"south": { "uv": [ 10, 12, 10.375, 12.125 ], "texture": "#voxels_atlas" },
				"west": { "uv": [ 10.375, 10.625, 10.5, 10.75 ], "texture": "#voxels_atlas" },
				"east": { "uv": [ 10.5, 10.5, 10.375, 10.625 ], "texture": "#voxels_atlas" }
			}
		},
		{
			"__comment": "Voxels",
			"from": [ 8.8889, 0.381, 4.1905 ],
			"to": [ 9.015884, 0.5079841, 4.317484 ],
			"faces": {
				"down": { "uv": [ 10.375, 10.375, 10.5, 10.5 ], "texture": "#voxels_atlas" },
				"up": { "uv": [ 10.375, 10.375, 10.5, 10.25 ], "texture": "#voxels_atlas" },
				"north": { "uv": [ 10.5, 10.125, 10.375, 10.25 ], "texture": "#voxels_atlas" },
				"south": { "uv": [ 10.375, 10, 10.5, 10.125 ], "texture": "#voxels_atlas" },
				"west": { "uv": [ 10.375, 9.875, 10.5, 10 ], "texture": "#voxels_atlas" },
				"east": { "uv": [ 10.5, 9.75, 10.375, 9.875 ], "texture": "#voxels_atlas" }
			}
		},
		{
			"__comment": "Voxels",
			"from": [ 8.8889, 0.381, 10.5397 ],
			"to": [ 9.269853, 0.5079841, 10.92065 ],
			"faces": {
				"down": { "uv": [ 6.625, 8.375, 7, 8.75 ], "texture": "#voxels_atlas" },
				"up": { "uv": [ 6.625, 8.375, 7, 8 ], "texture": "#voxels_atlas" },
				"north": { "uv": [ 10.375, 11.625, 10, 11.75 ], "texture": "#voxels_atlas" },
				"south": { "uv": [ 10, 11.5, 10.375, 11.625 ], "texture": "#voxels_atlas" },
				"west": { "uv": [ 10, 11.375, 10.375, 11.5 ], "texture": "#voxels_atlas" },
				"east": { "uv": [ 10.375, 11.25, 10, 11.375 ], "texture": "#voxels_atlas" }
			}
		},
		{
			"__comment": "Voxels",
			"from": [ 8.8889, 0.381, 12.0635 ],
			"to": [ 9.142868, 0.5079841, 12.19048 ],
			"faces": {
				"down": { "uv": [ 9.75, 9.5, 10, 9.625 ], "texture": "#voxels_atlas" },
				"up": { "uv": [ 9.75, 9.5, 10, 9.375 ], "texture": "#voxels_atlas" },
				"north": { "uv": [ 10, 9.25, 9.75, 9.375 ], "texture": "#voxels_atlas" },
				"south": { "uv": [ 9.75, 9.125, 10, 9.25 ], "texture": "#voxels_atlas" },
				"west": { "uv": [ 10.375, 8.375, 10.5, 8.5 ], "texture": "#voxels_atlas" },
				"east": { "uv": [ 10.5, 8.25, 10.375, 8.375 ], "texture": "#voxels_atlas" }
			}
		},
		{
			"__comment": "Voxels",
			"from": [ 9.0159, 0.381, 10.4127 ],
			"to": [ 9.142884, 0.5079841, 10.53968 ],
			"faces": {
				"down": { "uv": [ 10.375, 8.125, 10.5, 8.25 ], "texture": "#voxels_atlas" },
				"up": { "uv": [ 10.375, 8.125, 10.5, 8 ], "texture": "#voxels_atlas" },
				"north": { "uv": [ 10.625, 13.375, 10.5, 13.5 ], "texture": "#voxels_atlas" },
				"south": { "uv": [ 10.625, 13.375, 10.75, 13.5 ], "texture": "#voxels_atlas" },
				"west": { "uv": [ 10.75, 13.375, 10.875, 13.5 ], "texture": "#voxels_atlas" },
				"east": { "uv": [ 11, 13.375, 10.875, 13.5 ], "texture": "#voxels_atlas" }
			}
		},
		{
			"__comment": "Voxels",
			"from": [ 9.0159, 0.381, 12.1905 ],
			"to": [ 9.269868, 0.5079841, 12.44447 ],
			"faces": {
				"down": { "uv": [ 0.625, 9, 0.875, 9.25 ], "texture": "#voxels_atlas" },
				"up": { "uv": [ 3.25, 8.25, 3.5, 8 ], "texture": "#voxels_atlas" },
				"north": { "uv": [ 10, 8.875, 9.75, 9 ], "texture": "#voxels_atlas" },
				"south": { "uv": [ 9.75, 8.75, 10, 8.875 ], "texture": "#voxels_atlas" },
				"west": { "uv": [ 9.75, 8.625, 10, 8.75 ], "texture": "#voxels_atlas" },
				"east": { "uv": [ 10, 8.5, 9.75, 8.625 ], "texture": "#voxels_atlas" }
			}
		},
		{
			"__comment": "Voxels",
			"from": [ 9.1429, 0.381, 12.4444 ],
			"to": [ 9.269884, 0.5079841, 12.57138 ],
			"faces": {
				"down": { "uv": [ 11.75, 13.375, 11.875, 13.5 ], "texture": "#voxels_atlas" },
				"up": { "uv": [ 11.875, 13.5, 12, 13.375 ], "texture": "#voxels_atlas" },
				"north": { "uv": [ 12.125, 13.375, 12, 13.5 ], "texture": "#voxels_atlas" },
				"south": { "uv": [ 12.125, 13.375, 12.25, 13.5 ], "texture": "#voxels_atlas" },
				"west": { "uv": [ 12.25, 13.375, 12.375, 13.5 ], "texture": "#voxels_atlas" },
				"east": { "uv": [ 12.5, 13.375, 12.375, 13.5 ], "texture": "#voxels_atlas" }
			}
		},
		{
			"__comment": "Voxels",
			"from": [ 9.2698, 0.381, 10.6667 ],
			"to": [ 9.396785, 0.5079841, 10.92067 ],
			"faces": {
				"down": { "uv": [ 1.875, 8.875, 2, 9.125 ], "texture": "#voxels_atlas" },
				"up": { "uv": [ 1.875, 8.875, 2, 8.625 ], "texture": "#voxels_atlas" },
				"north": { "uv": [ 12.875, 13.375, 12.75, 13.5 ], "texture": "#voxels_atlas" },
				"south": { "uv": [ 12.875, 13.375, 13, 13.5 ], "texture": "#voxels_atlas" },
				"west": { "uv": [ 9.75, 8.375, 10, 8.5 ], "texture": "#voxels_atlas" },
				"east": { "uv": [ 10, 8.25, 9.75, 8.375 ], "texture": "#voxels_atlas" }
			}
		},
		{
			"__comment": "Voxels",
			"from": [ 9.3968, 0.381, 11.9365 ],
			"to": [ 10.03172, 0.5079841, 12.06348 ],
			"faces": {
				"down": { "uv": [ 9.375, 12.25, 10, 12.375 ], "texture": "#voxels_atlas" },
				"up": { "uv": [ 9.375, 12.25, 10, 12.125 ], "texture": "#voxels_atlas" },
				"north": { "uv": [ 10, 12, 9.375, 12.125 ], "texture": "#voxels_atlas" },
				"south": { "uv": [ 9.375, 11.875, 10, 12 ], "texture": "#voxels_atlas" },
				"west": { "uv": [ 13.75, 13.375, 13.875, 13.5 ], "texture": "#voxels_atlas" },
				"east": { "uv": [ 14, 13.375, 13.875, 13.5 ], "texture": "#voxels_atlas" }
			}
		},
		{
			"__comment": "Voxels",
			"from": [ 9.6508, 0.381, 12.0635 ],
			"to": [ 10.03175, 0.5079841, 12.31747 ],
			"faces": {
				"down": { "uv": [ 7.125, 10.375, 7.5, 10.625 ], "texture": "#voxels_atlas" },
				"up": { "uv": [ 7.125, 11.625, 7.5, 11.375 ], "texture": "#voxels_atlas" },
				"north": { "uv": [ 10.375, 10.125, 10, 10.25 ], "texture": "#voxels_atlas" },
				"south": { "uv": [ 10, 10, 10.375, 10.125 ], "texture": "#voxels_atlas" },
				"west": { "uv": [ 10, 9.125, 10.25, 9.25 ], "texture": "#voxels_atlas" },
				"east": { "uv": [ 10.25, 9, 10, 9.125 ], "texture": "#voxels_atlas" }
			}
		},
		{
			"__comment": "Voxels",
			"from": [ 9.7778, 0.381, 12.3175 ],
			"to": [ 10.03177, 0.5079841, 12.57147 ],
			"faces": {
				"down": { "uv": [ 6.875, 15, 7.125, 15.25 ], "texture": "#voxels_atlas" },
				"up": { "uv": [ 6.875, 15, 7.125, 14.75 ], "texture": "#voxels_atlas" },
				"north": { "uv": [ 10.25, 8.75, 10, 8.875 ], "texture": "#voxels_atlas" },
				"south": { "uv": [ 10, 8.625, 10.25, 8.75 ], "texture": "#voxels_atlas" },
				"west": { "uv": [ 10, 8.5, 10.25, 8.625 ], "texture": "#voxels_atlas" },
				"east": { "uv": [ 10.25, 8.375, 10, 8.5 ], "texture": "#voxels_atlas" }
			}
		},
		{
			"__comment": "Voxels",
			"from": [ 9.904799, 0.381, 12.5714 ],
			"to": [ 10.03178, 0.5079841, 12.69838 ],
			"faces": {
				"down": { "uv": [ 15.5, 13.375, 15.625, 13.5 ], "texture": "#voxels_atlas" },
				"up": { "uv": [ 15.625, 13.5, 15.75, 13.375 ], "texture": "#voxels_atlas" },
				"north": { "uv": [ 15.875, 13.375, 15.75, 13.5 ], "texture": "#voxels_atlas" },
				"south": { "uv": [ 15.875, 13.375, 16, 13.5 ], "texture": "#voxels_atlas" },
				"west": { "uv": [ 10.5, 13.25, 10.625, 13.375 ], "texture": "#voxels_atlas" },
				"east": { "uv": [ 10.625, 13.125, 10.5, 13.25 ], "texture": "#voxels_atlas" }
			}
		}
	],
	"display": {
		"thirdperson_righthand": {
			"rotation":  [ 90, 0, 90 ],
			"translation":  [ -22.75, 15, 1.75 ],
			"scale":  [ 3, 3, 3 ]
		},
		"thirdperson_lefthand": {
			"rotation":  [ 90, 0, 90 ],
			"translation":  [ -22.75, 15, 1.5 ],
			"scale":  [ 3, 3, 3 ]
		},
		"firstperson_righthand": {
			"rotation":  [ 90, 0, 90 ],
			"translation":  [ -9, 8, 4 ]
		},
		"firstperson_lefthand": {
			"rotation":  [ 90, 0, 90 ],
			"translation":  [ -9, 8, 4 ]
		},
		"gui": {
			"rotation":  [ 90, -45, 0 ],
			"scale":  [ 1.25, 1.25, 1.25 ]
		},
		"head": {
			"translation":  [ 0, 15, 0 ]
		},
		"ground": {
			"translation":  [ 0, 8, 0 ],
			"scale":  [ 2, 2, 2 ]
		},
		"fixed": {
			"rotation":  [ 90, 0, 0 ],
			"translation":  [ 0, 0, 8 ]
		}
	}
}