{
	"__comment": "Designed by Dragon2212 with Cubik Studio - https://cubik.studio",
	"textures": {
		"voxels_atlas": "items/hardes"
	},
	"elements": [ 	 
		{
			"__comment": "Voxels",
			"from": [ 1.1667, 0.1667, 7.3333 ],
			"to": [ 1.500033, 0.3333667, 7.499966 ],
			"faces": {
				"down": { "uv": [ 7.375, 11.125, 7.625, 11.25 ], "texture": "#voxels_atlas" },
				"up": { "uv": [ 5.375, 8.5, 5.625, 8.375 ], "texture": "#voxels_atlas" },
				"north": { "uv": [ 5.625, 8.25, 5.375, 8.375 ], "texture": "#voxels_atlas" },
				"south": { "uv": [ 5.375, 8.125, 5.625, 8.25 ], "texture": "#voxels_atlas" },
				"west": { "uv": [ 7.625, 8.375, 7.75, 8.5 ], "texture": "#voxels_atlas" },
				"east": { "uv": [ 7.75, 8.75, 7.625, 8.875 ], "texture": "#voxels_atlas" }
			}
		},
		{
			"__comment": "Voxels",
			"from": [ 1.1667, 0.1667, 7.5 ],
			"to": [ 1.333367, 0.3333667, 7.666667 ],
			"faces": {
				"down": { "uv": [ 7.625, 8.875, 7.75, 9 ], "texture": "#voxels_atlas" },
				"up": { "uv": [ 7.625, 9.375, 7.75, 9.25 ], "texture": "#voxels_atlas" },
				"north": { "uv": [ 7.75, 9.375, 7.625, 9.5 ], "texture": "#voxels_atlas" },
				"south": { "uv": [ 7.625, 9.5, 7.75, 9.625 ], "texture": "#voxels_atlas" },
				"west": { "uv": [ 7.625, 9.625, 7.75, 9.75 ], "texture": "#voxels_atlas" },
				"east": { "uv": [ 7.75, 10, 7.625, 10.125 ], "texture": "#voxels_atlas" }
			}
		},
		{
			"__comment": "Voxels",
			"from": [ 1.3333, 0.1667, 6.5 ],
			"to": [ 1.8333, 0.3333667, 6.666667 ],
			"faces": {
				"down": { "uv": [ 4.375, 10, 4.75, 10.125 ], "texture": "#voxels_atlas" },
				"up": { "uv": [ 4.375, 10, 4.75, 9.875 ], "texture": "#voxels_atlas" },
				"north": { "uv": [ 4.75, 9.75, 4.375, 9.875 ], "texture": "#voxels_atlas" },
				"south": { "uv": [ 4.375, 9.625, 4.75, 9.75 ], "texture": "#voxels_atlas" },
				"west": { "uv": [ 7.625, 10.125, 7.75, 10.25 ], "texture": "#voxels_atlas" },
				"east": { "uv": [ 7.75, 10.25, 7.625, 10.375 ], "texture": "#voxels_atlas" }
			}
		},
		{
			"__comment": "Voxels",
			"from": [ 1.3333, 0.1667, 6.6667 ],
			"to": [ 1.666633, 0.3333667, 7.000033 ],
			"faces": {
				"down": { "uv": [ 7.375, 11.5, 7.625, 11.75 ], "texture": "#voxels_atlas" },
				"up": { "uv": [ 7.125, 11.75, 7.375, 11.5 ], "texture": "#voxels_atlas" },
				"north": { "uv": [ 6.75, 9.75, 6.5, 9.875 ], "texture": "#voxels_atlas" },
				"south": { "uv": [ 6.75, 9.75, 7, 9.875 ], "texture": "#voxels_atlas" },
				"west": { "uv": [ 7, 9.75, 7.25, 9.875 ], "texture": "#voxels_atlas" },
				"east": { "uv": [ 7.5, 9.75, 7.25, 9.875 ], "texture": "#voxels_atlas" }
			}
		},
		{
			"__comment": "Voxels",
			"from": [ 1.3333, 0.1667, 7 ],
			"to": [ 1.499967, 0.3333667, 7.333333 ],
			"faces": {
				"down": { "uv": [ 4.875, 8, 5, 8.25 ], "texture": "#voxels_atlas" },
				"up": { "uv": [ 5, 8.25, 5.125, 8 ], "texture": "#voxels_atlas" },
				"north": { "uv": [ 7.75, 10.375, 7.625, 10.5 ], "texture": "#voxels_atlas" },
				"south": { "uv": [ 7.625, 10.75, 7.75, 10.875 ], "texture": "#voxels_atlas" },
				"west": { "uv": [ 5.75, 8.625, 6, 8.75 ], "texture": "#voxels_atlas" },
				"east": { "uv": [ 6, 8.5, 5.75, 8.625 ], "texture": "#voxels_atlas" }
			}
		},
		{
			"__comment": "Voxels",
			"from": [ 1.5, 0, 5.8333 ],
			"to": [ 1.833333, 0.5, 6.166633 ],
			"faces": {
				"down": { "uv": [ 7.375, 11.875, 7.625, 12.125 ], "texture": "#voxels_atlas" },
				"up": { "uv": [ 7.375, 12.625, 7.625, 12.375 ], "texture": "#voxels_atlas" },
				"north": { "uv": [ 5.625, 11.875, 5.375, 12.25 ], "texture": "#voxels_atlas" },
				"south": { "uv": [ 3.125, 11.125, 3.375, 11.5 ], "texture": "#voxels_atlas" },
				"west": { "uv": [ 5.625, 11.875, 5.875, 12.25 ], "texture": "#voxels_atlas" },
				"east": { "uv": [ 6.125, 11.875, 5.875, 12.25 ], "texture": "#voxels_atlas" }
			}
		},
		{
			"__comment": "Voxels",
			"from": [ 1.5, 0, 6.1667 ],
			"to": [ 1.666667, 0.5, 6.333366 ],
			"faces": {
				"down": { "uv": [ 7.625, 10.875, 7.75, 11 ], "texture": "#voxels_atlas" },
				"up": { "uv": [ 7.625, 11.125, 7.75, 11 ], "texture": "#voxels_atlas" },
				"north": { "uv": [ 3.5, 8.5, 3.375, 8.875 ], "texture": "#voxels_atlas" },
				"south": { "uv": [ 3.375, 8.125, 3.5, 8.5 ], "texture": "#voxels_atlas" },
				"west": { "uv": [ 3.5, 8.75, 3.625, 9.125 ], "texture": "#voxels_atlas" },
				"east": { "uv": [ 3.625, 8.375, 3.5, 8.75 ], "texture": "#voxels_atlas" }
			}
		},
		{
			"__comment": "Voxels",
			"from": [ 1.5, 0.1667, 6.3333 ],
			"to": [ 1.833333, 0.3333667, 6.499966 ],
			"faces": {
				"down": { "uv": [ 6.5, 9.5, 6.75, 9.625 ], "texture": "#voxels_atlas" },
				"up": { "uv": [ 6.75, 9.625, 7, 9.5 ], "texture": "#voxels_atlas" },
				"north": { "uv": [ 7.25, 9.5, 7, 9.625 ], "texture": "#voxels_atlas" },
				"south": { "uv": [ 7.25, 9.5, 7.5, 9.625 ], "texture": "#voxels_atlas" },
				"west": { "uv": [ 7.625, 11.125, 7.75, 11.25 ], "texture": "#voxels_atlas" },
				"east": { "uv": [ 7.75, 11.5, 7.625, 11.625 ], "texture": "#voxels_atlas" }
			}
		},
		{
			"__comment": "Voxels",
			"from": [ 1.6667, 0, 5.3333 ],
			"to": [ 2.000033, 0.5, 5.8333 ],
			"faces": {
				"down": { "uv": [ 3.125, 14.125, 3.375, 14.5 ], "texture": "#voxels_atlas" },
				"up": { "uv": [ 4.375, 12.25, 4.625, 11.875 ], "texture": "#voxels_atlas" },
				"north": { "uv": [ 3.375, 13.75, 3.125, 14.125 ], "texture": "#voxels_atlas" },
				"south": { "uv": [ 3.125, 11.5, 3.375, 11.875 ], "texture": "#voxels_atlas" },
				"west": { "uv": [ 5, 12.75, 5.375, 13.125 ], "texture": "#voxels_atlas" },
				"east": { "uv": [ 4.625, 12.75, 4.25, 13.125 ], "texture": "#voxels_atlas" }
			}
		},
		{
			"__comment": "Voxels",
			"from": [ 1.6667, 0.1667, 6.1667 ],
			"to": [ 2.000033, 0.3333667, 6.333366 ],
			"faces": {
				"down": { "uv": [ 7, 9.375, 7.25, 9.5 ], "texture": "#voxels_atlas" },
				"up": { "uv": [ 7.25, 9.5, 7.5, 9.375 ], "texture": "#voxels_atlas" },
				"north": { "uv": [ 6.25, 9, 6, 9.125 ], "texture": "#voxels_atlas" },
				"south": { "uv": [ 6, 8.875, 6.25, 9 ], "texture": "#voxels_atlas" },
				"west": { "uv": [ 7.625, 11.625, 7.75, 11.75 ], "texture": "#voxels_atlas" },
				"east": { "uv": [ 7.75, 11.75, 7.625, 11.875 ], "texture": "#voxels_atlas" }
			}
		},
		{
			"__comment": "Voxels",
			"from": [ 1.8333, 0, 4.8333 ],
			"to": [ 2.499967, 0.5, 4.999967 ],
			"faces": {
				"down": { "uv": [ 0.75, 8, 1.25, 8.125 ], "texture": "#voxels_atlas" },
				"up": { "uv": [ 2.625, 11.125, 3.125, 11 ], "texture": "#voxels_atlas" },
				"north": { "uv": [ 1.25, 8.125, 0.75, 8.5 ], "texture": "#voxels_atlas" },
				"south": { "uv": [ 2.5, 8.5, 3, 8.875 ], "texture": "#voxels_atlas" },
				"west": { "uv": [ 3.5, 8, 3.625, 8.375 ], "texture": "#voxels_atlas" },
				"east": { "uv": [ 3.75, 8.5, 3.625, 8.875 ], "texture": "#voxels_atlas" }
			}
		},
		{
			"__comment": "Voxels",
			"from": [ 1.8333, 0, 5 ],
			"to": [ 2.3333, 0.5, 5.166667 ],
			"faces": {
				"down": { "uv": [ 4.375, 9, 4.75, 9.125 ], "texture": "#voxels_atlas" },
				"up": { "uv": [ 4.375, 9, 4.75, 8.875 ], "texture": "#voxels_atlas" },
				"north": { "uv": [ 5.75, 12.75, 5.375, 13.125 ], "texture": "#voxels_atlas" },
				"south": { "uv": [ 7.125, 13.625, 7.5, 14 ], "texture": "#voxels_atlas" },
				"west": { "uv": [ 3.625, 8.125, 3.75, 8.5 ], "texture": "#voxels_atlas" },
				"east": { "uv": [ 3.875, 8.5, 3.75, 8.875 ], "texture": "#voxels_atlas" }
			}
		},
		{
			"__comment": "Voxels",
			"from": [ 1.8333, 0, 5.1667 ],
			"to": [ 2.166633, 0.5, 5.333366 ],
			"faces": {
				"down": { "uv": [ 6, 8.75, 6.25, 8.875 ], "texture": "#voxels_atlas" },
				"up": { "uv": [ 6, 8.75, 6.25, 8.625 ], "texture": "#voxels_atlas" },
				"north": { "uv": [ 2.5, 8.125, 2.25, 8.5 ], "texture": "#voxels_atlas" },
				"south": { "uv": [ 7.25, 12.75, 7.5, 13.125 ], "texture": "#voxels_atlas" },
				"west": { "uv": [ 3.75, 8.125, 3.875, 8.5 ], "texture": "#voxels_atlas" },
				"east": { "uv": [ 7.625, 13.625, 7.5, 14 ], "texture": "#voxels_atlas" }
			}
		},
		{
			"__comment": "Voxels",
			"from": [ 1.8333, 0.1667, 5.8333 ],
			"to": [ 2.166633, 0.3333667, 5.999966 ],
			"faces": {
				"down": { "uv": [ 6, 8.25, 6.25, 8.375 ], "texture": "#voxels_atlas" },
				"up": { "uv": [ 6, 8.25, 6.25, 8.125 ], "texture": "#voxels_atlas" },
				"north": { "uv": [ 6.25, 8, 6, 8.125 ], "texture": "#voxels_atlas" },
				"south": { "uv": [ 6.25, 9.25, 6.5, 9.375 ], "texture": "#voxels_atlas" },
				"west": { "uv": [ 7.625, 11.875, 7.75, 12 ], "texture": "#voxels_atlas" },
				"east": { "uv": [ 7.75, 12.5, 7.625, 12.625 ], "texture": "#voxels_atlas" }
			}
		},
		{
			"__comment": "Voxels",
			"from": [ 1.8333, 0.1667, 6 ],
			"to": [ 1.999967, 0.3333667, 6.166667 ],
			"faces": {
				"down": { "uv": [ 7.625, 12.625, 7.75, 12.75 ], "texture": "#voxels_atlas" },
				"up": { "uv": [ 7.625, 13.125, 7.75, 13 ], "texture": "#voxels_atlas" },
				"north": { "uv": [ 7.75, 13.125, 7.625, 13.25 ], "texture": "#voxels_atlas" },
				"south": { "uv": [ 7, 8.375, 7.125, 8.5 ], "texture": "#voxels_atlas" },
				"west": { "uv": [ 7.625, 13.75, 7.75, 13.875 ], "texture": "#voxels_atlas" },
				"east": { "uv": [ 7.75, 13.875, 7.625, 14 ], "texture": "#voxels_atlas" }
			}
		},
		{
			"__comment": "Voxels",
			"from": [ 2, 0, 4.6667 ],
			"to": [ 2.666667, 0.5, 4.833366 ],
			"faces": {
				"down": { "uv": [ 5.875, 11.125, 6.375, 11.25 ], "texture": "#voxels_atlas" },
				"up": { "uv": [ 3.875, 8.25, 4.375, 8.125 ], "texture": "#voxels_atlas" },
				"north": { "uv": [ 2.25, 8.125, 1.75, 8.5 ], "texture": "#voxels_atlas" },
				"south": { "uv": [ 1.25, 8.125, 1.75, 8.5 ], "texture": "#voxels_atlas" },
				"west": { "uv": [ 4.625, 8, 4.75, 8.375 ], "texture": "#voxels_atlas" },
				"east": { "uv": [ 4.875, 8, 4.75, 8.375 ], "texture": "#voxels_atlas" }
			}
		},
		{
			"__comment": "Voxels",
			"from": [ 2, 0.1667, 5.3333 ],
			"to": [ 2.5, 0.3333667, 5.499966 ],
			"faces": {
				"down": { "uv": [ 4.875, 10.625, 5.25, 10.75 ], "texture": "#voxels_atlas" },
				"up": { "uv": [ 5.25, 10.75, 5.625, 10.625 ], "texture": "#voxels_atlas" },
				"north": { "uv": [ 6, 10.625, 5.625, 10.75 ], "texture": "#voxels_atlas" },
				"south": { "uv": [ 6, 10.625, 6.375, 10.75 ], "texture": "#voxels_atlas" },
				"west": { "uv": [ 7.625, 14, 7.75, 14.125 ], "texture": "#voxels_atlas" },
				"east": { "uv": [ 7.75, 14.75, 7.625, 14.875 ], "texture": "#voxels_atlas" }
			}
		},
		{
			"__comment": "Voxels",
			"from": [ 2, 0.1667, 5.5 ],
			"to": [ 2.333333, 0.3333667, 5.833333 ],
			"faces": {
				"down": { "uv": [ 3.875, 8.875, 4.125, 9.125 ], "texture": "#voxels_atlas" },
				"up": { "uv": [ 4.125, 9.125, 4.375, 8.875 ], "texture": "#voxels_atlas" },
				"north": { "uv": [ 7.25, 9.25, 7, 9.375 ], "texture": "#voxels_atlas" },
				"south": { "uv": [ 7.25, 9.25, 7.5, 9.375 ], "texture": "#voxels_atlas" },
				"west": { "uv": [ 6.25, 9.125, 6.5, 9.25 ], "texture": "#voxels_atlas" },
				"east": { "uv": [ 6.75, 9.125, 6.5, 9.25 ], "texture": "#voxels_atlas" }
			}
		},
		{
			"__comment": "Voxels",
			"from": [ 2.1667, 0, 4.5 ],
			"to": [ 2.833367, 0.5, 4.666667 ],
			"faces": {
				"down": { "uv": [ 3.875, 8.625, 4.375, 8.75 ], "texture": "#voxels_atlas" },
				"up": { "uv": [ 3.875, 8.875, 4.375, 8.75 ], "texture": "#voxels_atlas" },
				"north": { "uv": [ 3.125, 11.125, 2.625, 11.5 ], "texture": "#voxels_atlas" },
				"south": { "uv": [ 2.625, 11.5, 3.125, 11.875 ], "texture": "#voxels_atlas" },
				"west": { "uv": [ 4.875, 10.125, 5, 10.5 ], "texture": "#voxels_atlas" },
				"east": { "uv": [ 5, 9.75, 4.875, 10.125 ], "texture": "#voxels_atlas" }
			}
		},
		{
			"__comment": "Voxels",
			"from": [ 2.1667, 0.1667, 5.1667 ],
			"to": [ 2.6667, 0.3333667, 5.333366 ],
			"faces": {
				"down": { "uv": [ 6, 10.5, 6.375, 10.625 ], "texture": "#voxels_atlas" },
				"up": { "uv": [ 6.375, 10.625, 6.75, 10.5 ], "texture": "#voxels_atlas" },
				"north": { "uv": [ 7.5, 10.5, 7.125, 10.625 ], "texture": "#voxels_atlas" },
				"south": { "uv": [ 5.875, 10.125, 6.25, 10.25 ], "texture": "#voxels_atlas" },
				"west": { "uv": [ 7.625, 14.875, 7.75, 15 ], "texture": "#voxels_atlas" },
				"east": { "uv": [ 7.625, 8, 7.5, 8.125 ], "texture": "#voxels_atlas" }
			}
		},
		{
			"__comment": "Voxels",
			"from": [ 2.3333, 0, 4.1667 ],
			"to": [ 2.999967, 0.5, 4.333366 ],
			"faces": {
				"down": { "uv": [ 3.875, 10.375, 4.375, 10.5 ], "texture": "#voxels_atlas" },
				"up": { "uv": [ 3.875, 11.125, 4.375, 11 ], "texture": "#voxels_atlas" },
				"north": { "uv": [ 4.875, 13.625, 4.375, 14 ], "texture": "#voxels_atlas" },
				"south": { "uv": [ 2, 11.125, 2.5, 11.5 ], "texture": "#voxels_atlas" },
				"west": { "uv": [ 5.125, 9.75, 5.25, 10.125 ], "texture": "#voxels_atlas" },
				"east": { "uv": [ 5.25, 9.375, 5.125, 9.75 ], "texture": "#voxels_atlas" }
			}
		},
		{
			"__comment": "Voxels",
			"from": [ 2.3333, 0, 4.3333 ],
			"to": [ 2.8333, 0.5, 4.499967 ],
			"faces": {
				"down": { "uv": [ 6.25, 10.125, 6.625, 10.25 ], "texture": "#voxels_atlas" },
				"up": { "uv": [ 6.625, 10.25, 7, 10.125 ], "texture": "#voxels_atlas" },
				"north": { "uv": [ 3.375, 8.125, 3, 8.5 ], "texture": "#voxels_atlas" },
				"south": { "uv": [ 3.875, 12.75, 4.25, 13.125 ], "texture": "#voxels_atlas" },
				"west": { "uv": [ 5.125, 9, 5.25, 9.375 ], "texture": "#voxels_atlas" },
				"east": { "uv": [ 5.375, 9.625, 5.25, 10 ], "texture": "#voxels_atlas" }
			}
		},
		{
			"__comment": "Voxels",
			"from": [ 2.3333, 0.1667, 5 ],
			"to": [ 2.8333, 0.3333667, 5.166667 ],
			"faces": {
				"down": { "uv": [ 6.375, 10, 6.75, 10.125 ], "texture": "#voxels_atlas" },
				"up": { "uv": [ 6.75, 10.125, 7.125, 10 ], "texture": "#voxels_atlas" },
				"north": { "uv": [ 7.5, 10, 7.125, 10.125 ], "texture": "#voxels_atlas" },
				"south": { "uv": [ 5.375, 9.875, 5.75, 10 ], "texture": "#voxels_atlas" },
				"west": { "uv": [ 7.375, 8, 7.5, 8.125 ], "texture": "#voxels_atlas" },
				"east": { "uv": [ 7.625, 8.25, 7.5, 8.375 ], "texture": "#voxels_atlas" }
			}
		},
		{
			"__comment": "Voxels",
			"from": [ 2.5, 0, 4 ],
			"to": [ 3.166667, 0.5, 4.166667 ],
			"faces": {
				"down": { "uv": [ 5.75, 12.75, 6.25, 12.875 ], "texture": "#voxels_atlas" },
				"up": { "uv": [ 7.125, 13.25, 7.625, 13.125 ], "texture": "#voxels_atlas" },
				"north": { "uv": [ 4.375, 13.625, 3.875, 14 ], "texture": "#voxels_atlas" },
				"south": { "uv": [ 2.5, 8.125, 3, 8.5 ], "texture": "#voxels_atlas" },
				"west": { "uv": [ 5.25, 8.5, 5.375, 8.875 ], "texture": "#voxels_atlas" },
				"east": { "uv": [ 5.375, 8.125, 5.25, 8.5 ], "texture": "#voxels_atlas" }
			}
		},
		{
			"__comment": "Voxels",
			"from": [ 2.5, 0.1667, 3.8333 ],
			"to": [ 4, 0.3333667, 3.999967 ],
			"faces": {
				"down": { "uv": [ 5, 13.125, 6.125, 13.25 ], "texture": "#voxels_atlas" },
				"up": { "uv": [ 3.875, 13.5, 5, 13.375 ], "texture": "#voxels_atlas" },
				"north": { "uv": [ 5, 13.125, 3.875, 13.25 ], "texture": "#voxels_atlas" },
				"south": { "uv": [ 5, 13.25, 6.125, 13.375 ], "texture": "#voxels_atlas" },
				"west": { "uv": [ 7.375, 8.25, 7.5, 8.375 ], "texture": "#voxels_atlas" },
				"east": { "uv": [ 7.375, 8.25, 7.25, 8.375 ], "texture": "#voxels_atlas" }
			}
		},
		{
			"__comment": "Voxels",
			"from": [ 2.5, 0.1667, 4.8333 ],
			"to": [ 2.833333, 0.3333667, 4.999967 ],
			"faces": {
				"down": { "uv": [ 6.25, 8.875, 6.5, 9 ], "texture": "#voxels_atlas" },
				"up": { "uv": [ 6.25, 8.875, 6.5, 8.75 ], "texture": "#voxels_atlas" },
				"north": { "uv": [ 6.5, 8.625, 6.25, 8.75 ], "texture": "#voxels_atlas" },
				"south": { "uv": [ 6.25, 8.5, 6.5, 8.625 ], "texture": "#voxels_atlas" },
				"west": { "uv": [ 7.125, 8, 7.25, 8.125 ], "texture": "#voxels_atlas" },
				"east": { "uv": [ 7.625, 8.375, 7.5, 8.5 ], "texture": "#voxels_atlas" }
			}
		},
		{
			"__comment": "Voxels",
			"from": [ 2.6667, 0, 3.6667 ],
			"to": [ 3.500033, 0.5, 3.833367 ],
			"faces": {
				"down": { "uv": [ 5.25, 11.5, 5.875, 11.625 ], "texture": "#voxels_atlas" },
				"up": { "uv": [ 4.625, 11.75, 5.25, 11.625 ], "texture": "#voxels_atlas" },
				"north": { "uv": [ 2.625, 11.5, 2, 11.875 ], "texture": "#voxels_atlas" },
				"south": { "uv": [ 2.75, 11.875, 3.375, 12.25 ], "texture": "#voxels_atlas" },
				"west": { "uv": [ 0.25, 8.75, 0.375, 9.125 ], "texture": "#voxels_atlas" },
				"east": { "uv": [ 0.375, 8.375, 0.25, 8.75 ], "texture": "#voxels_atlas" }
			}
		},
		{
			"__comment": "Voxels",
			"from": [ 2.6667, 0, 3.8333 ],
			"to": [ 3.333367, 0.1666667, 3.999967 ],
			"faces": {
				"down": { "uv": [ 5.375, 11, 5.875, 11.125 ], "texture": "#voxels_atlas" },
				"up": { "uv": [ 3.875, 8.375, 4.375, 8.25 ], "texture": "#voxels_atlas" },
				"north": { "uv": [ 4.375, 8.375, 3.875, 8.5 ], "texture": "#voxels_atlas" },
				"south": { "uv": [ 3.875, 8.5, 4.375, 8.625 ], "texture": "#voxels_atlas" },
				"west": { "uv": [ 7.375, 8.375, 7.5, 8.5 ], "texture": "#voxels_atlas" },
				"east": { "uv": [ 7.375, 8.375, 7.25, 8.5 ], "texture": "#voxels_atlas" }
			}
		},
		{
			"__comment": "Voxels",
			"from": [ 2.6667, 0.1667, 4.6667 ],
			"to": [ 3.000033, 0.3333667, 4.833366 ],
			"faces": {
				"down": { "uv": [ 3.125, 11, 3.375, 11.125 ], "texture": "#voxels_atlas" },
				"up": { "uv": [ 3.125, 10.75, 3.375, 10.625 ], "texture": "#voxels_atlas" },
				"north": { "uv": [ 3.375, 10.5, 3.125, 10.625 ], "texture": "#voxels_atlas" },
				"south": { "uv": [ 3.125, 10.375, 3.375, 10.5 ], "texture": "#voxels_atlas" },
				"west": { "uv": [ 7.125, 8.375, 7.25, 8.5 ], "texture": "#voxels_atlas" },
				"east": { "uv": [ 7.125, 8.25, 7, 8.375 ], "texture": "#voxels_atlas" }
			}
		},
		{
			"__comment": "Voxels",
			"from": [ 2.6667, 0.3333, 3.8333 ],
			"to": [ 3.333367, 0.4999667, 3.999967 ],
			"faces": {
				"down": { "uv": [ 2.5, 8, 3, 8.125 ], "texture": "#voxels_atlas" },
				"up": { "uv": [ 3.875, 11.25, 4.375, 11.125 ], "texture": "#voxels_atlas" },
				"north": { "uv": [ 7.25, 11.25, 6.75, 11.375 ], "texture": "#voxels_atlas" },
				"south": { "uv": [ 6.25, 11.25, 6.75, 11.375 ], "texture": "#voxels_atlas" },
				"west": { "uv": [ 7, 8.5, 7.125, 8.625 ], "texture": "#voxels_atlas" },
				"east": { "uv": [ 7, 8, 6.875, 8.125 ], "texture": "#voxels_atlas" }
			}
		},
		{
			"__comment": "Voxels",
			"from": [ 2.8333, 0, 3.5 ],
			"to": [ 3.499967, 0.5, 3.666667 ],
			"faces": {
				"down": { "uv": [ 6.875, 10.75, 7.375, 10.875 ], "texture": "#voxels_atlas" },
				"up": { "uv": [ 4.375, 11, 4.875, 10.875 ], "texture": "#voxels_atlas" },
				"north": { "uv": [ 5.875, 13.625, 5.375, 14 ], "texture": "#voxels_atlas" },
				"south": { "uv": [ 4.875, 13.625, 5.375, 14 ], "texture": "#voxels_atlas" },
				"west": { "uv": [ 0.625, 8.75, 0.75, 9.125 ], "texture": "#voxels_atlas" },
				"east": { "uv": [ 0.75, 8.375, 0.625, 8.75 ], "texture": "#voxels_atlas" }
			}
		},
		{
			"__comment": "Voxels",
			"from": [ 2.8333, 0.1667, 3.3333 ],
			"to": [ 8.166634, 0.3333667, 3.499967 ],
			"faces": {
				"down": { "uv": [ 10, 15.875, 14, 16 ], "texture": "#voxels_atlas" },
				"up": { "uv": [ 10.25, 15.625, 14.25, 15.5 ], "texture": "#voxels_atlas" },
				"north": { "uv": [ 14.125, 15.75, 10.125, 15.875 ], "texture": "#voxels_atlas" },
				"south": { "uv": [ 10.25, 15.625, 14.25, 15.75 ], "texture": "#voxels_atlas" },
				"west": { "uv": [ 6.875, 8.125, 7, 8.25 ], "texture": "#voxels_atlas" },
				"east": { "uv": [ 7, 8.25, 6.875, 8.375 ], "texture": "#voxels_atlas" }
			}
		},
		{
			"__comment": "Voxels",
			"from": [ 2.8333, 0.1667, 4.3333 ],
			"to": [ 3.499967, 0.3333667, 4.499967 ],
			"faces": {
				"down": { "uv": [ 5.875, 11, 6.375, 11.125 ], "texture": "#voxels_atlas" },
				"up": { "uv": [ 3.875, 9.875, 4.375, 9.75 ], "texture": "#voxels_atlas" },
				"north": { "uv": [ 6.875, 10.75, 6.375, 10.875 ], "texture": "#voxels_atlas" },
				"south": { "uv": [ 3.875, 9.625, 4.375, 9.75 ], "texture": "#voxels_atlas" },
				"west": { "uv": [ 6.75, 8.25, 6.875, 8.375 ], "texture": "#voxels_atlas" },
				"east": { "uv": [ 6.875, 8.375, 6.75, 8.5 ], "texture": "#voxels_atlas" }
			}
		},
		{
			"__comment": "Voxels",
			"from": [ 2.8333, 0.1667, 4.5 ],
			"to": [ 3.3333, 0.3333667, 4.666667 ],
			"faces": {
				"down": { "uv": [ 15.625, 15.5, 16, 15.625 ], "texture": "#voxels_atlas" },
				"up": { "uv": [ 6.75, 10.625, 7.125, 10.5 ], "texture": "#voxels_atlas" },
				"north": { "uv": [ 7.625, 13.25, 7.25, 13.375 ], "texture": "#voxels_atlas" },
				"south": { "uv": [ 7.25, 11.25, 7.625, 11.375 ], "texture": "#voxels_atlas" },
				"west": { "uv": [ 7.5, 9.5, 7.625, 9.625 ], "texture": "#voxels_atlas" },
				"east": { "uv": [ 7.625, 9.625, 7.5, 9.75 ], "texture": "#voxels_atlas" }
			}
		},
		{
			"__comment": "Voxels",
			"from": [ 3, 0, 3.3333 ],
			"to": [ 3.666667, 0.1666667, 3.499967 ],
			"faces": {
				"down": { "uv": [ 4.375, 11.125, 4.875, 11.25 ], "texture": "#voxels_atlas" },
				"up": { "uv": [ 3.875, 9.625, 4.375, 9.5 ], "texture": "#voxels_atlas" },
				"north": { "uv": [ 4.375, 9.375, 3.875, 9.5 ], "texture": "#voxels_atlas" },
				"south": { "uv": [ 6.875, 11, 7.375, 11.125 ], "texture": "#voxels_atlas" },
				"west": { "uv": [ 5.25, 8, 5.375, 8.125 ], "texture": "#voxels_atlas" },
				"east": { "uv": [ 7.625, 10, 7.5, 10.125 ], "texture": "#voxels_atlas" }
			}
		},
		{
			"__comment": "Voxels",
			"from": [ 3, 0.1667, 3.1667 ],
			"to": [ 8, 0.3333667, 3.333367 ],
			"faces": {
				"down": { "uv": [ 10.375, 15.375, 14.125, 15.5 ], "texture": "#voxels_atlas" },
				"up": { "uv": [ 10.375, 15.375, 14.125, 15.25 ], "texture": "#voxels_atlas" },
				"north": { "uv": [ 7.625, 15.125, 3.875, 15.25 ], "texture": "#voxels_atlas" },
				"south": { "uv": [ 3.875, 15, 7.625, 15.125 ], "texture": "#voxels_atlas" },
				"west": { "uv": [ 7.5, 10.5, 7.625, 10.625 ], "texture": "#voxels_atlas" },
				"east": { "uv": [ 7.625, 10.625, 7.5, 10.75 ], "texture": "#voxels_atlas" }
			}
		},
		{
			"__comment": "Voxels",
			"from": [ 3, 0.1667, 4.1667 ],
			"to": [ 3.666667, 0.3333667, 4.333366 ],
			"faces": {
				"down": { "uv": [ 3.875, 10.875, 4.375, 11 ], "texture": "#voxels_atlas" },
				"up": { "uv": [ 3.875, 10.875, 4.375, 10.75 ], "texture": "#voxels_atlas" },
				"north": { "uv": [ 4.375, 10.625, 3.875, 10.75 ], "texture": "#voxels_atlas" },
				"south": { "uv": [ 3.875, 10.5, 4.375, 10.625 ], "texture": "#voxels_atlas" },
				"west": { "uv": [ 4.75, 10, 4.875, 10.125 ], "texture": "#voxels_atlas" },
				"east": { "uv": [ 4.875, 10.125, 4.75, 10.25 ], "texture": "#voxels_atlas" }
			}
		},
		{
			"__comment": "Voxels",
			"from": [ 3, 0.3333, 3.3333 ],
			"to": [ 3.666667, 0.4999667, 3.499967 ],
			"faces": {
				"down": { "uv": [ 3.875, 10.25, 4.375, 10.375 ], "texture": "#voxels_atlas" },
				"up": { "uv": [ 3.875, 10.25, 4.375, 10.125 ], "texture": "#voxels_atlas" },
				"north": { "uv": [ 4.375, 10, 3.875, 10.125 ], "texture": "#voxels_atlas" },
				"south": { "uv": [ 3.875, 9.875, 4.375, 10 ], "texture": "#voxels_atlas" },
				"west": { "uv": [ 4.75, 10.25, 4.875, 10.375 ], "texture": "#voxels_atlas" },
				"east": { "uv": [ 4.875, 10.375, 4.75, 10.5 ], "texture": "#voxels_atlas" }
			}
		},
		{
			"__comment": "Voxels",
			"from": [ 3.1667, 0, 3 ],
			"to": [ 4.1667, 0.5, 3.166667 ],
			"faces": {
				"down": { "uv": [ 2.625, 9.625, 3.375, 9.75 ], "texture": "#voxels_atlas" },
				"up": { "uv": [ 2.625, 9.625, 3.375, 9.5 ], "texture": "#voxels_atlas" },
				"north": { "uv": [ 2, 11.5, 1.25, 11.875 ], "texture": "#voxels_atlas" },
				"south": { "uv": [ 1.25, 11.875, 2, 12.25 ], "texture": "#voxels_atlas" },
				"west": { "uv": [ 4.375, 8, 4.5, 8.375 ], "texture": "#voxels_atlas" },
				"east": { "uv": [ 4.625, 8, 4.5, 8.375 ], "texture": "#voxels_atlas" }
			}
		},
		{
			"__comment": "Voxels",
			"from": [ 3.1667, 0, 3.1667 ],
			"to": [ 4.000033, 0.1666667, 3.333367 ],
			"faces": {
				"down": { "uv": [ 6.5, 11.625, 7.125, 11.75 ], "texture": "#voxels_atlas" },
				"up": { "uv": [ 6.5, 11.625, 7.125, 11.5 ], "texture": "#voxels_atlas" },
				"north": { "uv": [ 4.5, 11.375, 3.875, 11.5 ], "texture": "#voxels_atlas" },
				"south": { "uv": [ 4.5, 11.375, 5.125, 11.5 ], "texture": "#voxels_atlas" },
				"west": { "uv": [ 3.25, 10.75, 3.375, 10.875 ], "texture": "#voxels_atlas" },
				"east": { "uv": [ 3.375, 10.875, 3.25, 11 ], "texture": "#voxels_atlas" }
			}
		},
		{
			"__comment": "Voxels",
			"from": [ 3.1667, 0.1667, 4 ],
			"to": [ 3.6667, 0.3333667, 4.166667 ],
			"faces": {
				"down": { "uv": [ 6.375, 10.625, 6.75, 10.75 ], "texture": "#voxels_atlas" },
				"up": { "uv": [ 6.75, 10.75, 7.125, 10.625 ], "texture": "#voxels_atlas" },
				"north": { "uv": [ 7.5, 10.625, 7.125, 10.75 ], "texture": "#voxels_atlas" },
				"south": { "uv": [ 4.875, 10.5, 5.25, 10.625 ], "texture": "#voxels_atlas" },
				"west": { "uv": [ 0.625, 8.25, 0.75, 8.375 ], "texture": "#voxels_atlas" },
				"east": { "uv": [ 0.375, 8.25, 0.25, 8.375 ], "texture": "#voxels_atlas" }
			}
		},
		{
			"__comment": "Voxels",
			"from": [ 3.1667, 0.3333, 3.1667 ],
			"to": [ 4.000033, 0.4999667, 3.333367 ],
			"faces": {
				"down": { "uv": [ 5.75, 11.375, 6.375, 11.5 ], "texture": "#voxels_atlas" },
				"up": { "uv": [ 6.375, 11.5, 7, 11.375 ], "texture": "#voxels_atlas" },
				"north": { "uv": [ 2.625, 11, 2, 11.125 ], "texture": "#voxels_atlas" },
				"south": { "uv": [ 7, 11.375, 7.625, 11.5 ], "texture": "#voxels_atlas" },
				"west": { "uv": [ 7.75, 10.75, 7.875, 10.875 ], "texture": "#voxels_atlas" },
				"east": { "uv": [ 7.875, 10.875, 7.75, 11 ], "texture": "#voxels_atlas" }
			}
		},
		{
			"__comment": "Voxels",
			"from": [ 3.3333, 0, 2.8333 ],
			"to": [ 4.3333, 0.5, 2.999967 ],
			"faces": {
				"down": { "uv": [ 6.75, 14, 7.5, 14.125 ], "texture": "#voxels_atlas" },
				"up": { "uv": [ 6.875, 12.75, 7.625, 12.625 ], "texture": "#voxels_atlas" },
				"north": { "uv": [ 2, 11.125, 1.25, 11.5 ], "texture": "#voxels_atlas" },
				"south": { "uv": [ 2.5, 13, 3.25, 13.375 ], "texture": "#voxels_atlas" },
				"west": { "uv": [ 5.125, 8.625, 5.25, 9 ], "texture": "#voxels_atlas" },
				"east": { "uv": [ 5.25, 8.25, 5.125, 8.625 ], "texture": "#voxels_atlas" }
			}
		},
		{
			"__comment": "Voxels",
			"from": [ 3.5, 0, 2.6667 ],
			"to": [ 4.5, 0.5, 2.833367 ],
			"faces": {
				"down": { "uv": [ 6.875, 12.25, 7.625, 12.375 ], "texture": "#voxels_atlas" },
				"up": { "uv": [ 4.625, 12.25, 5.375, 12.125 ], "texture": "#voxels_atlas" },
				"north": { "uv": [ 2.5, 13.375, 1.75, 13.75 ], "texture": "#voxels_atlas" },
				"south": { "uv": [ 2, 11.875, 2.75, 12.25 ], "texture": "#voxels_atlas" },
				"west": { "uv": [ 5.25, 9.25, 5.375, 9.625 ], "texture": "#voxels_atlas" },
				"east": { "uv": [ 5.375, 8.875, 5.25, 9.25 ], "texture": "#voxels_atlas" }
			}
		},
		{
			"__comment": "Voxels",
			"from": [ 3.5, 0.1667, 3.5 ],
			"to": [ 7.333333, 0.3333667, 3.666667 ],
			"faces": {
				"down": { "uv": [ 3.875, 14.75, 6.75, 14.875 ], "texture": "#voxels_atlas" },
				"up": { "uv": [ 3.875, 14.75, 6.75, 14.625 ], "texture": "#voxels_atlas" },
				"north": { "uv": [ 6.75, 14.375, 3.875, 14.5 ], "texture": "#voxels_atlas" },
				"south": { "uv": [ 3.875, 14.5, 6.75, 14.625 ], "texture": "#voxels_atlas" },
				"west": { "uv": [ 7.75, 11.25, 7.875, 11.375 ], "texture": "#voxels_atlas" },
				"east": { "uv": [ 7.875, 11.375, 7.75, 11.5 ], "texture": "#voxels_atlas" }
			}
		},
		{
			"__comment": "Voxels",
			"from": [ 3.5, 0.1667, 3.6667 ],
			"to": [ 5.333333, 0.3333667, 3.833367 ],
			"faces": {
				"down": { "uv": [ 14.125, 15.75, 15.5, 15.875 ], "texture": "#voxels_atlas" },
				"up": { "uv": [ 14.25, 15.75, 15.625, 15.625 ], "texture": "#voxels_atlas" },
				"north": { "uv": [ 15.375, 15.875, 14, 16 ], "texture": "#voxels_atlas" },
				"south": { "uv": [ 14.25, 15.5, 15.625, 15.625 ], "texture": "#voxels_atlas" },
				"west": { "uv": [ 7.75, 12.25, 7.875, 12.375 ], "texture": "#voxels_atlas" },
				"east": { "uv": [ 7.875, 12.375, 7.75, 12.5 ], "texture": "#voxels_atlas" }
			}
		},
		{
			"__comment": "Voxels",
			"from": [ 3.6667, 0, 2.5 ],
			"to": [ 7.000033, 0.5, 2.666667 ],
			"faces": {
				"down": { "uv": [ 0.75, 10.75, 3.25, 10.875 ], "texture": "#voxels_atlas" },
				"up": { "uv": [ 0.75, 11, 3.25, 10.875 ], "texture": "#voxels_atlas" },
				"north": { "uv": [ 3.25, 14.875, 0.75, 15.25 ], "texture": "#voxels_atlas" },
				"south": { "uv": [ 0.75, 14.5, 3.25, 14.875 ], "texture": "#voxels_atlas" },
				"west": { "uv": [ 3.25, 14.875, 3.375, 15.25 ], "texture": "#voxels_atlas" },
				"east": { "uv": [ 3.375, 14.5, 3.25, 14.875 ], "texture": "#voxels_atlas" }
			}
		},
		{
			"__comment": "Voxels",
			"from": [ 4, 0, 2.3333 ],
			"to": [ 7.5, 0.5, 2.499967 ],
			"faces": {
				"down": { "uv": [ 0.75, 12.875, 3.375, 13 ], "texture": "#voxels_atlas" },
				"up": { "uv": [ 0.75, 12.375, 3.375, 12.25 ], "texture": "#voxels_atlas" },
				"north": { "uv": [ 3.375, 15.25, 0.75, 15.625 ], "texture": "#voxels_atlas" },
				"south": { "uv": [ 0.75, 15.625, 3.375, 16 ], "texture": "#voxels_atlas" },
				"west": { "uv": [ 3.25, 13.375, 3.375, 13.75 ], "texture": "#voxels_atlas" },
				"east": { "uv": [ 3.375, 13, 3.25, 13.375 ], "texture": "#voxels_atlas" }
			}
		},
		{
			"__comment": "Voxels",
			"from": [ 4.1667, 0, 2.1667 ],
			"to": [ 7.333366, 0.5, 2.333367 ],
			"faces": {
				"down": { "uv": [ 0.75, 10.625, 3.125, 10.75 ], "texture": "#voxels_atlas" },
				"up": { "uv": [ 0.75, 10.625, 3.125, 10.5 ], "texture": "#voxels_atlas" },
				"north": { "uv": [ 3.125, 14.125, 0.75, 14.5 ], "texture": "#voxels_atlas" },
				"south": { "uv": [ 0.75, 13.75, 3.125, 14.125 ], "texture": "#voxels_atlas" },
				"west": { "uv": [ 2.5, 11.125, 2.625, 11.5 ], "texture": "#voxels_atlas" },
				"east": { "uv": [ 3.5, 8.875, 3.375, 9.25 ], "texture": "#voxels_atlas" }
			}
		},
		{
			"__comment": "Voxels",
			"from": [ 4.1667, 0.1667, 3 ],
			"to": [ 8.000033, 0.3333667, 3.166667 ],
			"faces": {
				"down": { "uv": [ 3.875, 14.125, 6.75, 14.25 ], "texture": "#voxels_atlas" },
				"up": { "uv": [ 3.875, 14.375, 6.75, 14.25 ], "texture": "#voxels_atlas" },
				"north": { "uv": [ 6.75, 14.875, 3.875, 15 ], "texture": "#voxels_atlas" },
				"south": { "uv": [ 3.875, 14, 6.75, 14.125 ], "texture": "#voxels_atlas" },
				"west": { "uv": [ 7.75, 12.75, 7.875, 12.875 ], "texture": "#voxels_atlas" },
				"east": { "uv": [ 7.875, 12.875, 7.75, 13 ], "texture": "#voxels_atlas" }
			}
		},
		{
			"__comment": "Voxels",
			"from": [ 4.3333, 0.1667, 2 ],
			"to": [ 6.8333, 0.3333667, 2.166667 ],
			"faces": {
				"down": { "uv": [ 0.75, 9.875, 2.625, 10 ], "texture": "#voxels_atlas" },
				"up": { "uv": [ 0.75, 9.625, 2.625, 9.5 ], "texture": "#voxels_atlas" },
				"north": { "uv": [ 2.625, 9.625, 0.75, 9.75 ], "texture": "#voxels_atlas" },
				"south": { "uv": [ 0.75, 9.75, 2.625, 9.875 ], "texture": "#voxels_atlas" },
				"west": { "uv": [ 7.75, 13.5, 7.875, 13.625 ], "texture": "#voxels_atlas" },
				"east": { "uv": [ 7.875, 13.625, 7.75, 13.75 ], "texture": "#voxels_atlas" }
			}
		},
		{
			"__comment": "Voxels",
			"from": [ 4.3333, 0.1667, 2.8333 ],
			"to": [ 7.8333, 0.3333667, 2.999967 ],
			"faces": {
				"down": { "uv": [ 0.75, 12.625, 3.375, 12.75 ], "texture": "#voxels_atlas" },
				"up": { "uv": [ 0.75, 12.625, 3.375, 12.5 ], "texture": "#voxels_atlas" },
				"north": { "uv": [ 3.375, 12.75, 0.75, 12.875 ], "texture": "#voxels_atlas" },
				"south": { "uv": [ 0.75, 12.375, 3.375, 12.5 ], "texture": "#voxels_atlas" },
				"west": { "uv": [ 7.75, 13.75, 7.875, 13.875 ], "texture": "#voxels_atlas" },
				"east": { "uv": [ 7.875, 13.875, 7.75, 14 ], "texture": "#voxels_atlas" }
			}
		},
		{
			"__comment": "Voxels",
			"from": [ 4.5, 0, 2 ],
			"to": [ 6.833333, 0.1666667, 2.166667 ],
			"faces": {
				"down": { "uv": [ 0.75, 8.75, 2.5, 8.875 ], "texture": "#voxels_atlas" },
				"up": { "uv": [ 0.75, 9.5, 2.5, 9.375 ], "texture": "#voxels_atlas" },
				"north": { "uv": [ 2.5, 8.5, 0.75, 8.625 ], "texture": "#voxels_atlas" },
				"south": { "uv": [ 0.75, 8.625, 2.5, 8.75 ], "texture": "#voxels_atlas" },
				"west": { "uv": [ 7.75, 14.5, 7.875, 14.625 ], "texture": "#voxels_atlas" },
				"east": { "uv": [ 7.875, 14.625, 7.75, 14.75 ], "texture": "#voxels_atlas" }
			}
		},
		{
			"__comment": "Voxels",
			"from": [ 4.5, 0.1667, 2.6667 ],
			"to": [ 7.666667, 0.3333667, 2.833367 ],
			"faces": {
				"down": { "uv": [ 0.75, 10.375, 3.125, 10.5 ], "texture": "#voxels_atlas" },
				"up": { "uv": [ 0.75, 10.375, 3.125, 10.25 ], "texture": "#voxels_atlas" },
				"north": { "uv": [ 3.125, 10.125, 0.75, 10.25 ], "texture": "#voxels_atlas" },
				"south": { "uv": [ 0.75, 10, 3.125, 10.125 ], "texture": "#voxels_atlas" },
				"west": { "uv": [ 7.625, 8, 7.75, 8.125 ], "texture": "#voxels_atlas" },
				"east": { "uv": [ 7.75, 8.125, 7.625, 8.25 ], "texture": "#voxels_atlas" }
			}
		},
		{
			"__comment": "Voxels",
			"from": [ 4.5, 0.3333, 2 ],
			"to": [ 6.833333, 0.4999667, 2.166667 ],
			"faces": {
				"down": { "uv": [ 0.75, 9.25, 2.5, 9.375 ], "texture": "#voxels_atlas" },
				"up": { "uv": [ 0.75, 9.25, 2.5, 9.125 ], "texture": "#voxels_atlas" },
				"north": { "uv": [ 2.5, 9, 0.75, 9.125 ], "texture": "#voxels_atlas" },
				"south": { "uv": [ 0.75, 8.875, 2.5, 9 ], "texture": "#voxels_atlas" },
				"west": { "uv": [ 7.625, 8.625, 7.75, 8.75 ], "texture": "#voxels_atlas" },
				"east": { "uv": [ 7.75, 13.25, 7.625, 13.375 ], "texture": "#voxels_atlas" }
			}
		},
		{
			"__comment": "Voxels",
			"from": [ 4.6667, 0, 1.8333 ],
			"to": [ 5.1667, 0.5, 1.999967 ],
			"faces": {
				"down": { "uv": [ 4.375, 9.25, 4.75, 9.375 ], "texture": "#voxels_atlas" },
				"up": { "uv": [ 4.375, 9.25, 4.75, 9.125 ], "texture": "#voxels_atlas" },
				"north": { "uv": [ 3.375, 8.5, 3, 8.875 ], "texture": "#voxels_atlas" },
				"south": { "uv": [ 4.625, 12.75, 5, 13.125 ], "texture": "#voxels_atlas" },
				"west": { "uv": [ 7.5, 12.75, 7.625, 13.125 ], "texture": "#voxels_atlas" },
				"east": { "uv": [ 4.5, 8.5, 4.375, 8.875 ], "texture": "#voxels_atlas" }
			}
		},
		{
			"__comment": "Voxels",
			"from": [ 4.6667, 0.1667, 3.8333 ],
			"to": [ 5.333366, 0.3333667, 3.999967 ],
			"faces": {
				"down": { "uv": [ 5.875, 10.75, 6.375, 10.875 ], "texture": "#voxels_atlas" },
				"up": { "uv": [ 6.375, 11.125, 6.875, 11 ], "texture": "#voxels_atlas" },
				"north": { "uv": [ 5.375, 11.125, 4.875, 11.25 ], "texture": "#voxels_atlas" },
				"south": { "uv": [ 3.875, 8, 4.375, 8.125 ], "texture": "#voxels_atlas" },
				"west": { "uv": [ 7.625, 13.375, 7.75, 13.5 ], "texture": "#voxels_atlas" },
				"east": { "uv": [ 7.75, 14.125, 7.625, 14.25 ], "texture": "#voxels_atlas" }
			}
		},
		{
			"__comment": "Voxels",
			"from": [ 4.8333, 0.1667, 4 ],
			"to": [ 5.3333, 0.3333667, 4.166667 ],
			"faces": {
				"down": { "uv": [ 7.25, 13.375, 7.625, 13.5 ], "texture": "#voxels_atlas" },
				"up": { "uv": [ 5.75, 10, 6.125, 9.875 ], "texture": "#voxels_atlas" },
				"north": { "uv": [ 7.25, 9.875, 6.875, 10 ], "texture": "#voxels_atlas" },
				"south": { "uv": [ 7.25, 9.875, 7.625, 10 ], "texture": "#voxels_atlas" },
				"west": { "uv": [ 7.5, 8.125, 7.625, 8.25 ], "texture": "#voxels_atlas" },
				"east": { "uv": [ 7.5, 8.125, 7.375, 8.25 ], "texture": "#voxels_atlas" }
			}
		},
		{
			"__comment": "Voxels",
			"from": [ 5, 0.1667, 4.1667 ],
			"to": [ 5.333333, 0.3333667, 4.6667 ],
			"faces": {
				"down": { "uv": [ 3.875, 11.875, 4.125, 12.25 ], "texture": "#voxels_atlas" },
				"up": { "uv": [ 4.125, 12.25, 4.375, 11.875 ], "texture": "#voxels_atlas" },
				"north": { "uv": [ 7.625, 12.125, 7.375, 12.25 ], "texture": "#voxels_atlas" },
				"south": { "uv": [ 7.375, 10.75, 7.625, 10.875 ], "texture": "#voxels_atlas" },
				"west": { "uv": [ 15.625, 15.625, 16, 15.75 ], "texture": "#voxels_atlas" },
				"east": { "uv": [ 3.375, 8, 3, 8.125 ], "texture": "#voxels_atlas" }
			}
		},
		{
			"__comment": "Voxels",
			"from": [ 5.1667, 0.1667, 1.8333 ],
			"to": [ 6.6667, 0.3333667, 1.999967 ],
			"faces": {
				"down": { "uv": [ 5, 13.375, 6.125, 13.5 ], "texture": "#voxels_atlas" },
				"up": { "uv": [ 6.125, 13.375, 7.25, 13.25 ], "texture": "#voxels_atlas" },
				"north": { "uv": [ 7.25, 13.375, 6.125, 13.5 ], "texture": "#voxels_atlas" },
				"south": { "uv": [ 3.875, 13.25, 5, 13.375 ], "texture": "#voxels_atlas" },
				"west": { "uv": [ 7.625, 8.5, 7.75, 8.625 ], "texture": "#voxels_atlas" },
				"east": { "uv": [ 7.75, 8.25, 7.625, 8.375 ], "texture": "#voxels_atlas" }
			}
		},
		{
			"__comment": "Voxels",
			"from": [ 5.1667, 0.1667, 4.6667 ],
			"to": [ 6.833366, 0.3333667, 4.833366 ],
			"faces": {
				"down": { "uv": [ 14.125, 15.25, 15.375, 15.375 ], "texture": "#voxels_atlas" },
				"up": { "uv": [ 14.125, 15.5, 15.375, 15.375 ], "texture": "#voxels_atlas" },
				"north": { "uv": [ 7.625, 13.5, 6.375, 13.625 ], "texture": "#voxels_atlas" },
				"south": { "uv": [ 5.875, 13.625, 7.125, 13.75 ], "texture": "#voxels_atlas" },
				"west": { "uv": [ 7.75, 14.375, 7.875, 14.5 ], "texture": "#voxels_atlas" },
				"east": { "uv": [ 7.875, 14.25, 7.75, 14.375 ], "texture": "#voxels_atlas" }
			}
		},
		{
			"__comment": "Voxels",
			"from": [ 5.3333, 0, 1.8333 ],
			"to": [ 6.666633, 0.1666667, 1.999967 ],
			"faces": {
				"down": { "uv": [ 4.375, 12.375, 5.375, 12.5 ], "texture": "#voxels_atlas" },
				"up": { "uv": [ 4.375, 12.625, 5.375, 12.5 ], "texture": "#voxels_atlas" },
				"north": { "uv": [ 6.875, 12.625, 5.875, 12.75 ], "texture": "#voxels_atlas" },
				"south": { "uv": [ 4.875, 12.625, 5.875, 12.75 ], "texture": "#voxels_atlas" },
				"west": { "uv": [ 7.75, 13.125, 7.875, 13.25 ], "texture": "#voxels_atlas" },
				"east": { "uv": [ 7.875, 13, 7.75, 13.125 ], "texture": "#voxels_atlas" }
			}
		},
		{
			"__comment": "Voxels",
			"from": [ 5.3333, 0, 2.6667 ],
			"to": [ 6.499967, 0.1666667, 2.833367 ],
			"faces": {
				"down": { "uv": [ 2.5, 8.875, 3.375, 9 ], "texture": "#voxels_atlas" },
				"up": { "uv": [ 6.75, 14.875, 7.625, 14.75 ], "texture": "#voxels_atlas" },
				"north": { "uv": [ 7.625, 14.875, 6.75, 15 ], "texture": "#voxels_atlas" },
				"south": { "uv": [ 6.75, 14.625, 7.625, 14.75 ], "texture": "#voxels_atlas" },
				"west": { "uv": [ 7.75, 11.875, 7.875, 12 ], "texture": "#voxels_atlas" },
				"east": { "uv": [ 7.875, 11.75, 7.75, 11.875 ], "texture": "#voxels_atlas" }
			}
		},
		{
			"__comment": "Voxels",
			"from": [ 5.3333, 0, 2.8333 ],
			"to": [ 6.166633, 0.1666667, 2.999967 ],
			"faces": {
				"down": { "uv": [ 5.25, 11.625, 5.875, 11.75 ], "texture": "#voxels_atlas" },
				"up": { "uv": [ 4.625, 11.625, 5.25, 11.5 ], "texture": "#voxels_atlas" },
				"north": { "uv": [ 5.125, 11.25, 4.5, 11.375 ], "texture": "#voxels_atlas" },
				"south": { "uv": [ 3.875, 11.25, 4.5, 11.375 ], "texture": "#voxels_atlas" },
				"west": { "uv": [ 7.75, 10.375, 7.875, 10.5 ], "texture": "#voxels_atlas" },
				"east": { "uv": [ 7.875, 10.25, 7.75, 10.375 ], "texture": "#voxels_atlas" }
			}
		},
		{
			"__comment": "Voxels",
			"from": [ 5.3333, 0.1667, 4.5 ],
			"to": [ 5.499966, 0.3333667, 4.666667 ],
			"faces": {
				"down": { "uv": [ 7.75, 10.125, 7.875, 10.25 ], "texture": "#voxels_atlas" },
				"up": { "uv": [ 7.75, 10.125, 7.875, 10 ], "texture": "#voxels_atlas" },
				"north": { "uv": [ 7.875, 9.625, 7.75, 9.75 ], "texture": "#voxels_atlas" },
				"south": { "uv": [ 7.75, 9.5, 7.875, 9.625 ], "texture": "#voxels_atlas" },
				"west": { "uv": [ 7.75, 8.875, 7.875, 9 ], "texture": "#voxels_atlas" },
				"east": { "uv": [ 7.875, 8.75, 7.75, 8.875 ], "texture": "#voxels_atlas" }
			}
		},
		{
			"__comment": "Voxels",
			"from": [ 5.3333, 0.1667, 4.8333 ],
			"to": [ 6.666633, 0.3333667, 4.999967 ],
			"faces": {
				"down": { "uv": [ 4.875, 12.25, 5.875, 12.375 ], "texture": "#voxels_atlas" },
				"up": { "uv": [ 6.125, 13.25, 7.125, 13.125 ], "texture": "#voxels_atlas" },
				"north": { "uv": [ 4.875, 12.25, 3.875, 12.375 ], "texture": "#voxels_atlas" },
				"south": { "uv": [ 6.25, 13, 7.25, 13.125 ], "texture": "#voxels_atlas" },
				"west": { "uv": [ 3.75, 8, 3.875, 8.125 ], "texture": "#voxels_atlas" },
				"east": { "uv": [ 7.625, 14, 7.5, 14.125 ], "texture": "#voxels_atlas" }
			}
		},
		{
			"__comment": "Voxels",
			"from": [ 5.3333, 0.1667, 5 ],
			"to": [ 6.499967, 0.3333667, 5.166667 ],
			"faces": {
				"down": { "uv": [ 2.5, 9.125, 3.375, 9.25 ], "texture": "#voxels_atlas" },
				"up": { "uv": [ 2.5, 9.125, 3.375, 9 ], "texture": "#voxels_atlas" },
				"north": { "uv": [ 7.625, 14.125, 6.75, 14.25 ], "texture": "#voxels_atlas" },
				"south": { "uv": [ 6.75, 14.25, 7.625, 14.375 ], "texture": "#voxels_atlas" },
				"west": { "uv": [ 4.75, 9.625, 4.875, 9.75 ], "texture": "#voxels_atlas" },
				"east": { "uv": [ 4.875, 9.5, 4.75, 9.625 ], "texture": "#voxels_atlas" }
			}
		},
		{
			"__comment": "Voxels",
			"from": [ 5.3333, 0.3333, 1.8333 ],
			"to": [ 6.666633, 0.4999667, 1.999967 ],
			"faces": {
				"down": { "uv": [ 3.875, 12.625, 4.875, 12.75 ], "texture": "#voxels_atlas" },
				"up": { "uv": [ 5.875, 12.375, 6.875, 12.25 ], "texture": "#voxels_atlas" },
				"north": { "uv": [ 7.25, 12.875, 6.25, 13 ], "texture": "#voxels_atlas" },
				"south": { "uv": [ 6.25, 12.75, 7.25, 12.875 ], "texture": "#voxels_atlas" },
				"west": { "uv": [ 5.625, 8.25, 5.75, 8.375 ], "texture": "#voxels_atlas" },
				"east": { "uv": [ 5.75, 8.125, 5.625, 8.25 ], "texture": "#voxels_atlas" }
			}
		},
		{
			"__comment": "Voxels",
			"from": [ 5.3333, 0.3333, 2.6667 ],
			"to": [ 6.499967, 0.4999667, 2.833367 ],
			"faces": {
				"down": { "uv": [ 2.5, 9.375, 3.375, 9.5 ], "texture": "#voxels_atlas" },
				"up": { "uv": [ 2.5, 9.375, 3.375, 9.25 ], "texture": "#voxels_atlas" },
				"north": { "uv": [ 7.625, 14.375, 6.75, 14.5 ], "texture": "#voxels_atlas" },
				"south": { "uv": [ 6.75, 14.5, 7.625, 14.625 ], "texture": "#voxels_atlas" },
				"west": { "uv": [ 6.75, 8.125, 6.875, 8.25 ], "texture": "#voxels_atlas" },
				"east": { "uv": [ 6.875, 8, 6.75, 8.125 ], "texture": "#voxels_atlas" }
			}
		},
		{
			"__comment": "Voxels",
			"from": [ 5.3333, 0.3333, 2.8333 ],
			"to": [ 6.166633, 0.4999667, 2.999967 ],
			"faces": {
				"down": { "uv": [ 15.375, 15.375, 16, 15.5 ], "texture": "#voxels_atlas" },
				"up": { "uv": [ 5.875, 11.75, 6.5, 11.625 ], "texture": "#voxels_atlas" },
				"north": { "uv": [ 5.75, 11.375, 5.125, 11.5 ], "texture": "#voxels_atlas" },
				"south": { "uv": [ 6.875, 11.75, 7.5, 11.875 ], "texture": "#voxels_atlas" },
				"west": { "uv": [ 7.375, 8.5, 7.5, 8.625 ], "texture": "#voxels_atlas" },
				"east": { "uv": [ 7.625, 8.5, 7.5, 8.625 ], "texture": "#voxels_atlas" }
			}
		},
		{
			"__comment": "Voxels",
			"from": [ 5.5, 0, 1.6667 ],
			"to": [ 6.5, 0.5, 1.833367 ],
			"faces": {
				"down": { "uv": [ 2.625, 9.75, 3.375, 9.875 ], "texture": "#voxels_atlas" },
				"up": { "uv": [ 2.625, 10, 3.375, 9.875 ], "texture": "#voxels_atlas" },
				"north": { "uv": [ 2.5, 13, 1.75, 13.375 ], "texture": "#voxels_atlas" },
				"south": { "uv": [ 2.5, 13.375, 3.25, 13.75 ], "texture": "#voxels_atlas" },
				"west": { "uv": [ 0.625, 9.125, 0.75, 9.5 ], "texture": "#voxels_atlas" },
				"east": { "uv": [ 0.375, 9.125, 0.25, 9.5 ], "texture": "#voxels_atlas" }
			}
		},
		{
			"__comment": "Voxels",
			"from": [ 5.5, 0, 3 ],
			"to": [ 6.166667, 0.1666667, 3.333333 ],
			"faces": {
				"down": { "uv": [ 3.875, 12.375, 4.375, 12.625 ], "texture": "#voxels_atlas" },
				"up": { "uv": [ 5.375, 12.625, 5.875, 12.375 ], "texture": "#voxels_atlas" },
				"north": { "uv": [ 2.25, 8, 1.75, 8.125 ], "texture": "#voxels_atlas" },
				"south": { "uv": [ 5.75, 11.25, 6.25, 11.375 ], "texture": "#voxels_atlas" },
				"west": { "uv": [ 7.375, 11, 7.625, 11.125 ], "texture": "#voxels_atlas" },
				"east": { "uv": [ 7.625, 10.875, 7.375, 11 ], "texture": "#voxels_atlas" }
			}
		},
		{
			"__comment": "Voxels",
			"from": [ 5.5, 0.1667, 5.1667 ],
			"to": [ 6.333333, 0.3333667, 5.333366 ],
			"faces": {
				"down": { "uv": [ 15.375, 15.25, 16, 15.375 ], "texture": "#voxels_atlas" },
				"up": { "uv": [ 15.375, 16, 16, 15.875 ], "texture": "#voxels_atlas" },
				"north": { "uv": [ 6.5, 11.5, 5.875, 11.625 ], "texture": "#voxels_atlas" },
				"south": { "uv": [ 5.125, 11.25, 5.75, 11.375 ], "texture": "#voxels_atlas" },
				"west": { "uv": [ 7.625, 14.625, 7.75, 14.75 ], "texture": "#voxels_atlas" },
				"east": { "uv": [ 7.75, 14.5, 7.625, 14.625 ], "texture": "#voxels_atlas" }
			}
		},
		{
			"__comment": "Voxels",
			"from": [ 5.5, 0.3333, 3 ],
			"to": [ 6.166667, 0.4999667, 3.333333 ],
			"faces": {
				"down": { "uv": [ 6.875, 12.375, 7.375, 12.625 ], "texture": "#voxels_atlas" },
				"up": { "uv": [ 5.75, 13.125, 6.25, 12.875 ], "texture": "#voxels_atlas" },
				"north": { "uv": [ 4.875, 11, 4.375, 11.125 ], "texture": "#voxels_atlas" },
				"south": { "uv": [ 4.875, 11, 5.375, 11.125 ], "texture": "#voxels_atlas" },
				"west": { "uv": [ 7.375, 10.375, 7.625, 10.5 ], "texture": "#voxels_atlas" },
				"east": { "uv": [ 7.625, 10.25, 7.375, 10.375 ], "texture": "#voxels_atlas" }
			}
		},
		{
			"__comment": "Voxels",
			"from": [ 5.6667, 0, 3.3333 ],
			"to": [ 6.1667, 0.1666667, 3.499967 ],
			"faces": {
				"down": { "uv": [ 4.375, 8.375, 4.75, 8.5 ], "texture": "#voxels_atlas" },
				"up": { "uv": [ 4.5, 8.625, 4.875, 8.5 ], "texture": "#voxels_atlas" },
				"north": { "uv": [ 4.875, 8.625, 4.5, 8.75 ], "texture": "#voxels_atlas" },
				"south": { "uv": [ 4.5, 8.75, 4.875, 8.875 ], "texture": "#voxels_atlas" },
				"west": { "uv": [ 7.625, 12.375, 7.75, 12.5 ], "texture": "#voxels_atlas" },
				"east": { "uv": [ 7.75, 12.25, 7.625, 12.375 ], "texture": "#voxels_atlas" }
			}
		},
		{
			"__comment": "Voxels",
			"from": [ 5.6667, 0.1667, 3.6667 ],
			"to": [ 6.333366, 0.3333667, 4.6667 ],
			"faces": {
				"down": { "uv": [ 0.75, 13, 1.25, 13.75 ], "texture": "#voxels_atlas" },
				"up": { "uv": [ 1.25, 13.75, 1.75, 13 ], "texture": "#voxels_atlas" },
				"north": { "uv": [ 1.75, 8, 1.25, 8.125 ], "texture": "#voxels_atlas" },
				"south": { "uv": [ 15.5, 15.75, 16, 15.875 ], "texture": "#voxels_atlas" },
				"west": { "uv": [ 1.25, 11, 2, 11.125 ], "texture": "#voxels_atlas" },
				"east": { "uv": [ 5.375, 12, 4.625, 12.125 ], "texture": "#voxels_atlas" }
			}
		},
		{
			"__comment": "Voxels",
			"from": [ 5.6667, 0.1667, 5.3333 ],
			"to": [ 6.1667, 0.3333667, 13.99997 ],
			"faces": {
				"down": { "uv": [ 0, 9.5, 0.375, 16 ], "texture": "#voxels_atlas" },
				"up": { "uv": [ 0.375, 16, 0.75, 9.5 ], "texture": "#voxels_atlas" },
				"north": { "uv": [ 4.75, 9.375, 4.375, 9.5 ], "texture": "#voxels_atlas" },
				"south": { "uv": [ 4.375, 9.5, 4.75, 9.625 ], "texture": "#voxels_atlas" },
				"west": { "uv": [ 3.875, 15.375, 10.375, 15.5 ], "texture": "#voxels_atlas" },
				"east": { "uv": [ 10.375, 15.25, 3.875, 15.375 ], "texture": "#voxels_atlas" }
			}
		},
		{
			"__comment": "Voxels",
			"from": [ 5.6667, 0.3333, 3.3333 ],
			"to": [ 6.1667, 0.4999667, 3.499967 ],
			"faces": {
				"down": { "uv": [ 4.375, 10.125, 4.75, 10.25 ], "texture": "#voxels_atlas" },
				"up": { "uv": [ 4.375, 10.375, 4.75, 10.25 ], "texture": "#voxels_atlas" },
				"north": { "uv": [ 4.75, 10.375, 4.375, 10.5 ], "texture": "#voxels_atlas" },
				"south": { "uv": [ 4.375, 10.5, 4.75, 10.625 ], "texture": "#voxels_atlas" },
				"west": { "uv": [ 7.625, 9.125, 7.75, 9.25 ], "texture": "#voxels_atlas" },
				"east": { "uv": [ 7.75, 9, 7.625, 9.125 ], "texture": "#voxels_atlas" }
			}
		},
		{
			"__comment": "Voxels",
			"from": [ 5.8333, 0, 3.5 ],
			"to": [ 6.166633, 0.1666667, 5.166667 ],
			"faces": {
				"down": { "uv": [ 1, 11, 1.25, 12.25 ], "texture": "#voxels_atlas" },
				"up": { "uv": [ 0.75, 12.25, 1, 11 ], "texture": "#voxels_atlas" },
				"north": { "uv": [ 7.625, 10.125, 7.375, 10.25 ], "texture": "#voxels_atlas" },
				"south": { "uv": [ 5.375, 8.5, 5.625, 8.625 ], "texture": "#voxels_atlas" },
				"west": { "uv": [ 5.875, 13.75, 7.125, 13.875 ], "texture": "#voxels_atlas" },
				"east": { "uv": [ 7.125, 13.875, 5.875, 14 ], "texture": "#voxels_atlas" }
			}
		},
		{
			"__comment": "Voxels",
			"from": [ 5.8333, 0, 5.1667 ],
			"to": [ 5.999966, 0.1666667, 14.00003 ],
			"faces": {
				"down": { "uv": [ 3.75, 8.875, 3.875, 15.5 ], "texture": "#voxels_atlas" },
				"up": { "uv": [ 3.625, 15.5, 3.75, 8.875 ], "texture": "#voxels_atlas" },
				"north": { "uv": [ 7.875, 15.125, 7.75, 15.25 ], "texture": "#voxels_atlas" },
				"south": { "uv": [ 7.75, 15, 7.875, 15.125 ], "texture": "#voxels_atlas" },
				"west": { "uv": [ 3.625, 15.5, 10.25, 15.625 ], "texture": "#voxels_atlas" },
				"east": { "uv": [ 10.25, 15.625, 3.625, 15.75 ], "texture": "#voxels_atlas" }
			}
		},
		{
			"__comment": "Voxels",
			"from": [ 5.8333, 0.1667, 14 ],
			"to": [ 6.499966, 0.3333667, 14.33333 ],
			"faces": {
				"down": { "uv": [ 5.875, 12.375, 6.375, 12.625 ], "texture": "#voxels_atlas" },
				"up": { "uv": [ 6.375, 12.625, 6.875, 12.375 ], "texture": "#voxels_atlas" },
				"north": { "uv": [ 4.375, 9.25, 3.875, 9.375 ], "texture": "#voxels_atlas" },
				"south": { "uv": [ 3.875, 9.125, 4.375, 9.25 ], "texture": "#voxels_atlas" },
				"west": { "uv": [ 5.75, 8.875, 6, 9 ], "texture": "#voxels_atlas" },
				"east": { "uv": [ 6, 8.75, 5.75, 8.875 ], "texture": "#voxels_atlas" }
			}
		},
		{
			"__comment": "Voxels",
			"from": [ 5.8333, 0.3333, 3.5 ],
			"to": [ 6.166633, 0.4999667, 5.166667 ],
			"faces": {
				"down": { "uv": [ 0, 8.25, 0.25, 9.5 ], "texture": "#voxels_atlas" },
				"up": { "uv": [ 0.375, 9.5, 0.625, 8.25 ], "texture": "#voxels_atlas" },
				"north": { "uv": [ 6, 8.375, 5.75, 8.5 ], "texture": "#voxels_atlas" },
				"south": { "uv": [ 5.75, 8.25, 6, 8.375 ], "texture": "#voxels_atlas" },
				"west": { "uv": [ 3.875, 13.5, 5.125, 13.625 ], "texture": "#voxels_atlas" },
				"east": { "uv": [ 6.375, 13.5, 5.125, 13.625 ], "texture": "#voxels_atlas" }
			}
		},
		{
			"__comment": "Voxels",
			"from": [ 5.8333, 0.3333, 5.1667 ],
			"to": [ 5.999966, 0.4999667, 14.00003 ],
			"faces": {
				"down": { "uv": [ 3.5, 9.125, 3.625, 15.75 ], "texture": "#voxels_atlas" },
				"up": { "uv": [ 3.375, 15.875, 3.5, 9.25 ], "texture": "#voxels_atlas" },
				"north": { "uv": [ 7.875, 11.625, 7.75, 11.75 ], "texture": "#voxels_atlas" },
				"south": { "uv": [ 7.75, 11.5, 7.875, 11.625 ], "texture": "#voxels_atlas" },
				"west": { "uv": [ 3.375, 15.875, 10, 16 ], "texture": "#voxels_atlas" },
				"east": { "uv": [ 10.125, 15.75, 3.5, 15.875 ], "texture": "#voxels_atlas" }
			}
		},
		{
			"__comment": "Voxels",
			"from": [ 6, 0, 1.5 ],
			"to": [ 6.333333, 0.5, 1.666667 ],
			"faces": {
				"down": { "uv": [ 6, 9.25, 6.25, 9.375 ], "texture": "#voxels_atlas" },
				"up": { "uv": [ 6, 9.25, 6.25, 9.125 ], "texture": "#voxels_atlas" },
				"north": { "uv": [ 6.375, 11.875, 6.125, 12.25 ], "texture": "#voxels_atlas" },
				"south": { "uv": [ 6.375, 11.875, 6.625, 12.25 ], "texture": "#voxels_atlas" },
				"west": { "uv": [ 4.875, 9.375, 5, 9.75 ], "texture": "#voxels_atlas" },
				"east": { "uv": [ 5, 9, 4.875, 9.375 ], "texture": "#voxels_atlas" }
			}
		},
		{
			"__comment": "Voxels",
			"from": [ 6, 0, 13.8333 ],
			"to": [ 6.166667, 0.1666667, 14.3333 ],
			"faces": {
				"down": { "uv": [ 4.875, 8.625, 5, 9 ], "texture": "#voxels_atlas" },
				"up": { "uv": [ 4.875, 8.625, 5, 8.25 ], "texture": "#voxels_atlas" },
				"north": { "uv": [ 7.875, 9.375, 7.75, 9.5 ], "texture": "#voxels_atlas" },
				"south": { "uv": [ 7.75, 9.25, 7.875, 9.375 ], "texture": "#voxels_atlas" },
				"west": { "uv": [ 5.25, 10.5, 5.625, 10.625 ], "texture": "#voxels_atlas" },
				"east": { "uv": [ 6, 10.5, 5.625, 10.625 ], "texture": "#voxels_atlas" }
			}
		},
		{
			"__comment": "Voxels",
			"from": [ 6, 0.1667, 14.3333 ],
			"to": [ 6.666667, 0.3333667, 14.49997 ],
			"faces": {
				"down": { "uv": [ 5.375, 11.125, 5.875, 11.25 ], "texture": "#voxels_atlas" },
				"up": { "uv": [ 4.875, 11, 5.375, 10.875 ], "texture": "#voxels_atlas" },
				"north": { "uv": [ 6.875, 11.125, 6.375, 11.25 ], "texture": "#voxels_atlas" },
				"south": { "uv": [ 6.875, 11.125, 7.375, 11.25 ], "texture": "#voxels_atlas" },
				"west": { "uv": [ 3.375, 8, 3.5, 8.125 ], "texture": "#voxels_atlas" },
				"east": { "uv": [ 3.75, 8, 3.625, 8.125 ], "texture": "#voxels_atlas" }
			}
		},
		{
			"__comment": "Voxels",
			"from": [ 6, 0.3333, 13.8333 ],
			"to": [ 6.166667, 0.4999667, 14.3333 ],
			"faces": {
				"down": { "uv": [ 5, 10.125, 5.125, 10.5 ], "texture": "#voxels_atlas" },
				"up": { "uv": [ 5, 10.125, 5.125, 9.75 ], "texture": "#voxels_atlas" },
				"north": { "uv": [ 7.625, 11.75, 7.5, 11.875 ], "texture": "#voxels_atlas" },
				"south": { "uv": [ 4.75, 10.5, 4.875, 10.625 ], "texture": "#voxels_atlas" },
				"west": { "uv": [ 5.125, 10.375, 5.5, 10.5 ], "texture": "#voxels_atlas" },
				"east": { "uv": [ 5.875, 10.375, 5.5, 10.5 ], "texture": "#voxels_atlas" }
			}
		},
		{
			"__comment": "Voxels",
			"from": [ 6.1667, 0, 14 ],
			"to": [ 6.333366, 0.1666667, 14.5 ],
			"faces": {
				"down": { "uv": [ 5, 9.375, 5.125, 9.75 ], "texture": "#voxels_atlas" },
				"up": { "uv": [ 5, 9.375, 5.125, 9 ], "texture": "#voxels_atlas" },
				"north": { "uv": [ 4.875, 9.875, 4.75, 10 ], "texture": "#voxels_atlas" },
				"south": { "uv": [ 4.75, 9.75, 4.875, 9.875 ], "texture": "#voxels_atlas" },
				"west": { "uv": [ 5.875, 10.375, 6.25, 10.5 ], "texture": "#voxels_atlas" },
				"east": { "uv": [ 6.625, 10.375, 6.25, 10.5 ], "texture": "#voxels_atlas" }
			}
		},
		{
			"__comment": "Voxels",
			"from": [ 6.1667, 0.1667, 13.8333 ],
			"to": [ 6.333366, 0.3333667, 13.99997 ],
			"faces": {
				"down": { "uv": [ 4.75, 9.375, 4.875, 9.5 ], "texture": "#voxels_atlas" },
				"up": { "uv": [ 4.75, 9.375, 4.875, 9.25 ], "texture": "#voxels_atlas" },
				"north": { "uv": [ 4.875, 9.125, 4.75, 9.25 ], "texture": "#voxels_atlas" },
				"south": { "uv": [ 4.75, 9, 4.875, 9.125 ], "texture": "#voxels_atlas" },
				"west": { "uv": [ 4.75, 8.875, 4.875, 9 ], "texture": "#voxels_atlas" },
				"east": { "uv": [ 4.875, 8.375, 4.75, 8.5 ], "texture": "#voxels_atlas" }
			}
		},
		{
			"__comment": "Voxels",
			"from": [ 6.1667, 0.1667, 14.5 ],
			"to": [ 6.500033, 0.3333667, 14.66667 ],
			"faces": {
				"down": { "uv": [ 3.125, 10.25, 3.375, 10.375 ], "texture": "#voxels_atlas" },
				"up": { "uv": [ 3.125, 10.25, 3.375, 10.125 ], "texture": "#voxels_atlas" },
				"north": { "uv": [ 3.375, 10, 3.125, 10.125 ], "texture": "#voxels_atlas" },
				"south": { "uv": [ 2.25, 8, 2.5, 8.125 ], "texture": "#voxels_atlas" },
				"west": { "uv": [ 5.625, 8.5, 5.75, 8.625 ], "texture": "#voxels_atlas" },
				"east": { "uv": [ 5.75, 8.375, 5.625, 8.5 ], "texture": "#voxels_atlas" }
			}
		},
		{
			"__comment": "Voxels",
			"from": [ 6.1667, 0.3333, 14 ],
			"to": [ 6.333366, 0.4999667, 14.5 ],
			"faces": {
				"down": { "uv": [ 5, 8.625, 5.125, 9 ], "texture": "#voxels_atlas" },
				"up": { "uv": [ 5, 8.625, 5.125, 8.25 ], "texture": "#voxels_atlas" },
				"north": { "uv": [ 5.75, 8, 5.625, 8.125 ], "texture": "#voxels_atlas" },
				"south": { "uv": [ 7.5, 9.75, 7.625, 9.875 ], "texture": "#voxels_atlas" },
				"west": { "uv": [ 6.625, 10.375, 7, 10.5 ], "texture": "#voxels_atlas" },
				"east": { "uv": [ 7.375, 10.375, 7, 10.5 ], "texture": "#voxels_atlas" }
			}
		},
		{
			"__comment": "Voxels",
			"from": [ 6.3333, 0, 14.3333 ],
			"to": [ 6.499966, 0.1666667, 14.49997 ],
			"faces": {
				"down": { "uv": [ 7.5, 9.375, 7.625, 9.5 ], "texture": "#voxels_atlas" },
				"up": { "uv": [ 7.5, 9.375, 7.625, 9.25 ], "texture": "#voxels_atlas" },
				"north": { "uv": [ 7.625, 9.125, 7.5, 9.25 ], "texture": "#voxels_atlas" },
				"south": { "uv": [ 6.5, 8, 6.625, 8.125 ], "texture": "#voxels_atlas" },
				"west": { "uv": [ 6.625, 8, 6.75, 8.125 ], "texture": "#voxels_atlas" },
				"east": { "uv": [ 7.625, 8.75, 7.5, 8.875 ], "texture": "#voxels_atlas" }
			}
		},
		{
			"__comment": "Voxels",
			"from": [ 6.3333, 0.3333, 14.3333 ],
			"to": [ 6.499966, 0.4999667, 14.49997 ],
			"faces": {
				"down": { "uv": [ 7, 8.625, 7.125, 8.75 ], "texture": "#voxels_atlas" },
				"up": { "uv": [ 7.125, 8.75, 7.25, 8.625 ], "texture": "#voxels_atlas" },
				"north": { "uv": [ 7.375, 8.625, 7.25, 8.75 ], "texture": "#voxels_atlas" },
				"south": { "uv": [ 7.375, 8.625, 7.5, 8.75 ], "texture": "#voxels_atlas" },
				"west": { "uv": [ 7.5, 8.625, 7.625, 8.75 ], "texture": "#voxels_atlas" },
				"east": { "uv": [ 6.875, 8.5, 6.75, 8.625 ], "texture": "#voxels_atlas" }
			}
		},
		{
			"__comment": "Voxels",
			"from": [ 6.5, 0.1667, 3.8333 ],
			"to": [ 7, 0.3333667, 3.999967 ],
			"faces": {
				"down": { "uv": [ 5.125, 10.25, 5.5, 10.375 ], "texture": "#voxels_atlas" },
				"up": { "uv": [ 5.5, 10.375, 5.875, 10.25 ], "texture": "#voxels_atlas" },
				"north": { "uv": [ 6.25, 10.25, 5.875, 10.375 ], "texture": "#voxels_atlas" },
				"south": { "uv": [ 6.25, 10.25, 6.625, 10.375 ], "texture": "#voxels_atlas" },
				"west": { "uv": [ 6.875, 8.5, 7, 8.625 ], "texture": "#voxels_atlas" },
				"east": { "uv": [ 7, 8.375, 6.875, 8.5 ], "texture": "#voxels_atlas" }
			}
		},
		{
			"__comment": "Voxels",
			"from": [ 6.5, 0.1667, 4.1667 ],
			"to": [ 7, 0.3333667, 4.333366 ],
			"faces": {
				"down": { "uv": [ 6.625, 10.25, 7, 10.375 ], "texture": "#voxels_atlas" },
				"up": { "uv": [ 7, 10.375, 7.375, 10.25 ], "texture": "#voxels_atlas" },
				"north": { "uv": [ 5.5, 10.125, 5.125, 10.25 ], "texture": "#voxels_atlas" },
				"south": { "uv": [ 5.5, 10.125, 5.875, 10.25 ], "texture": "#voxels_atlas" },
				"west": { "uv": [ 7.125, 8.5, 7.25, 8.625 ], "texture": "#voxels_atlas" },
				"east": { "uv": [ 7.375, 8.5, 7.25, 8.625 ], "texture": "#voxels_atlas" }
			}
		},
		{
			"__comment": "Voxels",
			"from": [ 6.5, 0.1667, 4.5 ],
			"to": [ 6.833333, 0.3333667, 4.666667 ],
			"faces": {
				"down": { "uv": [ 5.375, 8, 5.625, 8.125 ], "texture": "#voxels_atlas" },
				"up": { "uv": [ 5.75, 9.875, 6, 9.75 ], "texture": "#voxels_atlas" },
				"north": { "uv": [ 6.25, 9.75, 6, 9.875 ], "texture": "#voxels_atlas" },
				"south": { "uv": [ 6.25, 9.75, 6.5, 9.875 ], "texture": "#voxels_atlas" },
				"west": { "uv": [ 7, 8.125, 7.125, 8.25 ], "texture": "#voxels_atlas" },
				"east": { "uv": [ 7.125, 8, 7, 8.125 ], "texture": "#voxels_atlas" }
			}
		},
		{
			"__comment": "Voxels",
			"from": [ 6.6667, 0, 2.6667 ],
			"to": [ 7.6667, 0.1666667, 2.833367 ],
			"faces": {
				"down": { "uv": [ 4.625, 11.875, 5.375, 12 ], "texture": "#voxels_atlas" },
				"up": { "uv": [ 6.625, 12.25, 7.375, 12.125 ], "texture": "#voxels_atlas" },
				"north": { "uv": [ 7.375, 12, 6.625, 12.125 ], "texture": "#voxels_atlas" },
				"south": { "uv": [ 6.625, 11.875, 7.375, 12 ], "texture": "#voxels_atlas" },
				"west": { "uv": [ 7.125, 8.25, 7.25, 8.375 ], "texture": "#voxels_atlas" },
				"east": { "uv": [ 7.25, 8.125, 7.125, 8.25 ], "texture": "#voxels_atlas" }
			}
		},
		{
			"__comment": "Voxels",
			"from": [ 6.6667, 0.1667, 3.6667 ],
			"to": [ 7.000033, 0.3333667, 3.833367 ],
			"faces": {
				"down": { "uv": [ 5.75, 9.625, 6, 9.75 ], "texture": "#voxels_atlas" },
				"up": { "uv": [ 6, 9.75, 6.25, 9.625 ], "texture": "#voxels_atlas" },
				"north": { "uv": [ 6.5, 9.625, 6.25, 9.75 ], "texture": "#voxels_atlas" },
				"south": { "uv": [ 6.5, 9.625, 6.75, 9.75 ], "texture": "#voxels_atlas" },
				"west": { "uv": [ 7.25, 8.125, 7.375, 8.25 ], "texture": "#voxels_atlas" },
				"east": { "uv": [ 7.375, 8, 7.25, 8.125 ], "texture": "#voxels_atlas" }
			}
		},
		{
			"__comment": "Voxels",
			"from": [ 6.6667, 0.1667, 4 ],
			"to": [ 7.000033, 0.3333667, 4.166667 ],
			"faces": {
				"down": { "uv": [ 6.75, 9.625, 7, 9.75 ], "texture": "#voxels_atlas" },
				"up": { "uv": [ 7, 9.75, 7.25, 9.625 ], "texture": "#voxels_atlas" },
				"north": { "uv": [ 7.5, 9.625, 7.25, 9.75 ], "texture": "#voxels_atlas" },
				"south": { "uv": [ 5.75, 9.5, 6, 9.625 ], "texture": "#voxels_atlas" },
				"west": { "uv": [ 7.625, 15.125, 7.75, 15.25 ], "texture": "#voxels_atlas" },
				"east": { "uv": [ 7.75, 15, 7.625, 15.125 ], "texture": "#voxels_atlas" }
			}
		},
		{
			"__comment": "Voxels",
			"from": [ 6.6667, 0.1667, 4.3333 ],
			"to": [ 7.000033, 0.3333667, 4.499967 ],
			"faces": {
				"down": { "uv": [ 5.75, 9.375, 6, 9.5 ], "texture": "#voxels_atlas" },
				"up": { "uv": [ 5.75, 9.375, 6, 9.25 ], "texture": "#voxels_atlas" },
				"north": { "uv": [ 6, 9.125, 5.75, 9.25 ], "texture": "#voxels_atlas" },
				"south": { "uv": [ 5.75, 9, 6, 9.125 ], "texture": "#voxels_atlas" },
				"west": { "uv": [ 7.625, 14.375, 7.75, 14.5 ], "texture": "#voxels_atlas" },
				"east": { "uv": [ 7.75, 14.25, 7.625, 14.375 ], "texture": "#voxels_atlas" }
			}
		},
		{
			"__comment": "Voxels",
			"from": [ 6.6667, 0.3333, 2.6667 ],
			"to": [ 7.6667, 0.4999667, 2.833367 ],
			"faces": {
				"down": { "uv": [ 3.875, 11.75, 4.625, 11.875 ], "texture": "#voxels_atlas" },
				"up": { "uv": [ 4.625, 11.875, 5.375, 11.75 ], "texture": "#voxels_atlas" },
				"north": { "uv": [ 6.125, 11.75, 5.375, 11.875 ], "texture": "#voxels_atlas" },
				"south": { "uv": [ 6.125, 11.75, 6.875, 11.875 ], "texture": "#voxels_atlas" },
				"west": { "uv": [ 7.625, 13.625, 7.75, 13.75 ], "texture": "#voxels_atlas" },
				"east": { "uv": [ 7.75, 13.5, 7.625, 13.625 ], "texture": "#voxels_atlas" }
			}
		},
		{
			"__comment": "Voxels",
			"from": [ 7, 0.1667, 2.5 ],
			"to": [ 7.5, 0.3333667, 2.666667 ],
			"faces": {
				"down": { "uv": [ 7, 10.125, 7.375, 10.25 ], "texture": "#voxels_atlas" },
				"up": { "uv": [ 5.25, 10.125, 5.625, 10 ], "texture": "#voxels_atlas" },
				"north": { "uv": [ 6, 10, 5.625, 10.125 ], "texture": "#voxels_atlas" },
				"south": { "uv": [ 6, 10, 6.375, 10.125 ], "texture": "#voxels_atlas" },
				"west": { "uv": [ 7.625, 12.875, 7.75, 13 ], "texture": "#voxels_atlas" },
				"east": { "uv": [ 7.75, 12.75, 7.625, 12.875 ], "texture": "#voxels_atlas" }
			}
		},
		{
			"__comment": "Voxels",
			"from": [ 7.1667, 0, 2.5 ],
			"to": [ 7.500033, 0.1666667, 2.666667 ],
			"faces": {
				"down": { "uv": [ 5.75, 8.125, 6, 8.25 ], "texture": "#voxels_atlas" },
				"up": { "uv": [ 5.75, 8.125, 6, 8 ], "texture": "#voxels_atlas" },
				"north": { "uv": [ 6.25, 9.5, 6, 9.625 ], "texture": "#voxels_atlas" },
				"south": { "uv": [ 6.25, 9.5, 6.5, 9.625 ], "texture": "#voxels_atlas" },
				"west": { "uv": [ 7.625, 12.125, 7.75, 12.25 ], "texture": "#voxels_atlas" },
				"east": { "uv": [ 7.75, 12, 7.625, 12.125 ], "texture": "#voxels_atlas" }
			}
		},
		{
			"__comment": "Voxels",
			"from": [ 7.1667, 0, 2.8333 ],
			"to": [ 7.833366, 0.1666667, 2.999967 ],
			"faces": {
				"down": { "uv": [ 4.375, 10.625, 4.875, 10.75 ], "texture": "#voxels_atlas" },
				"up": { "uv": [ 5.375, 11, 5.875, 10.875 ], "texture": "#voxels_atlas" },
				"north": { "uv": [ 6.375, 10.875, 5.875, 11 ], "texture": "#voxels_atlas" },
				"south": { "uv": [ 6.375, 10.875, 6.875, 11 ], "texture": "#voxels_atlas" },
				"west": { "uv": [ 7.625, 11.375, 7.75, 11.5 ], "texture": "#voxels_atlas" },
				"east": { "uv": [ 7.75, 11.25, 7.625, 11.375 ], "texture": "#voxels_atlas" }
			}
		},
		{
			"__comment": "Voxels",
			"from": [ 7.1667, 0.3333, 2.5 ],
			"to": [ 7.500033, 0.4999667, 2.666667 ],
			"faces": {
				"down": { "uv": [ 6, 9.375, 6.25, 9.5 ], "texture": "#voxels_atlas" },
				"up": { "uv": [ 6.25, 9.5, 6.5, 9.375 ], "texture": "#voxels_atlas" },
				"north": { "uv": [ 6.75, 9.375, 6.5, 9.5 ], "texture": "#voxels_atlas" },
				"south": { "uv": [ 6.75, 9.375, 7, 9.5 ], "texture": "#voxels_atlas" },
				"west": { "uv": [ 7.625, 10.625, 7.75, 10.75 ], "texture": "#voxels_atlas" },
				"east": { "uv": [ 7.75, 10.5, 7.625, 10.625 ], "texture": "#voxels_atlas" }
			}
		},
		{
			"__comment": "Voxels",
			"from": [ 7.1667, 0.3333, 2.8333 ],
			"to": [ 7.833366, 0.4999667, 2.999967 ],
			"faces": {
				"down": { "uv": [ 6.875, 10.875, 7.375, 11 ], "texture": "#voxels_atlas" },
				"up": { "uv": [ 4.375, 10.875, 4.875, 10.75 ], "texture": "#voxels_atlas" },
				"north": { "uv": [ 5.375, 10.75, 4.875, 10.875 ], "texture": "#voxels_atlas" },
				"south": { "uv": [ 5.375, 10.75, 5.875, 10.875 ], "texture": "#voxels_atlas" },
				"west": { "uv": [ 7.625, 9.875, 7.75, 10 ], "texture": "#voxels_atlas" },
				"east": { "uv": [ 7.75, 9.75, 7.625, 9.875 ], "texture": "#voxels_atlas" }
			}
		},
		{
			"__comment": "Voxels",
			"from": [ 7.5, 0, 3 ],
			"to": [ 8, 0.1666667, 3.333333 ],
			"faces": {
				"down": { "uv": [ 0, 8, 0.375, 8.25 ], "texture": "#voxels_atlas" },
				"up": { "uv": [ 0.375, 8.25, 0.75, 8 ], "texture": "#voxels_atlas" },
				"north": { "uv": [ 6.5, 9.875, 6.125, 10 ], "texture": "#voxels_atlas" },
				"south": { "uv": [ 6.5, 9.875, 6.875, 10 ], "texture": "#voxels_atlas" },
				"west": { "uv": [ 6, 8.5, 6.25, 8.625 ], "texture": "#voxels_atlas" },
				"east": { "uv": [ 6.25, 8.375, 6, 8.5 ], "texture": "#voxels_atlas" }
			}
		},
		{
			"__comment": "Voxels",
			"from": [ 7.5, 0.3333, 3 ],
			"to": [ 8, 0.4999667, 3.333333 ],
			"faces": {
				"down": { "uv": [ 3.875, 11.5, 4.25, 11.75 ], "texture": "#voxels_atlas" },
				"up": { "uv": [ 4.25, 11.75, 4.625, 11.5 ], "texture": "#voxels_atlas" },
				"north": { "uv": [ 5.75, 9.75, 5.375, 9.875 ], "texture": "#voxels_atlas" },
				"south": { "uv": [ 5.375, 9.625, 5.75, 9.75 ], "texture": "#voxels_atlas" },
				"west": { "uv": [ 6.5, 9.25, 6.75, 9.375 ], "texture": "#voxels_atlas" },
				"east": { "uv": [ 7, 9.25, 6.75, 9.375 ], "texture": "#voxels_atlas" }
			}
		},
		{
			"__comment": "Voxels",
			"from": [ 7.6667, 0.1667, 3.5 ],
			"to": [ 8.1667, 0.3333667, 3.666667 ],
			"faces": {
				"down": { "uv": [ 5.375, 9.5, 5.75, 9.625 ], "texture": "#voxels_atlas" },
				"up": { "uv": [ 5.375, 9.5, 5.75, 9.375 ], "texture": "#voxels_atlas" },
				"north": { "uv": [ 5.75, 9.25, 5.375, 9.375 ], "texture": "#voxels_atlas" },
				"south": { "uv": [ 5.375, 9.125, 5.75, 9.25 ], "texture": "#voxels_atlas" },
				"west": { "uv": [ 7.75, 14.875, 7.875, 15 ], "texture": "#voxels_atlas" },
				"east": { "uv": [ 7.875, 14.75, 7.75, 14.875 ], "texture": "#voxels_atlas" }
			}
		},
		{
			"__comment": "Voxels",
			"from": [ 7.8333, 0, 3.3333 ],
			"to": [ 8.166633, 0.1666667, 3.499967 ],
			"faces": {
				"down": { "uv": [ 6.75, 9.125, 7, 9.25 ], "texture": "#voxels_atlas" },
				"up": { "uv": [ 7, 9.25, 7.25, 9.125 ], "texture": "#voxels_atlas" },
				"north": { "uv": [ 7.5, 9.125, 7.25, 9.25 ], "texture": "#voxels_atlas" },
				"south": { "uv": [ 6.25, 9, 6.5, 9.125 ], "texture": "#voxels_atlas" },
				"west": { "uv": [ 7.75, 14.125, 7.875, 14.25 ], "texture": "#voxels_atlas" },
				"east": { "uv": [ 7.875, 14, 7.75, 14.125 ], "texture": "#voxels_atlas" }
			}
		},
		{
			"__comment": "Voxels",
			"from": [ 7.8333, 0.1667, 3.6667 ],
			"to": [ 8.3333, 0.3333667, 3.833367 ],
			"faces": {
				"down": { "uv": [ 5.375, 9, 5.75, 9.125 ], "texture": "#voxels_atlas" },
				"up": { "uv": [ 5.375, 9, 5.75, 8.875 ], "texture": "#voxels_atlas" },
				"north": { "uv": [ 5.75, 8.75, 5.375, 8.875 ], "texture": "#voxels_atlas" },
				"south": { "uv": [ 5.375, 8.625, 5.75, 8.75 ], "texture": "#voxels_atlas" },
				"west": { "uv": [ 7.75, 13.375, 7.875, 13.5 ], "texture": "#voxels_atlas" },
				"east": { "uv": [ 7.875, 13.25, 7.75, 13.375 ], "texture": "#voxels_atlas" }
			}
		},
		{
			"__comment": "Voxels",
			"from": [ 7.8333, 0.3333, 3.3333 ],
			"to": [ 8.166633, 0.4999667, 3.499967 ],
			"faces": {
				"down": { "uv": [ 6.25, 8.375, 6.5, 8.5 ], "texture": "#voxels_atlas" },
				"up": { "uv": [ 6.25, 8.375, 6.5, 8.25 ], "texture": "#voxels_atlas" },
				"north": { "uv": [ 6.5, 8.125, 6.25, 8.25 ], "texture": "#voxels_atlas" },
				"south": { "uv": [ 6.25, 8, 6.5, 8.125 ], "texture": "#voxels_atlas" },
				"west": { "uv": [ 7.75, 12.625, 7.875, 12.75 ], "texture": "#voxels_atlas" },
				"east": { "uv": [ 7.875, 12.5, 7.75, 12.625 ], "texture": "#voxels_atlas" }
			}
		},
		{
			"__comment": "Voxels",
			"from": [ 8, 0, 3.5 ],
			"to": [ 8.166667, 0.1666667, 3.833333 ],
			"faces": {
				"down": { "uv": [ 5.125, 8, 5.25, 8.25 ], "texture": "#voxels_atlas" },
				"up": { "uv": [ 6.5, 9.125, 6.625, 8.875 ], "texture": "#voxels_atlas" },
				"north": { "uv": [ 7.875, 12.125, 7.75, 12.25 ], "texture": "#voxels_atlas" },
				"south": { "uv": [ 7.75, 12, 7.875, 12.125 ], "texture": "#voxels_atlas" },
				"west": { "uv": [ 6.625, 9, 6.875, 9.125 ], "texture": "#voxels_atlas" },
				"east": { "uv": [ 7.125, 9, 6.875, 9.125 ], "texture": "#voxels_atlas" }
			}
		},
		{
			"__comment": "Voxels",
			"from": [ 8, 0.1667, 3.8333 ],
			"to": [ 8.333333, 0.3333667, 3.999967 ],
			"faces": {
				"down": { "uv": [ 7.125, 9, 7.375, 9.125 ], "texture": "#voxels_atlas" },
				"up": { "uv": [ 7.375, 9.125, 7.625, 9 ], "texture": "#voxels_atlas" },
				"north": { "uv": [ 6.875, 8.875, 6.625, 9 ], "texture": "#voxels_atlas" },
				"south": { "uv": [ 6.875, 8.875, 7.125, 9 ], "texture": "#voxels_atlas" },
				"west": { "uv": [ 7.75, 11.125, 7.875, 11.25 ], "texture": "#voxels_atlas" },
				"east": { "uv": [ 7.875, 11, 7.75, 11.125 ], "texture": "#voxels_atlas" }
			}
		},
		{
			"__comment": "Voxels",
			"from": [ 8, 0.3333, 3.5 ],
			"to": [ 8.166667, 0.4999667, 3.833333 ],
			"faces": {
				"down": { "uv": [ 6.5, 8.625, 6.625, 8.875 ], "texture": "#voxels_atlas" },
				"up": { "uv": [ 6.5, 8.625, 6.625, 8.375 ], "texture": "#voxels_atlas" },
				"north": { "uv": [ 7.875, 10.625, 7.75, 10.75 ], "texture": "#voxels_atlas" },
				"south": { "uv": [ 7.75, 10.5, 7.875, 10.625 ], "texture": "#voxels_atlas" },
				"west": { "uv": [ 7.125, 8.875, 7.375, 9 ], "texture": "#voxels_atlas" },
				"east": { "uv": [ 7.625, 8.875, 7.375, 9 ], "texture": "#voxels_atlas" }
			}
		},
		{
			"__comment": "Voxels",
			"from": [ 8.166699, 0, 3.6667 ],
			"to": [ 8.333366, 0.1666667, 4.000033 ],
			"faces": {
				"down": { "uv": [ 6.5, 8.125, 6.625, 8.375 ], "texture": "#voxels_atlas" },
				"up": { "uv": [ 6.625, 8.875, 6.75, 8.625 ], "texture": "#voxels_atlas" },
				"north": { "uv": [ 7.875, 9.875, 7.75, 10 ], "texture": "#voxels_atlas" },
				"south": { "uv": [ 7.75, 9.75, 7.875, 9.875 ], "texture": "#voxels_atlas" },
				"west": { "uv": [ 6.75, 8.75, 7, 8.875 ], "texture": "#voxels_atlas" },
				"east": { "uv": [ 7.25, 8.75, 7, 8.875 ], "texture": "#voxels_atlas" }
			}
		},
		{
			"__comment": "Voxels",
			"from": [ 8.166699, 0.3333, 3.6667 ],
			"to": [ 8.333366, 0.4999667, 4.000033 ],
			"faces": {
				"down": { "uv": [ 6.625, 8.375, 6.75, 8.625 ], "texture": "#voxels_atlas" },
				"up": { "uv": [ 6.625, 8.375, 6.75, 8.125 ], "texture": "#voxels_atlas" },
				"north": { "uv": [ 7.875, 9.125, 7.75, 9.25 ], "texture": "#voxels_atlas" },
				"south": { "uv": [ 7.75, 9, 7.875, 9.125 ], "texture": "#voxels_atlas" },
				"west": { "uv": [ 7.25, 8.75, 7.5, 8.875 ], "texture": "#voxels_atlas" },
				"east": { "uv": [ 7, 8.625, 6.75, 8.75 ], "texture": "#voxels_atlas" }
			}
		}
	],
	"display": {
		"thirdperson_righthand": {
			"rotation":  [ 90, 0, 90 ],
			"translation":  [ -23.25, 5, 7.75 ],
			"scale":  [ 3, 3, 3 ]
		},
		"thirdperson_lefthand": {
			"rotation":  [ 90, 0, -90 ],
			"translation":  [ 23.25, 5, 7.75 ],
			"scale":  [ 3, 3, 3 ]
		},
		"firstperson_righthand": {
			"rotation":  [ 90, 0, 90 ],
			"translation":  [ -8, 7, 6 ]
		},
		"firstperson_lefthand": {
			"rotation":  [ 90, 0, -90 ],
			"translation":  [ 7, 7, 6 ]
		},
		"gui": {
			"rotation":  [ 90, -45, 0 ],
			"translation":  [ 1.5, -2, 0 ],
			"scale":  [ 1.25, 1.25, 1.25 ]
		},
		"ground": {
			"translation":  [ 2, 5, 0 ]
		},
		"fixed": {
			"rotation":  [ 90, 0, 180 ],
			"translation":  [ -2, 0, -7 ]
		}
	}
}