{
	"__comment": "Designed by Dragon2212 with Cubik Studio - https://cubik.studio",
	"textures": {
		"voxels_atlas": "items/artemis"
	},
	"elements": [ 	 
		{
			"__comment": "Voxels",
			"from": [ 0.75, 0.25, 14.5 ],
			"to": [ 3, 0.5, 14.75 ],
			"faces": {
				"down": { "uv": [ 13.75, 14.75, 16, 15 ], "texture": "#voxels_atlas" },
				"up": { "uv": [ 12.5, 14.5, 14.75, 14.25 ], "texture": "#voxels_atlas" },
				"north": { "uv": [ 2.25, 14, 0, 14.25 ], "texture": "#voxels_atlas" },
				"south": { "uv": [ 2.25, 14, 4.5, 14.25 ], "texture": "#voxels_atlas" },
				"west": { "uv": [ 2, 7, 2.25, 7.25 ], "texture": "#voxels_atlas" },
				"east": { "uv": [ 2.25, 6.75, 2, 7 ], "texture": "#voxels_atlas" }
			}
		},
		{
			"__comment": "Voxels",
			"from": [ 1, 0, 14.5 ],
			"to": [ 2.5, 0.25, 14.75 ],
			"faces": {
				"down": { "uv": [ 12.75, 12.25, 14.25, 12.5 ], "texture": "#voxels_atlas" },
				"up": { "uv": [ 14.25, 12.5, 15.75, 12.25 ], "texture": "#voxels_atlas" },
				"north": { "uv": [ 3.75, 12, 2.25, 12.25 ], "texture": "#voxels_atlas" },
				"south": { "uv": [ 2.25, 11.75, 3.75, 12 ], "texture": "#voxels_atlas" },
				"west": { "uv": [ 2, 6.5, 2.25, 6.75 ], "texture": "#voxels_atlas" },
				"east": { "uv": [ 2.25, 5.75, 2, 6 ], "texture": "#voxels_atlas" }
			}
		},
		{
			"__comment": "Voxels",
			"from": [ 1, 0.25, 14.25 ],
			"to": [ 3, 0.5, 14.5 ],
			"faces": {
				"down": { "uv": [ 0, 8, 2, 8.25 ], "texture": "#voxels_atlas" },
				"up": { "uv": [ 0, 8, 2, 7.75 ], "texture": "#voxels_atlas" },
				"north": { "uv": [ 16, 15.25, 14, 15.5 ], "texture": "#voxels_atlas" },
				"south": { "uv": [ 0, 7.25, 2, 7.5 ], "texture": "#voxels_atlas" },
				"west": { "uv": [ 2, 5, 2.25, 5.25 ], "texture": "#voxels_atlas" },
				"east": { "uv": [ 2.25, 4.25, 2, 4.5 ], "texture": "#voxels_atlas" }
			}
		},
		{
			"__comment": "Voxels",
			"from": [ 1, 0.25, 14.75 ],
			"to": [ 2.5, 0.5, 15 ],
			"faces": {
				"down": { "uv": [ 2.25, 10.5, 3.75, 10.75 ], "texture": "#voxels_atlas" },
				"up": { "uv": [ 2.25, 10.5, 3.75, 10.25 ], "texture": "#voxels_atlas" },
				"north": { "uv": [ 3.75, 10, 2.25, 10.25 ], "texture": "#voxels_atlas" },
				"south": { "uv": [ 2.25, 9.75, 3.75, 10 ], "texture": "#voxels_atlas" },
				"west": { "uv": [ 2, 4, 2.25, 4.25 ], "texture": "#voxels_atlas" },
				"east": { "uv": [ 2.25, 3.75, 2, 4 ], "texture": "#voxels_atlas" }
			}
		},
		{
			"__comment": "Voxels",
			"from": [ 1, 0.5, 14.5 ],
			"to": [ 2.5, 0.75, 14.75 ],
			"faces": {
				"down": { "uv": [ 2.25, 9, 3.75, 9.25 ], "texture": "#voxels_atlas" },
				"up": { "uv": [ 2.25, 9, 3.75, 8.75 ], "texture": "#voxels_atlas" },
				"north": { "uv": [ 3.75, 8.5, 2.25, 8.75 ], "texture": "#voxels_atlas" },
				"south": { "uv": [ 2.25, 8.25, 3.75, 8.5 ], "texture": "#voxels_atlas" },
				"west": { "uv": [ 2, 2, 2.25, 2.25 ], "texture": "#voxels_atlas" },
				"east": { "uv": [ 2.25, 1.5, 2, 1.75 ], "texture": "#voxels_atlas" }
			}
		},
		{
			"__comment": "Voxels",
			"from": [ 1.5, 0, 14.25 ],
			"to": [ 2.75, 0.25, 14.5 ],
			"faces": {
				"down": { "uv": [ 5, 11.5, 6.25, 11.75 ], "texture": "#voxels_atlas" },
				"up": { "uv": [ 6.25, 11.75, 7.5, 11.5 ], "texture": "#voxels_atlas" },
				"north": { "uv": [ 8.75, 11.5, 7.5, 11.75 ], "texture": "#voxels_atlas" },
				"south": { "uv": [ 8.75, 11.5, 10, 11.75 ], "texture": "#voxels_atlas" },
				"west": { "uv": [ 2, 1.25, 2.25, 1.5 ], "texture": "#voxels_atlas" },
				"east": { "uv": [ 2.25, 1, 2, 1.25 ], "texture": "#voxels_atlas" }
			}
		},
		{
			"__comment": "Voxels",
			"from": [ 1.5, 0.25, 14 ],
			"to": [ 3.25, 0.5, 14.25 ],
			"faces": {
				"down": { "uv": [ 6.75, 13.25, 8.5, 13.5 ], "texture": "#voxels_atlas" },
				"up": { "uv": [ 2.25, 12.5, 4, 12.25 ], "texture": "#voxels_atlas" },
				"north": { "uv": [ 7.5, 12.5, 5.75, 12.75 ], "texture": "#voxels_atlas" },
				"south": { "uv": [ 4, 12.5, 5.75, 12.75 ], "texture": "#voxels_atlas" },
				"west": { "uv": [ 15.75, 13.5, 16, 13.75 ], "texture": "#voxels_atlas" },
				"east": { "uv": [ 16, 12.25, 15.75, 12.5 ], "texture": "#voxels_atlas" }
			}
		},
		{
			"__comment": "Voxels",
			"from": [ 1.5, 0.5, 14.25 ],
			"to": [ 2.75, 0.75, 14.5 ],
			"faces": {
				"down": { "uv": [ 3.75, 11.25, 5, 11.5 ], "texture": "#voxels_atlas" },
				"up": { "uv": [ 5, 11.5, 6.25, 11.25 ], "texture": "#voxels_atlas" },
				"north": { "uv": [ 16, 14.25, 14.75, 14.5 ], "texture": "#voxels_atlas" },
				"south": { "uv": [ 5.25, 11.75, 6.5, 12 ], "texture": "#voxels_atlas" },
				"west": { "uv": [ 15.75, 12, 16, 12.25 ], "texture": "#voxels_atlas" },
				"east": { "uv": [ 4, 4.5, 3.75, 4.75 ], "texture": "#voxels_atlas" }
			}
		},
		{
			"__comment": "Voxels",
			"from": [ 1.75, 0, 14 ],
			"to": [ 2.75, 0.25, 14.25 ],
			"faces": {
				"down": { "uv": [ 8.25, 11, 9.25, 11.25 ], "texture": "#voxels_atlas" },
				"up": { "uv": [ 9.25, 11.25, 10.25, 11 ], "texture": "#voxels_atlas" },
				"north": { "uv": [ 11.25, 11, 10.25, 11.25 ], "texture": "#voxels_atlas" },
				"south": { "uv": [ 11.25, 11, 12.25, 11.25 ], "texture": "#voxels_atlas" },
				"west": { "uv": [ 3.75, 3.75, 4, 4 ], "texture": "#voxels_atlas" },
				"east": { "uv": [ 4.25, 3.5, 4, 3.75 ], "texture": "#voxels_atlas" }
			}
		},
		{
			"__comment": "Voxels",
			"from": [ 1.75, 0.25, 13.75 ],
			"to": [ 3.25, 0.5, 14 ],
			"faces": {
				"down": { "uv": [ 2.25, 2.5, 3.75, 2.75 ], "texture": "#voxels_atlas" },
				"up": { "uv": [ 2.25, 2.5, 3.75, 2.25 ], "texture": "#voxels_atlas" },
				"north": { "uv": [ 3.75, 2, 2.25, 2.25 ], "texture": "#voxels_atlas" },
				"south": { "uv": [ 2.25, 1.75, 3.75, 2 ], "texture": "#voxels_atlas" },
				"west": { "uv": [ 3.75, 3.25, 4, 3.5 ], "texture": "#voxels_atlas" },
				"east": { "uv": [ 4.25, 2, 4, 2.25 ], "texture": "#voxels_atlas" }
			}
		},
		{
			"__comment": "Voxels",
			"from": [ 1.75, 0.5, 14 ],
			"to": [ 2.75, 0.75, 14.25 ],
			"faces": {
				"down": { "uv": [ 5.25, 10.75, 6.25, 11 ], "texture": "#voxels_atlas" },
				"up": { "uv": [ 6.25, 11, 7.25, 10.75 ], "texture": "#voxels_atlas" },
				"north": { "uv": [ 16, 11.5, 15, 11.75 ], "texture": "#voxels_atlas" },
				"south": { "uv": [ 4.25, 0.25, 5.25, 0.5 ], "texture": "#voxels_atlas" },
				"west": { "uv": [ 3.75, 1.75, 4, 2 ], "texture": "#voxels_atlas" },
				"east": { "uv": [ 4.25, 1.75, 4, 2 ], "texture": "#voxels_atlas" }
			}
		},
		{
			"__comment": "Voxels",
			"from": [ 2, 0.25, 13.5 ],
			"to": [ 3.5, 0.5, 13.75 ],
			"faces": {
				"down": { "uv": [ 5.25, 12, 6.75, 12.25 ], "texture": "#voxels_atlas" },
				"up": { "uv": [ 6.75, 12.25, 8.25, 12 ], "texture": "#voxels_atlas" },
				"north": { "uv": [ 9.75, 12, 8.25, 12.25 ], "texture": "#voxels_atlas" },
				"south": { "uv": [ 9.75, 12, 11.25, 12.25 ], "texture": "#voxels_atlas" },
				"west": { "uv": [ 5.25, 5.5, 5.5, 5.75 ], "texture": "#voxels_atlas" },
				"east": { "uv": [ 4, 1.5, 3.75, 1.75 ], "texture": "#voxels_atlas" }
			}
		},
		{
			"__comment": "Voxels",
			"from": [ 2.25, 0, 13.75 ],
			"to": [ 3, 0.25, 14 ],
			"faces": {
				"down": { "uv": [ 14.5, 10.5, 15.25, 10.75 ], "texture": "#voxels_atlas" },
				"up": { "uv": [ 13.75, 10.75, 14.5, 10.5 ], "texture": "#voxels_atlas" },
				"north": { "uv": [ 13.75, 10.5, 13, 10.75 ], "texture": "#voxels_atlas" },
				"south": { "uv": [ 7, 10.5, 7.75, 10.75 ], "texture": "#voxels_atlas" },
				"west": { "uv": [ 4, 1, 4.25, 1.25 ], "texture": "#voxels_atlas" },
				"east": { "uv": [ 4, 0.75, 3.75, 1 ], "texture": "#voxels_atlas" }
			}
		},
		{
			"__comment": "Voxels",
			"from": [ 2.25, 0.25, 13.25 ],
			"to": [ 3.75, 0.5, 13.5 ],
			"faces": {
				"down": { "uv": [ 2.25, 11, 3.75, 11.25 ], "texture": "#voxels_atlas" },
				"up": { "uv": [ 2.25, 11, 3.75, 10.75 ], "texture": "#voxels_atlas" },
				"north": { "uv": [ 3.75, 9.5, 2.25, 9.75 ], "texture": "#voxels_atlas" },
				"south": { "uv": [ 2.25, 9.25, 3.75, 9.5 ], "texture": "#voxels_atlas" },
				"west": { "uv": [ 4, 0.5, 4.25, 0.75 ], "texture": "#voxels_atlas" },
				"east": { "uv": [ 4, 0.25, 3.75, 0.5 ], "texture": "#voxels_atlas" }
			}
		},
		{
			"__comment": "Voxels",
			"from": [ 2.25, 0.5, 13.75 ],
			"to": [ 3, 0.75, 14 ],
			"faces": {
				"down": { "uv": [ 15.25, 10.75, 16, 11 ], "texture": "#voxels_atlas" },
				"up": { "uv": [ 15.25, 11.25, 16, 11 ], "texture": "#voxels_atlas" },
				"north": { "uv": [ 13, 10.5, 12.25, 10.75 ], "texture": "#voxels_atlas" },
				"south": { "uv": [ 8.5, 10.5, 9.25, 10.75 ], "texture": "#voxels_atlas" },
				"west": { "uv": [ 5.25, 10.25, 5.5, 10.5 ], "texture": "#voxels_atlas" },
				"east": { "uv": [ 5.5, 10, 5.25, 10.25 ], "texture": "#voxels_atlas" }
			}
		},
		{
			"__comment": "Voxels",
			"from": [ 2.5, 0, 13.25 ],
			"to": [ 3.5, 0.25, 13.5 ],
			"faces": {
				"down": { "uv": [ 11.25, 10.75, 12.25, 11 ], "texture": "#voxels_atlas" },
				"up": { "uv": [ 7.25, 11, 8.25, 10.75 ], "texture": "#voxels_atlas" },
				"north": { "uv": [ 5.25, 11, 4.25, 11.25 ], "texture": "#voxels_atlas" },
				"south": { "uv": [ 14.25, 11.25, 15.25, 11.5 ], "texture": "#voxels_atlas" },
				"west": { "uv": [ 10.25, 10.25, 10.5, 10.5 ], "texture": "#voxels_atlas" },
				"east": { "uv": [ 10.25, 10.25, 10, 10.5 ], "texture": "#voxels_atlas" }
			}
		},
		{
			"__comment": "Voxels",
			"from": [ 2.5, 0, 13.5 ],
			"to": [ 3.25, 0.25, 13.75 ],
			"faces": {
				"down": { "uv": [ 11.5, 10.5, 12.25, 10.75 ], "texture": "#voxels_atlas" },
				"up": { "uv": [ 10.75, 10.75, 11.5, 10.5 ], "texture": "#voxels_atlas" },
				"north": { "uv": [ 10.75, 10.5, 10, 10.75 ], "texture": "#voxels_atlas" },
				"south": { "uv": [ 9.25, 10.5, 10, 10.75 ], "texture": "#voxels_atlas" },
				"west": { "uv": [ 8.25, 10.25, 8.5, 10.5 ], "texture": "#voxels_atlas" },
				"east": { "uv": [ 8.25, 10.25, 8, 10.5 ], "texture": "#voxels_atlas" }
			}
		},
		{
			"__comment": "Voxels",
			"from": [ 2.5, 0.25, 13 ],
			"to": [ 4, 0.5, 13.25 ],
			"faces": {
				"down": { "uv": [ 2.25, 6, 3.75, 6.25 ], "texture": "#voxels_atlas" },
				"up": { "uv": [ 2.25, 6, 3.75, 5.75 ], "texture": "#voxels_atlas" },
				"north": { "uv": [ 3.75, 5.5, 2.25, 5.75 ], "texture": "#voxels_atlas" },
				"south": { "uv": [ 2.25, 5.25, 3.75, 5.5 ], "texture": "#voxels_atlas" },
				"west": { "uv": [ 7.25, 10.25, 7.5, 10.5 ], "texture": "#voxels_atlas" },
				"east": { "uv": [ 7.25, 10.25, 7, 10.5 ], "texture": "#voxels_atlas" }
			}
		},
		{
			"__comment": "Voxels",
			"from": [ 2.5, 0.5, 13.25 ],
			"to": [ 3.5, 0.75, 13.5 ],
			"faces": {
				"down": { "uv": [ 13.25, 11.25, 14.25, 11.5 ], "texture": "#voxels_atlas" },
				"up": { "uv": [ 12.25, 11.5, 13.25, 11.25 ], "texture": "#voxels_atlas" },
				"north": { "uv": [ 12.25, 11.25, 11.25, 11.5 ], "texture": "#voxels_atlas" },
				"south": { "uv": [ 8.25, 11.25, 9.25, 11.5 ], "texture": "#voxels_atlas" },
				"west": { "uv": [ 5.25, 0, 5.5, 0.25 ], "texture": "#voxels_atlas" },
				"east": { "uv": [ 5.5, 0.25, 5.25, 0.5 ], "texture": "#voxels_atlas" }
			}
		},
		{
			"__comment": "Voxels",
			"from": [ 2.5, 0.5, 13.5 ],
			"to": [ 3.25, 0.75, 13.75 ],
			"faces": {
				"down": { "uv": [ 7.75, 10.5, 8.5, 10.75 ], "texture": "#voxels_atlas" },
				"up": { "uv": [ 15.25, 12, 16, 11.75 ], "texture": "#voxels_atlas" },
				"north": { "uv": [ 7, 10.5, 6.25, 10.75 ], "texture": "#voxels_atlas" },
				"south": { "uv": [ 15.25, 11.25, 16, 11.5 ], "texture": "#voxels_atlas" },
				"west": { "uv": [ 5.25, 2.5, 5.5, 2.75 ], "texture": "#voxels_atlas" },
				"east": { "uv": [ 5.5, 2.75, 5.25, 3 ], "texture": "#voxels_atlas" }
			}
		},
		{
			"__comment": "Voxels",
			"from": [ 2.75, 0, 13 ],
			"to": [ 3.75, 0.25, 13.25 ],
			"faces": {
				"down": { "uv": [ 7.25, 11.25, 8.25, 11.5 ], "texture": "#voxels_atlas" },
				"up": { "uv": [ 6.25, 11.5, 7.25, 11.25 ], "texture": "#voxels_atlas" },
				"north": { "uv": [ 6.25, 10.5, 5.25, 10.75 ], "texture": "#voxels_atlas" },
				"south": { "uv": [ 4.25, 0, 5.25, 0.25 ], "texture": "#voxels_atlas" },
				"west": { "uv": [ 5.25, 4.5, 5.5, 4.75 ], "texture": "#voxels_atlas" },
				"east": { "uv": [ 5.5, 4.75, 5.25, 5 ], "texture": "#voxels_atlas" }
			}
		},
		{
			"__comment": "Voxels",
			"from": [ 2.75, 0.25, 12.75 ],
			"to": [ 4.25, 0.5, 13 ],
			"faces": {
				"down": { "uv": [ 2.25, 0.25, 3.75, 0.5 ], "texture": "#voxels_atlas" },
				"up": { "uv": [ 2.25, 5.25, 3.75, 5 ], "texture": "#voxels_atlas" },
				"north": { "uv": [ 3.75, 4.75, 2.25, 5 ], "texture": "#voxels_atlas" },
				"south": { "uv": [ 2.25, 4.5, 3.75, 4.75 ], "texture": "#voxels_atlas" },
				"west": { "uv": [ 5.25, 5.75, 5.5, 6 ], "texture": "#voxels_atlas" },
				"east": { "uv": [ 5.5, 6, 5.25, 6.25 ], "texture": "#voxels_atlas" }
			}
		},
		{
			"__comment": "Voxels",
			"from": [ 2.75, 0.5, 13 ],
			"to": [ 3.75, 0.75, 13.25 ],
			"faces": {
				"down": { "uv": [ 4.25, 0.5, 5.25, 0.75 ], "texture": "#voxels_atlas" },
				"up": { "uv": [ 4.25, 1, 5.25, 0.75 ], "texture": "#voxels_atlas" },
				"north": { "uv": [ 5.25, 1, 4.25, 1.25 ], "texture": "#voxels_atlas" },
				"south": { "uv": [ 4.25, 1.25, 5.25, 1.5 ], "texture": "#voxels_atlas" },
				"west": { "uv": [ 5.25, 8.5, 5.5, 8.75 ], "texture": "#voxels_atlas" },
				"east": { "uv": [ 5.5, 8.75, 5.25, 9 ], "texture": "#voxels_atlas" }
			}
		},
		{
			"__comment": "Voxels",
			"from": [ 3, 0, 12.75 ],
			"to": [ 4, 0.25, 13 ],
			"faces": {
				"down": { "uv": [ 4.25, 1.5, 5.25, 1.75 ], "texture": "#voxels_atlas" },
				"up": { "uv": [ 4.25, 2, 5.25, 1.75 ], "texture": "#voxels_atlas" },
				"north": { "uv": [ 5.25, 2, 4.25, 2.25 ], "texture": "#voxels_atlas" },
				"south": { "uv": [ 4.25, 7, 5.25, 7.25 ], "texture": "#voxels_atlas" },
				"west": { "uv": [ 15.75, 10.5, 16, 10.75 ], "texture": "#voxels_atlas" },
				"east": { "uv": [ 15.75, 10.5, 15.5, 10.75 ], "texture": "#voxels_atlas" }
			}
		},
		{
			"__comment": "Voxels",
			"from": [ 3, 0.25, 12.5 ],
			"to": [ 4.5, 0.5, 12.75 ],
			"faces": {
				"down": { "uv": [ 2.25, 4.25, 3.75, 4.5 ], "texture": "#voxels_atlas" },
				"up": { "uv": [ 2.25, 4.25, 3.75, 4 ], "texture": "#voxels_atlas" },
				"north": { "uv": [ 3.75, 3.75, 2.25, 4 ], "texture": "#voxels_atlas" },
				"south": { "uv": [ 2.25, 3.5, 3.75, 3.75 ], "texture": "#voxels_atlas" },
				"west": { "uv": [ 3.75, 0, 4, 0.25 ], "texture": "#voxels_atlas" },
				"east": { "uv": [ 4.25, 0.25, 4, 0.5 ], "texture": "#voxels_atlas" }
			}
		},
		{
			"__comment": "Voxels",
			"from": [ 3, 0.5, 12.75 ],
			"to": [ 4, 0.75, 13 ],
			"faces": {
				"down": { "uv": [ 4.25, 2.25, 5.25, 2.5 ], "texture": "#voxels_atlas" },
				"up": { "uv": [ 4.25, 2.75, 5.25, 2.5 ], "texture": "#voxels_atlas" },
				"north": { "uv": [ 5.25, 2.75, 4.25, 3 ], "texture": "#voxels_atlas" },
				"south": { "uv": [ 4.25, 3, 5.25, 3.25 ], "texture": "#voxels_atlas" },
				"west": { "uv": [ 3.75, 1, 4, 1.25 ], "texture": "#voxels_atlas" },
				"east": { "uv": [ 4.25, 1.25, 4, 1.5 ], "texture": "#voxels_atlas" }
			}
		},
		{
			"__comment": "Voxels",
			"from": [ 3.25, 0, 12.5 ],
			"to": [ 4.25, 0.25, 12.75 ],
			"faces": {
				"down": { "uv": [ 4.25, 3.25, 5.25, 3.5 ], "texture": "#voxels_atlas" },
				"up": { "uv": [ 4.25, 3.75, 5.25, 3.5 ], "texture": "#voxels_atlas" },
				"north": { "uv": [ 5.25, 3.75, 4.25, 4 ], "texture": "#voxels_atlas" },
				"south": { "uv": [ 4.25, 4, 5.25, 4.25 ], "texture": "#voxels_atlas" },
				"west": { "uv": [ 3.75, 2.25, 4, 2.5 ], "texture": "#voxels_atlas" },
				"east": { "uv": [ 4.25, 2.5, 4, 2.75 ], "texture": "#voxels_atlas" }
			}
		},
		{
			"__comment": "Voxels",
			"from": [ 3.25, 0.25, 12 ],
			"to": [ 5, 0.5, 12.25 ],
			"faces": {
				"down": { "uv": [ 4, 12.25, 5.75, 12.5 ], "texture": "#voxels_atlas" },
				"up": { "uv": [ 5.75, 12.5, 7.5, 12.25 ], "texture": "#voxels_atlas" },
				"north": { "uv": [ 9.25, 12.25, 7.5, 12.5 ], "texture": "#voxels_atlas" },
				"south": { "uv": [ 12.25, 13.5, 14, 13.75 ], "texture": "#voxels_atlas" },
				"west": { "uv": [ 3.75, 2.5, 4, 2.75 ], "texture": "#voxels_atlas" },
				"east": { "uv": [ 4.25, 2.75, 4, 3 ], "texture": "#voxels_atlas" }
			}
		},
		{
			"__comment": "Voxels",
			"from": [ 3.25, 0.25, 12.25 ],
			"to": [ 4.75, 0.5, 12.5 ],
			"faces": {
				"down": { "uv": [ 2.25, 3.25, 3.75, 3.5 ], "texture": "#voxels_atlas" },
				"up": { "uv": [ 2.25, 3.25, 3.75, 3 ], "texture": "#voxels_atlas" },
				"north": { "uv": [ 3.75, 2.75, 2.25, 3 ], "texture": "#voxels_atlas" },
				"south": { "uv": [ 2.25, 1.5, 3.75, 1.75 ], "texture": "#voxels_atlas" },
				"west": { "uv": [ 3.75, 3, 4, 3.25 ], "texture": "#voxels_atlas" },
				"east": { "uv": [ 4.25, 3.25, 4, 3.5 ], "texture": "#voxels_atlas" }
			}
		},
		{
			"__comment": "Voxels",
			"from": [ 3.25, 0.5, 12.5 ],
			"to": [ 4.25, 0.75, 12.75 ],
			"faces": {
				"down": { "uv": [ 4.25, 4.25, 5.25, 4.5 ], "texture": "#voxels_atlas" },
				"up": { "uv": [ 4.25, 4.75, 5.25, 4.5 ], "texture": "#voxels_atlas" },
				"north": { "uv": [ 5.25, 4.75, 4.25, 5 ], "texture": "#voxels_atlas" },
				"south": { "uv": [ 10.25, 10.75, 11.25, 11 ], "texture": "#voxels_atlas" },
				"west": { "uv": [ 3.75, 4, 4, 4.25 ], "texture": "#voxels_atlas" },
				"east": { "uv": [ 4.25, 4.25, 4, 4.5 ], "texture": "#voxels_atlas" }
			}
		},
		{
			"__comment": "Voxels",
			"from": [ 3.5, 0, 12 ],
			"to": [ 4.75, 0.25, 12.25 ],
			"faces": {
				"down": { "uv": [ 11.25, 11.5, 12.5, 11.75 ], "texture": "#voxels_atlas" },
				"up": { "uv": [ 7.75, 12, 9, 11.75 ], "texture": "#voxels_atlas" },
				"north": { "uv": [ 10.25, 11.75, 9, 12 ], "texture": "#voxels_atlas" },
				"south": { "uv": [ 10.25, 11.75, 11.5, 12 ], "texture": "#voxels_atlas" },
				"west": { "uv": [ 2, 0.5, 2.25, 0.75 ], "texture": "#voxels_atlas" },
				"east": { "uv": [ 2.25, 0.75, 2, 1 ], "texture": "#voxels_atlas" }
			}
		},
		{
			"__comment": "Voxels",
			"from": [ 3.5, 0, 12.25 ],
			"to": [ 4.5, 0.25, 12.5 ],
			"faces": {
				"down": { "uv": [ 4.25, 5, 5.25, 5.25 ], "texture": "#voxels_atlas" },
				"up": { "uv": [ 4.25, 5.5, 5.25, 5.25 ], "texture": "#voxels_atlas" },
				"north": { "uv": [ 5.25, 5.5, 4.25, 5.75 ], "texture": "#voxels_atlas" },
				"south": { "uv": [ 4.25, 5.75, 5.25, 6 ], "texture": "#voxels_atlas" },
				"west": { "uv": [ 2, 2.25, 2.25, 2.5 ], "texture": "#voxels_atlas" },
				"east": { "uv": [ 2.25, 2.5, 2, 2.75 ], "texture": "#voxels_atlas" }
			}
		},
		{
			"__comment": "Voxels",
			"from": [ 3.5, 0.25, 11.75 ],
			"to": [ 5, 0.5, 12 ],
			"faces": {
				"down": { "uv": [ 2.25, 11.5, 3.75, 11.75 ], "texture": "#voxels_atlas" },
				"up": { "uv": [ 2.25, 1.5, 3.75, 1.25 ], "texture": "#voxels_atlas" },
				"north": { "uv": [ 3.75, 1, 2.25, 1.25 ], "texture": "#voxels_atlas" },
				"south": { "uv": [ 2.25, 0.75, 3.75, 1 ], "texture": "#voxels_atlas" },
				"west": { "uv": [ 2, 2.75, 2.25, 3 ], "texture": "#voxels_atlas" },
				"east": { "uv": [ 2.25, 3.5, 2, 3.75 ], "texture": "#voxels_atlas" }
			}
		},
		{
			"__comment": "Voxels",
			"from": [ 3.5, 0.5, 12 ],
			"to": [ 4.75, 0.75, 12.25 ],
			"faces": {
				"down": { "uv": [ 11.5, 11.75, 12.75, 12 ], "texture": "#voxels_atlas" },
				"up": { "uv": [ 13.75, 11.75, 15, 11.5 ], "texture": "#voxels_atlas" },
				"north": { "uv": [ 7.75, 11.75, 6.5, 12 ], "texture": "#voxels_atlas" },
				"south": { "uv": [ 12.5, 11.5, 13.75, 11.75 ], "texture": "#voxels_atlas" },
				"west": { "uv": [ 2, 5.25, 2.25, 5.5 ], "texture": "#voxels_atlas" },
				"east": { "uv": [ 2.25, 5.5, 2, 5.75 ], "texture": "#voxels_atlas" }
			}
		},
		{
			"__comment": "Voxels",
			"from": [ 3.5, 0.5, 12.25 ],
			"to": [ 4.5, 0.75, 12.5 ],
			"faces": {
				"down": { "uv": [ 4.25, 6, 5.25, 6.25 ], "texture": "#voxels_atlas" },
				"up": { "uv": [ 4.25, 6.5, 5.25, 6.25 ], "texture": "#voxels_atlas" },
				"north": { "uv": [ 5.25, 6.5, 4.25, 6.75 ], "texture": "#voxels_atlas" },
				"south": { "uv": [ 6.25, 11, 7.25, 11.25 ], "texture": "#voxels_atlas" },
				"west": { "uv": [ 2, 7.25, 2.25, 7.5 ], "texture": "#voxels_atlas" },
				"east": { "uv": [ 2.25, 8, 2, 8.25 ], "texture": "#voxels_atlas" }
			}
		},
		{
			"__comment": "Voxels",
			"from": [ 3.75, 0, 11.75 ],
			"to": [ 4.75, 0.25, 12 ],
			"faces": {
				"down": { "uv": [ 13.25, 10.75, 14.25, 11 ], "texture": "#voxels_atlas" },
				"up": { "uv": [ 7.25, 11.25, 8.25, 11 ], "texture": "#voxels_atlas" },
				"north": { "uv": [ 5.25, 10.5, 4.25, 10.75 ], "texture": "#voxels_atlas" },
				"south": { "uv": [ 4.25, 9, 5.25, 9.25 ], "texture": "#voxels_atlas" },
				"west": { "uv": [ 2, 8.75, 2.25, 9 ], "texture": "#voxels_atlas" },
				"east": { "uv": [ 2.25, 9, 2, 9.25 ], "texture": "#voxels_atlas" }
			}
		},
		{
			"__comment": "Voxels",
			"from": [ 3.75, 0.25, 11.5 ],
			"to": [ 5.25, 0.5, 11.75 ],
			"faces": {
				"down": { "uv": [ 2.25, 0.5, 3.75, 0.75 ], "texture": "#voxels_atlas" },
				"up": { "uv": [ 2.25, 0.25, 3.75, 0 ], "texture": "#voxels_atlas" },
				"north": { "uv": [ 5.25, 12, 3.75, 12.25 ], "texture": "#voxels_atlas" },
				"south": { "uv": [ 11.25, 12, 12.75, 12.25 ], "texture": "#voxels_atlas" },
				"west": { "uv": [ 2, 9.25, 2.25, 9.5 ], "texture": "#voxels_atlas" },
				"east": { "uv": [ 16, 14, 15.75, 14.25 ], "texture": "#voxels_atlas" }
			}
		},
		{
			"__comment": "Voxels",
			"from": [ 3.75, 0.5, 11.75 ],
			"to": [ 4.75, 0.75, 12 ],
			"faces": {
				"down": { "uv": [ 12.25, 10.75, 13.25, 11 ], "texture": "#voxels_atlas" },
				"up": { "uv": [ 4.25, 11, 5.25, 10.75 ], "texture": "#voxels_atlas" },
				"north": { "uv": [ 15.25, 11, 14.25, 11.25 ], "texture": "#voxels_atlas" },
				"south": { "uv": [ 4.25, 8.25, 5.25, 8.5 ], "texture": "#voxels_atlas" },
				"west": { "uv": [ 11, 10.25, 11.25, 10.5 ], "texture": "#voxels_atlas" },
				"east": { "uv": [ 10, 10.25, 9.75, 10.5 ], "texture": "#voxels_atlas" }
			}
		},
		{
			"__comment": "Voxels",
			"from": [ 4, 0, 11.5 ],
			"to": [ 5, 0.25, 11.75 ],
			"faces": {
				"down": { "uv": [ 14.25, 10.75, 15.25, 11 ], "texture": "#voxels_atlas" },
				"up": { "uv": [ 5.25, 11.25, 6.25, 11 ], "texture": "#voxels_atlas" },
				"north": { "uv": [ 5.25, 9.25, 4.25, 9.5 ], "texture": "#voxels_atlas" },
				"south": { "uv": [ 4.25, 10.25, 5.25, 10.5 ], "texture": "#voxels_atlas" },
				"west": { "uv": [ 5.25, 1, 5.5, 1.25 ], "texture": "#voxels_atlas" },
				"east": { "uv": [ 5.5, 1.25, 5.25, 1.5 ], "texture": "#voxels_atlas" }
			}
		},
		{
			"__comment": "Voxels",
			"from": [ 4, 0.25, 11 ],
			"to": [ 5.5, 0.5, 11.5 ],
			"faces": {
				"down": { "uv": [ 10.5, 15.5, 12, 16 ], "texture": "#voxels_atlas" },
				"up": { "uv": [ 9, 16, 10.5, 15.5 ], "texture": "#voxels_atlas" },
				"north": { "uv": [ 14.25, 12, 12.75, 12.25 ], "texture": "#voxels_atlas" },
				"south": { "uv": [ 14.25, 12, 15.75, 12.25 ], "texture": "#voxels_atlas" },
				"west": { "uv": [ 3.75, 9.25, 4.25, 9.5 ], "texture": "#voxels_atlas" },
				"east": { "uv": [ 4.25, 5.25, 3.75, 5.5 ], "texture": "#voxels_atlas" }
			}
		},
		{
			"__comment": "Voxels",
			"from": [ 4, 0.5, 11.5 ],
			"to": [ 5, 0.75, 11.75 ],
			"faces": {
				"down": { "uv": [ 9.25, 10.75, 10.25, 11 ], "texture": "#voxels_atlas" },
				"up": { "uv": [ 8.25, 11, 9.25, 10.75 ], "texture": "#voxels_atlas" },
				"north": { "uv": [ 14.25, 11, 13.25, 11.25 ], "texture": "#voxels_atlas" },
				"south": { "uv": [ 12.25, 11, 13.25, 11.25 ], "texture": "#voxels_atlas" },
				"west": { "uv": [ 5.25, 4, 5.5, 4.25 ], "texture": "#voxels_atlas" },
				"east": { "uv": [ 5.5, 4.25, 5.25, 4.5 ], "texture": "#voxels_atlas" }
			}
		},
		{
			"__comment": "Voxels",
			"from": [ 4.25, 0, 11 ],
			"to": [ 5.25, 0.25, 11.5 ],
			"faces": {
				"down": { "uv": [ 15, 15.5, 16, 16 ], "texture": "#voxels_atlas" },
				"up": { "uv": [ 0, 5.5, 1, 5 ], "texture": "#voxels_atlas" },
				"north": { "uv": [ 5.25, 8.5, 4.25, 8.75 ], "texture": "#voxels_atlas" },
				"south": { "uv": [ 4.25, 8.75, 5.25, 9 ], "texture": "#voxels_atlas" },
				"west": { "uv": [ 3.75, 8, 4.25, 8.25 ], "texture": "#voxels_atlas" },
				"east": { "uv": [ 4.25, 8.75, 3.75, 9 ], "texture": "#voxels_atlas" }
			}
		},
		{
			"__comment": "Voxels",
			"from": [ 4.25, 0.25, 10.75 ],
			"to": [ 5.75, 0.5, 11 ],
			"faces": {
				"down": { "uv": [ 3.75, 11.75, 5.25, 12 ], "texture": "#voxels_atlas" },
				"up": { "uv": [ 14.5, 13, 16, 12.75 ], "texture": "#voxels_atlas" },
				"north": { "uv": [ 16, 12.5, 14.5, 12.75 ], "texture": "#voxels_atlas" },
				"south": { "uv": [ 2.25, 6.75, 3.75, 7 ], "texture": "#voxels_atlas" },
				"west": { "uv": [ 5.25, 7.75, 5.5, 8 ], "texture": "#voxels_atlas" },
				"east": { "uv": [ 5.5, 7.5, 5.25, 7.75 ], "texture": "#voxels_atlas" }
			}
		},
		{
			"__comment": "Voxels",
			"from": [ 4.25, 0.5, 11 ],
			"to": [ 5.25, 0.75, 11.5 ],
			"faces": {
				"down": { "uv": [ 2.25, 13, 3.25, 13.5 ], "texture": "#voxels_atlas" },
				"up": { "uv": [ 1, 5.5, 2, 5 ], "texture": "#voxels_atlas" },
				"north": { "uv": [ 10.25, 11.25, 9.25, 11.5 ], "texture": "#voxels_atlas" },
				"south": { "uv": [ 10.25, 11.25, 11.25, 11.5 ], "texture": "#voxels_atlas" },
				"west": { "uv": [ 3.75, 8.25, 4.25, 8.5 ], "texture": "#voxels_atlas" },
				"east": { "uv": [ 4.25, 6.25, 3.75, 6.5 ], "texture": "#voxels_atlas" }
			}
		},
		{
			"__comment": "Voxels",
			"from": [ 4.5, 0, 10.75 ],
			"to": [ 5.5, 0.25, 11 ],
			"faces": {
				"down": { "uv": [ 4.25, 6.75, 5.25, 7 ], "texture": "#voxels_atlas" },
				"up": { "uv": [ 4.25, 10.25, 5.25, 10 ], "texture": "#voxels_atlas" },
				"north": { "uv": [ 5.25, 9.75, 4.25, 10 ], "texture": "#voxels_atlas" },
				"south": { "uv": [ 4.25, 9.5, 5.25, 9.75 ], "texture": "#voxels_atlas" },
				"west": { "uv": [ 5.25, 9.25, 5.5, 9.5 ], "texture": "#voxels_atlas" },
				"east": { "uv": [ 5.5, 9, 5.25, 9.25 ], "texture": "#voxels_atlas" }
			}
		},
		{
			"__comment": "Voxels",
			"from": [ 4.5, 0.25, 10.25 ],
			"to": [ 6, 0.5, 10.75 ],
			"faces": {
				"down": { "uv": [ 13.5, 15.5, 15, 16 ], "texture": "#voxels_atlas" },
				"up": { "uv": [ 12, 16, 13.5, 15.5 ], "texture": "#voxels_atlas" },
				"north": { "uv": [ 3.75, 11.25, 2.25, 11.5 ], "texture": "#voxels_atlas" },
				"south": { "uv": [ 2.25, 8, 3.75, 8.25 ], "texture": "#voxels_atlas" },
				"west": { "uv": [ 3.75, 8.5, 4.25, 8.75 ], "texture": "#voxels_atlas" },
				"east": { "uv": [ 4.25, 6, 3.75, 6.25 ], "texture": "#voxels_atlas" }
			}
		},
		{
			"__comment": "Voxels",
			"from": [ 4.5, 0.5, 10.75 ],
			"to": [ 5.5, 0.75, 11 ],
			"faces": {
				"down": { "uv": [ 4.25, 8, 5.25, 8.25 ], "texture": "#voxels_atlas" },
				"up": { "uv": [ 4.25, 8, 5.25, 7.75 ], "texture": "#voxels_atlas" },
				"north": { "uv": [ 5.25, 7.5, 4.25, 7.75 ], "texture": "#voxels_atlas" },
				"south": { "uv": [ 4.25, 7.25, 5.25, 7.5 ], "texture": "#voxels_atlas" },
				"west": { "uv": [ 5.25, 7, 5.5, 7.25 ], "texture": "#voxels_atlas" },
				"east": { "uv": [ 5.5, 6.25, 5.25, 6.5 ], "texture": "#voxels_atlas" }
			}
		},
		{
			"__comment": "Voxels",
			"from": [ 4.75, 0, 10.25 ],
			"to": [ 5.25, 0.25, 10.75 ],
			"faces": {
				"down": { "uv": [ 3.75, 10.25, 4.25, 10.75 ], "texture": "#voxels_atlas" },
				"up": { "uv": [ 3.75, 10.25, 4.25, 9.75 ], "texture": "#voxels_atlas" },
				"north": { "uv": [ 4.25, 7.75, 3.75, 8 ], "texture": "#voxels_atlas" },
				"south": { "uv": [ 3.75, 6.5, 4.25, 6.75 ], "texture": "#voxels_atlas" },
				"west": { "uv": [ 3.75, 4.75, 4.25, 5 ], "texture": "#voxels_atlas" },
				"east": { "uv": [ 4.25, 9, 3.75, 9.25 ], "texture": "#voxels_atlas" }
			}
		},
		{
			"__comment": "Voxels",
			"from": [ 4.75, 0.25, 10 ],
			"to": [ 6.25, 0.5, 10.25 ],
			"faces": {
				"down": { "uv": [ 2.25, 7.75, 3.75, 8 ], "texture": "#voxels_atlas" },
				"up": { "uv": [ 2.25, 7.75, 3.75, 7.5 ], "texture": "#voxels_atlas" },
				"north": { "uv": [ 3.75, 7.25, 2.25, 7.5 ], "texture": "#voxels_atlas" },
				"south": { "uv": [ 2.25, 7, 3.75, 7.25 ], "texture": "#voxels_atlas" },
				"west": { "uv": [ 5.25, 5.25, 5.5, 5.5 ], "texture": "#voxels_atlas" },
				"east": { "uv": [ 5.5, 5, 5.25, 5.25 ], "texture": "#voxels_atlas" }
			}
		},
		{
			"__comment": "Voxels",
			"from": [ 4.75, 0.5, 10.25 ],
			"to": [ 5.25, 0.75, 10.75 ],
			"faces": {
				"down": { "uv": [ 15.5, 13, 16, 13.5 ], "texture": "#voxels_atlas" },
				"up": { "uv": [ 3.75, 11.25, 4.25, 10.75 ], "texture": "#voxels_atlas" },
				"north": { "uv": [ 4.25, 7, 3.75, 7.25 ], "texture": "#voxels_atlas" },
				"south": { "uv": [ 3.75, 6.75, 4.25, 7 ], "texture": "#voxels_atlas" },
				"west": { "uv": [ 3.75, 5.75, 4.25, 6 ], "texture": "#voxels_atlas" },
				"east": { "uv": [ 4.25, 5.5, 3.75, 5.75 ], "texture": "#voxels_atlas" }
			}
		},
		{
			"__comment": "Voxels",
			"from": [ 5, 0.25, 8.75 ],
			"to": [ 7.25, 0.5, 9 ],
			"faces": {
				"down": { "uv": [ 6.75, 13.75, 9, 14 ], "texture": "#voxels_atlas" },
				"up": { "uv": [ 4.5, 14, 6.75, 13.75 ], "texture": "#voxels_atlas" },
				"north": { "uv": [ 4.5, 13.75, 2.25, 14 ], "texture": "#voxels_atlas" },
				"south": { "uv": [ 0, 10.5, 2.25, 10.75 ], "texture": "#voxels_atlas" },
				"west": { "uv": [ 5.25, 3.25, 5.5, 3.5 ], "texture": "#voxels_atlas" },
				"east": { "uv": [ 5.5, 3, 5.25, 3.25 ], "texture": "#voxels_atlas" }
			}
		},
		{
			"__comment": "Voxels",
			"from": [ 5, 0.25, 9 ],
			"to": [ 7, 0.5, 9.25 ],
			"faces": {
				"down": { "uv": [ 0, 7.5, 2, 7.75 ], "texture": "#voxels_atlas" },
				"up": { "uv": [ 0, 5.75, 2, 5.5 ], "texture": "#voxels_atlas" },
				"north": { "uv": [ 2, 5.75, 0, 6 ], "texture": "#voxels_atlas" },
				"south": { "uv": [ 10.25, 13.5, 12.25, 13.75 ], "texture": "#voxels_atlas" },
				"west": { "uv": [ 5.25, 1.75, 5.5, 2 ], "texture": "#voxels_atlas" },
				"east": { "uv": [ 5.5, 1.5, 5.25, 1.75 ], "texture": "#voxels_atlas" }
			}
		},
		{
			"__comment": "Voxels",
			"from": [ 5, 0.25, 9.25 ],
			"to": [ 6.75, 0.5, 9.5 ],
			"faces": {
				"down": { "uv": [ 13.75, 13.25, 15.5, 13.5 ], "texture": "#voxels_atlas" },
				"up": { "uv": [ 12, 13.25, 13.75, 13 ], "texture": "#voxels_atlas" },
				"north": { "uv": [ 14.5, 12.75, 12.75, 13 ], "texture": "#voxels_atlas" },
				"south": { "uv": [ 11, 12.75, 12.75, 13 ], "texture": "#voxels_atlas" },
				"west": { "uv": [ 5.5, 10.25, 5.75, 10.5 ], "texture": "#voxels_atlas" },
				"east": { "uv": [ 6, 10.25, 5.75, 10.5 ], "texture": "#voxels_atlas" }
			}
		},
		{
			"__comment": "Voxels",
			"from": [ 5, 0.25, 9.5 ],
			"to": [ 6.5, 0.5, 10 ],
			"faces": {
				"down": { "uv": [ 1.5, 15, 3, 15.5 ], "texture": "#voxels_atlas" },
				"up": { "uv": [ 0, 15.5, 1.5, 15 ], "texture": "#voxels_atlas" },
				"north": { "uv": [ 3.75, 6.5, 2.25, 6.75 ], "texture": "#voxels_atlas" },
				"south": { "uv": [ 2.25, 6.25, 3.75, 6.5 ], "texture": "#voxels_atlas" },
				"west": { "uv": [ 3.75, 7.5, 4.25, 7.75 ], "texture": "#voxels_atlas" },
				"east": { "uv": [ 4.25, 7.25, 3.75, 7.5 ], "texture": "#voxels_atlas" }
			}
		},
		{
			"__comment": "Voxels",
			"from": [ 5.25, 0, 10.5 ],
			"to": [ 5.5, 0.25, 10.75 ],
			"faces": {
				"down": { "uv": [ 4, 4, 4.25, 4.25 ], "texture": "#voxels_atlas" },
				"up": { "uv": [ 6.5, 10.5, 6.75, 10.25 ], "texture": "#voxels_atlas" },
				"north": { "uv": [ 7, 10.25, 6.75, 10.5 ], "texture": "#voxels_atlas" },
				"south": { "uv": [ 8.5, 10.25, 8.75, 10.5 ], "texture": "#voxels_atlas" },
				"west": { "uv": [ 8.75, 10.25, 9, 10.5 ], "texture": "#voxels_atlas" },
				"east": { "uv": [ 9.75, 10.25, 9.5, 10.5 ], "texture": "#voxels_atlas" }
			}
		},
		{
			"__comment": "Voxels",
			"from": [ 5.25, 0.25, 8.5 ],
			"to": [ 7.25, 0.5, 8.75 ],
			"faces": {
				"down": { "uv": [ 0, 6, 2, 6.25 ], "texture": "#voxels_atlas" },
				"up": { "uv": [ 8.25, 13.75, 10.25, 13.5 ], "texture": "#voxels_atlas" },
				"north": { "uv": [ 8.25, 13.5, 6.25, 13.75 ], "texture": "#voxels_atlas" },
				"south": { "uv": [ 0, 3.5, 2, 3.75 ], "texture": "#voxels_atlas" },
				"west": { "uv": [ 11.25, 10.25, 11.5, 10.5 ], "texture": "#voxels_atlas" },
				"east": { "uv": [ 11.75, 10.25, 11.5, 10.5 ], "texture": "#voxels_atlas" }
			}
		},
		{
			"__comment": "Voxels",
			"from": [ 5.25, 0.5, 10.5 ],
			"to": [ 5.5, 0.75, 10.75 ],
			"faces": {
				"down": { "uv": [ 11.75, 10.25, 12, 10.5 ], "texture": "#voxels_atlas" },
				"up": { "uv": [ 12.5, 10.5, 12.75, 10.25 ], "texture": "#voxels_atlas" },
				"north": { "uv": [ 13, 10.25, 12.75, 10.5 ], "texture": "#voxels_atlas" },
				"south": { "uv": [ 13, 10.25, 13.25, 10.5 ], "texture": "#voxels_atlas" },
				"west": { "uv": [ 13.25, 10.25, 13.5, 10.5 ], "texture": "#voxels_atlas" },
				"east": { "uv": [ 16, 14.5, 15.75, 14.75 ], "texture": "#voxels_atlas" }
			}
		},
		{
			"__comment": "Voxels",
			"from": [ 5.75, 0.25, 8 ],
			"to": [ 7.75, 0.5, 8.25 ],
			"faces": {
				"down": { "uv": [ 0, 3.75, 2, 4 ], "texture": "#voxels_atlas" },
				"up": { "uv": [ 14, 15.25, 16, 15 ], "texture": "#voxels_atlas" },
				"north": { "uv": [ 2, 6.5, 0, 6.75 ], "texture": "#voxels_atlas" },
				"south": { "uv": [ 0, 6.25, 2, 6.5 ], "texture": "#voxels_atlas" },
				"west": { "uv": [ 15.75, 13.75, 16, 14 ], "texture": "#voxels_atlas" },
				"east": { "uv": [ 2.25, 9.5, 2, 9.75 ], "texture": "#voxels_atlas" }
			}
		},
		{
			"__comment": "Voxels",
			"from": [ 5.75, 0.25, 8.25 ],
			"to": [ 7.5, 0.5, 8.5 ],
			"faces": {
				"down": { "uv": [ 12, 13.25, 13.75, 13.5 ], "texture": "#voxels_atlas" },
				"up": { "uv": [ 10.25, 13.5, 12, 13.25 ], "texture": "#voxels_atlas" },
				"north": { "uv": [ 10.25, 13, 8.5, 13.25 ], "texture": "#voxels_atlas" },
				"south": { "uv": [ 4, 12.75, 5.75, 13 ], "texture": "#voxels_atlas" },
				"west": { "uv": [ 2, 8.5, 2.25, 8.75 ], "texture": "#voxels_atlas" },
				"east": { "uv": [ 2.25, 8.25, 2, 8.5 ], "texture": "#voxels_atlas" }
			}
		},
		{
			"__comment": "Voxels",
			"from": [ 6, 0.25, 7.75 ],
			"to": [ 7.75, 0.5, 8 ],
			"faces": {
				"down": { "uv": [ 2.25, 12.5, 4, 12.75 ], "texture": "#voxels_atlas" },
				"up": { "uv": [ 10.25, 13.25, 12, 13 ], "texture": "#voxels_atlas" },
				"north": { "uv": [ 11, 12.75, 9.25, 13 ], "texture": "#voxels_atlas" },
				"south": { "uv": [ 9.25, 12.5, 11, 12.75 ], "texture": "#voxels_atlas" },
				"west": { "uv": [ 2, 7.75, 2.25, 8 ], "texture": "#voxels_atlas" },
				"east": { "uv": [ 2.25, 7.5, 2, 7.75 ], "texture": "#voxels_atlas" }
			}
		},
		{
			"__comment": "Voxels",
			"from": [ 6.25, 0.25, 7.25 ],
			"to": [ 8.25, 0.5, 7.5 ],
			"faces": {
				"down": { "uv": [ 0, 3.25, 2, 3.5 ], "texture": "#voxels_atlas" },
				"up": { "uv": [ 0, 3.25, 2, 3 ], "texture": "#voxels_atlas" },
				"north": { "uv": [ 2, 2.75, 0, 3 ], "texture": "#voxels_atlas" },
				"south": { "uv": [ 0, 2.5, 2, 2.75 ], "texture": "#voxels_atlas" },
				"west": { "uv": [ 2, 6.25, 2.25, 6.5 ], "texture": "#voxels_atlas" },
				"east": { "uv": [ 2.25, 6, 2, 6.25 ], "texture": "#voxels_atlas" }
			}
		},
		{
			"__comment": "Voxels",
			"from": [ 6.25, 0.25, 7.5 ],
			"to": [ 8, 0.5, 7.75 ],
			"faces": {
				"down": { "uv": [ 14, 13.5, 15.75, 13.75 ], "texture": "#voxels_atlas" },
				"up": { "uv": [ 3.25, 13.5, 5, 13.25 ], "texture": "#voxels_atlas" },
				"north": { "uv": [ 5, 13, 3.25, 13.25 ], "texture": "#voxels_atlas" },
				"south": { "uv": [ 5, 13.25, 6.75, 13.5 ], "texture": "#voxels_atlas" },
				"west": { "uv": [ 2, 4.75, 2.25, 5 ], "texture": "#voxels_atlas" },
				"east": { "uv": [ 2.25, 4.5, 2, 4.75 ], "texture": "#voxels_atlas" }
			}
		},
		{
			"__comment": "Voxels",
			"from": [ 6.5, 0.25, 7 ],
			"to": [ 8.5, 0.5, 7.25 ],
			"faces": {
				"down": { "uv": [ 0, 2.25, 2, 2.5 ], "texture": "#voxels_atlas" },
				"up": { "uv": [ 0, 2.25, 2, 2 ], "texture": "#voxels_atlas" },
				"north": { "uv": [ 2, 1.75, 0, 2 ], "texture": "#voxels_atlas" },
				"south": { "uv": [ 0, 1.5, 2, 1.75 ], "texture": "#voxels_atlas" },
				"west": { "uv": [ 2, 3.25, 2.25, 3.5 ], "texture": "#voxels_atlas" },
				"east": { "uv": [ 2.25, 3, 2, 3.25 ], "texture": "#voxels_atlas" }
			}
		},
		{
			"__comment": "Voxels",
			"from": [ 6.75, 0.25, 6.5 ],
			"to": [ 8.75, 0.5, 6.75 ],
			"faces": {
				"down": { "uv": [ 0, 1.25, 2, 1.5 ], "texture": "#voxels_atlas" },
				"up": { "uv": [ 0, 1.25, 2, 1 ], "texture": "#voxels_atlas" },
				"north": { "uv": [ 2, 0.75, 0, 1 ], "texture": "#voxels_atlas" },
				"south": { "uv": [ 0, 0.5, 2, 0.75 ], "texture": "#voxels_atlas" },
				"west": { "uv": [ 2, 1.75, 2.25, 2 ], "texture": "#voxels_atlas" },
				"east": { "uv": [ 5.5, 7.25, 5.25, 7.5 ], "texture": "#voxels_atlas" }
			}
		},
		{
			"__comment": "Voxels",
			"from": [ 6.75, 0.25, 6.75 ],
			"to": [ 8.5, 0.5, 7 ],
			"faces": {
				"down": { "uv": [ 13.75, 13, 15.5, 13.25 ], "texture": "#voxels_atlas" },
				"up": { "uv": [ 2.25, 13, 4, 12.75 ], "texture": "#voxels_atlas" },
				"north": { "uv": [ 7.5, 12.75, 5.75, 13 ], "texture": "#voxels_atlas" },
				"south": { "uv": [ 7.5, 12.75, 9.25, 13 ], "texture": "#voxels_atlas" },
				"west": { "uv": [ 2, 0.25, 2.25, 0.5 ], "texture": "#voxels_atlas" },
				"east": { "uv": [ 2.25, 0, 2, 0.25 ], "texture": "#voxels_atlas" }
			}
		},
		{
			"__comment": "Voxels",
			"from": [ 7, 0.25, 6.25 ],
			"to": [ 9, 0.5, 6.5 ],
			"faces": {
				"down": { "uv": [ 0, 0.25, 2, 0.5 ], "texture": "#voxels_atlas" },
				"up": { "uv": [ 0, 0.25, 2, 0 ], "texture": "#voxels_atlas" },
				"north": { "uv": [ 4.25, 13.5, 2.25, 13.75 ], "texture": "#voxels_atlas" },
				"south": { "uv": [ 4.25, 13.5, 6.25, 13.75 ], "texture": "#voxels_atlas" },
				"west": { "uv": [ 4, 4.5, 4.25, 4.75 ], "texture": "#voxels_atlas" },
				"east": { "uv": [ 4, 4.25, 3.75, 4.5 ], "texture": "#voxels_atlas" }
			}
		},
		{
			"__comment": "Voxels",
			"from": [ 7.25, 0.25, 5.75 ],
			"to": [ 9.5, 0.5, 6 ],
			"faces": {
				"down": { "uv": [ 0, 13.75, 2.25, 14 ], "texture": "#voxels_atlas" },
				"up": { "uv": [ 13.5, 14.25, 15.75, 14 ], "texture": "#voxels_atlas" },
				"north": { "uv": [ 11.25, 14, 9, 14.25 ], "texture": "#voxels_atlas" },
				"south": { "uv": [ 6.75, 14, 9, 14.25 ], "texture": "#voxels_atlas" },
				"west": { "uv": [ 4, 3.75, 4.25, 4 ], "texture": "#voxels_atlas" },
				"east": { "uv": [ 4, 3.5, 3.75, 3.75 ], "texture": "#voxels_atlas" }
			}
		},
		{
			"__comment": "Voxels",
			"from": [ 7.25, 0.25, 6 ],
			"to": [ 9.25, 0.5, 6.25 ],
			"faces": {
				"down": { "uv": [ 0, 4, 2, 4.25 ], "texture": "#voxels_atlas" },
				"up": { "uv": [ 0, 4.5, 2, 4.25 ], "texture": "#voxels_atlas" },
				"north": { "uv": [ 2, 4.5, 0, 4.75 ], "texture": "#voxels_atlas" },
				"south": { "uv": [ 0, 4.75, 2, 5 ], "texture": "#voxels_atlas" },
				"west": { "uv": [ 4, 3, 4.25, 3.25 ], "texture": "#voxels_atlas" },
				"east": { "uv": [ 4, 2.75, 3.75, 3 ], "texture": "#voxels_atlas" }
			}
		},
		{
			"__comment": "Voxels",
			"from": [ 7.5, 0.25, 5.5 ],
			"to": [ 9.75, 0.5, 5.75 ],
			"faces": {
				"down": { "uv": [ 0, 11.5, 2.25, 11.75 ], "texture": "#voxels_atlas" },
				"up": { "uv": [ 0, 12, 2.25, 11.75 ], "texture": "#voxels_atlas" },
				"north": { "uv": [ 2.25, 13, 0, 13.25 ], "texture": "#voxels_atlas" },
				"south": { "uv": [ 9, 13.75, 11.25, 14 ], "texture": "#voxels_atlas" },
				"west": { "uv": [ 4, 2.25, 4.25, 2.5 ], "texture": "#voxels_atlas" },
				"east": { "uv": [ 4, 2, 3.75, 2.25 ], "texture": "#voxels_atlas" }
			}
		},
		{
			"__comment": "Voxels",
			"from": [ 8, 0.25, 5.25 ],
			"to": [ 10, 0.5, 5.5 ],
			"faces": {
				"down": { "uv": [ 0, 6.75, 2, 7 ], "texture": "#voxels_atlas" },
				"up": { "uv": [ 0, 7.25, 2, 7 ], "texture": "#voxels_atlas" },
				"north": { "uv": [ 2, 8.25, 0, 8.5 ], "texture": "#voxels_atlas" },
				"south": { "uv": [ 0, 8.5, 2, 8.75 ], "texture": "#voxels_atlas" },
				"west": { "uv": [ 4, 1.5, 4.25, 1.75 ], "texture": "#voxels_atlas" },
				"east": { "uv": [ 4, 1.25, 3.75, 1.5 ], "texture": "#voxels_atlas" }
			}
		},
		{
			"__comment": "Voxels",
			"from": [ 8.25, 0.25, 5 ],
			"to": [ 10.25, 0.5, 5.25 ],
			"faces": {
				"down": { "uv": [ 0, 8.75, 2, 9 ], "texture": "#voxels_atlas" },
				"up": { "uv": [ 0, 9.25, 2, 9 ], "texture": "#voxels_atlas" },
				"north": { "uv": [ 2, 9.25, 0, 9.5 ], "texture": "#voxels_atlas" },
				"south": { "uv": [ 0, 9.5, 2, 9.75 ], "texture": "#voxels_atlas" },
				"west": { "uv": [ 4, 0.75, 4.25, 1 ], "texture": "#voxels_atlas" },
				"east": { "uv": [ 4, 0.5, 3.75, 0.75 ], "texture": "#voxels_atlas" }
			}
		},
		{
			"__comment": "Voxels",
			"from": [ 8.5, 0.25, 4.75 ],
			"to": [ 10.25, 0.5, 5 ],
			"faces": {
				"down": { "uv": [ 7.5, 12.5, 9.25, 12.75 ], "texture": "#voxels_atlas" },
				"up": { "uv": [ 5, 13.25, 6.75, 13 ], "texture": "#voxels_atlas" },
				"north": { "uv": [ 12.75, 12.25, 11, 12.5 ], "texture": "#voxels_atlas" },
				"south": { "uv": [ 9.25, 12.25, 11, 12.5 ], "texture": "#voxels_atlas" },
				"west": { "uv": [ 4, 0, 4.25, 0.25 ], "texture": "#voxels_atlas" },
				"east": { "uv": [ 15.5, 10.5, 15.25, 10.75 ], "texture": "#voxels_atlas" }
			}
		},
		{
			"__comment": "Voxels",
			"from": [ 8.75, 0.25, 4.5 ],
			"to": [ 11, 0.5, 4.75 ],
			"faces": {
				"down": { "uv": [ 11.25, 14, 13.5, 14.25 ], "texture": "#voxels_atlas" },
				"up": { "uv": [ 4.5, 14.25, 6.75, 14 ], "texture": "#voxels_atlas" },
				"north": { "uv": [ 2.25, 9.75, 0, 10 ], "texture": "#voxels_atlas" },
				"south": { "uv": [ 0, 10, 2.25, 10.25 ], "texture": "#voxels_atlas" },
				"west": { "uv": [ 5.25, 9.75, 5.5, 10 ], "texture": "#voxels_atlas" },
				"east": { "uv": [ 5.5, 9.5, 5.25, 9.75 ], "texture": "#voxels_atlas" }
			}
		},
		{
			"__comment": "Voxels",
			"from": [ 9, 0.25, 4.25 ],
			"to": [ 11.5, 0.5, 4.5 ],
			"faces": {
				"down": { "uv": [ 10.75, 14.5, 13.25, 14.75 ], "texture": "#voxels_atlas" },
				"up": { "uv": [ 13.25, 14.75, 15.75, 14.5 ], "texture": "#voxels_atlas" },
				"north": { "uv": [ 10, 14.25, 7.5, 14.5 ], "texture": "#voxels_atlas" },
				"south": { "uv": [ 5, 14.25, 7.5, 14.5 ], "texture": "#voxels_atlas" },
				"west": { "uv": [ 5.25, 8.25, 5.5, 8.5 ], "texture": "#voxels_atlas" },
				"east": { "uv": [ 5.5, 8, 5.25, 8.25 ], "texture": "#voxels_atlas" }
			}
		},
		{
			"__comment": "Voxels",
			"from": [ 9.25, 0.25, 4 ],
			"to": [ 12, 0.5, 4.25 ],
			"faces": {
				"down": { "uv": [ 5.75, 15, 8.5, 15.25 ], "texture": "#voxels_atlas" },
				"up": { "uv": [ 8.5, 15.5, 11.25, 15.25 ], "texture": "#voxels_atlas" },
				"north": { "uv": [ 14, 15.25, 11.25, 15.5 ], "texture": "#voxels_atlas" },
				"south": { "uv": [ 8.5, 15, 11.25, 15.25 ], "texture": "#voxels_atlas" },
				"west": { "uv": [ 5.25, 6.75, 5.5, 7 ], "texture": "#voxels_atlas" },
				"east": { "uv": [ 5.5, 6.5, 5.25, 6.75 ], "texture": "#voxels_atlas" }
			}
		},
		{
			"__comment": "Voxels",
			"from": [ 9.5, 0.25, 3.5 ],
			"to": [ 12.5, 0.5, 4 ],
			"faces": {
				"down": { "uv": [ 3, 15.5, 6, 16 ], "texture": "#voxels_atlas" },
				"up": { "uv": [ 0, 16, 3, 15.5 ], "texture": "#voxels_atlas" },
				"north": { "uv": [ 9, 15.5, 6, 15.75 ], "texture": "#voxels_atlas" },
				"south": { "uv": [ 6, 15.75, 9, 16 ], "texture": "#voxels_atlas" },
				"west": { "uv": [ 3.75, 5, 4.25, 5.25 ], "texture": "#voxels_atlas" },
				"east": { "uv": [ 4.25, 9.5, 3.75, 9.75 ], "texture": "#voxels_atlas" }
			}
		},
		{
			"__comment": "Voxels",
			"from": [ 9.75, 0.25, 3.25 ],
			"to": [ 12.5, 0.5, 3.5 ],
			"faces": {
				"down": { "uv": [ 0, 14.75, 2.75, 15 ], "texture": "#voxels_atlas" },
				"up": { "uv": [ 2.75, 15, 5.5, 14.75 ], "texture": "#voxels_atlas" },
				"north": { "uv": [ 8.25, 14.75, 5.5, 15 ], "texture": "#voxels_atlas" },
				"south": { "uv": [ 8.25, 14.75, 11, 15 ], "texture": "#voxels_atlas" },
				"west": { "uv": [ 5.25, 3.75, 5.5, 4 ], "texture": "#voxels_atlas" },
				"east": { "uv": [ 5.5, 3.5, 5.25, 3.75 ], "texture": "#voxels_atlas" }
			}
		},
		{
			"__comment": "Voxels",
			"from": [ 10, 0.25, 3 ],
			"to": [ 12.75, 0.5, 3.25 ],
			"faces": {
				"down": { "uv": [ 11, 14.75, 13.75, 15 ], "texture": "#voxels_atlas" },
				"up": { "uv": [ 0, 14.75, 2.75, 14.5 ], "texture": "#voxels_atlas" },
				"north": { "uv": [ 5.5, 14.5, 2.75, 14.75 ], "texture": "#voxels_atlas" },
				"south": { "uv": [ 5.5, 14.5, 8.25, 14.75 ], "texture": "#voxels_atlas" },
				"west": { "uv": [ 5.25, 2.25, 5.5, 2.5 ], "texture": "#voxels_atlas" },
				"east": { "uv": [ 5.5, 2, 5.25, 2.25 ], "texture": "#voxels_atlas" }
			}
		},
		{
			"__comment": "Voxels",
			"from": [ 10.25, 0.25, 2.75 ],
			"to": [ 13, 0.5, 3 ],
			"faces": {
				"down": { "uv": [ 3, 15.25, 5.75, 15.5 ], "texture": "#voxels_atlas" },
				"up": { "uv": [ 3, 15.25, 5.75, 15 ], "texture": "#voxels_atlas" },
				"north": { "uv": [ 8.5, 15.25, 5.75, 15.5 ], "texture": "#voxels_atlas" },
				"south": { "uv": [ 11.25, 15, 14, 15.25 ], "texture": "#voxels_atlas" },
				"west": { "uv": [ 5.25, 0.75, 5.5, 1 ], "texture": "#voxels_atlas" },
				"east": { "uv": [ 5.5, 0.5, 5.25, 0.75 ], "texture": "#voxels_atlas" }
			}
		},
		{
			"__comment": "Voxels",
			"from": [ 10.75, 0.25, 2.5 ],
			"to": [ 13.25, 0.5, 2.75 ],
			"faces": {
				"down": { "uv": [ 2.5, 14.25, 5, 14.5 ], "texture": "#voxels_atlas" },
				"up": { "uv": [ 8.25, 14.75, 10.75, 14.5 ], "texture": "#voxels_atlas" },
				"north": { "uv": [ 2.5, 14.25, 0, 14.5 ], "texture": "#voxels_atlas" },
				"south": { "uv": [ 10, 14.25, 12.5, 14.5 ], "texture": "#voxels_atlas" },
				"west": { "uv": [ 6, 10.25, 6.25, 10.5 ], "texture": "#voxels_atlas" },
				"east": { "uv": [ 6.5, 10.25, 6.25, 10.5 ], "texture": "#voxels_atlas" }
			}
		},
		{
			"__comment": "Voxels",
			"from": [ 11.25, 0.25, 2.25 ],
			"to": [ 13.5, 0.5, 2.5 ],
			"faces": {
				"down": { "uv": [ 0, 10.25, 2.25, 10.5 ], "texture": "#voxels_atlas" },
				"up": { "uv": [ 0, 11, 2.25, 10.75 ], "texture": "#voxels_atlas" },
				"north": { "uv": [ 2.25, 11, 0, 11.25 ], "texture": "#voxels_atlas" },
				"south": { "uv": [ 0, 11.25, 2.25, 11.5 ], "texture": "#voxels_atlas" },
				"west": { "uv": [ 7.5, 10.25, 7.75, 10.5 ], "texture": "#voxels_atlas" },
				"east": { "uv": [ 8, 10.25, 7.75, 10.5 ], "texture": "#voxels_atlas" }
			}
		},
		{
			"__comment": "Voxels",
			"from": [ 11.5, 0.25, 2 ],
			"to": [ 13.75, 0.5, 2.25 ],
			"faces": {
				"down": { "uv": [ 0, 12, 2.25, 12.25 ], "texture": "#voxels_atlas" },
				"up": { "uv": [ 0, 12.5, 2.25, 12.25 ], "texture": "#voxels_atlas" },
				"north": { "uv": [ 2.25, 12.5, 0, 12.75 ], "texture": "#voxels_atlas" },
				"south": { "uv": [ 0, 12.75, 2.25, 13 ], "texture": "#voxels_atlas" },
				"west": { "uv": [ 9, 10.25, 9.25, 10.5 ], "texture": "#voxels_atlas" },
				"east": { "uv": [ 9.5, 10.25, 9.25, 10.5 ], "texture": "#voxels_atlas" }
			}
		},
		{
			"__comment": "Voxels",
			"from": [ 12, 0.25, 1.75 ],
			"to": [ 14.25, 0.5, 2 ],
			"faces": {
				"down": { "uv": [ 0, 13.25, 2.25, 13.5 ], "texture": "#voxels_atlas" },
				"up": { "uv": [ 0, 13.75, 2.25, 13.5 ], "texture": "#voxels_atlas" },
				"north": { "uv": [ 15.75, 13.75, 13.5, 14 ], "texture": "#voxels_atlas" },
				"south": { "uv": [ 11.25, 13.75, 13.5, 14 ], "texture": "#voxels_atlas" },
				"west": { "uv": [ 10.5, 10.25, 10.75, 10.5 ], "texture": "#voxels_atlas" },
				"east": { "uv": [ 11, 10.25, 10.75, 10.5 ], "texture": "#voxels_atlas" }
			}
		},
		{
			"__comment": "Voxels",
			"from": [ 12.75, 0.25, 1.5 ],
			"to": [ 14.5, 0.5, 1.75 ],
			"faces": {
				"down": { "uv": [ 8.5, 13.25, 10.25, 13.5 ], "texture": "#voxels_atlas" },
				"up": { "uv": [ 6.75, 13.25, 8.5, 13 ], "texture": "#voxels_atlas" },
				"north": { "uv": [ 14.5, 12.5, 12.75, 12.75 ], "texture": "#voxels_atlas" },
				"south": { "uv": [ 11, 12.5, 12.75, 12.75 ], "texture": "#voxels_atlas" },
				"west": { "uv": [ 12, 10.25, 12.25, 10.5 ], "texture": "#voxels_atlas" },
				"east": { "uv": [ 12.5, 10.25, 12.25, 10.5 ], "texture": "#voxels_atlas" }
			}
		},
		{
			"__comment": "Voxels",
			"from": [ 13.5, 0.25, 1.25 ],
			"to": [ 14.75, 0.5, 1.5 ],
			"faces": {
				"down": { "uv": [ 3.75, 11.5, 5, 11.75 ], "texture": "#voxels_atlas" },
				"up": { "uv": [ 14, 12, 15.25, 11.75 ], "texture": "#voxels_atlas" },
				"north": { "uv": [ 14, 11.75, 12.75, 12 ], "texture": "#voxels_atlas" },
				"south": { "uv": [ 10, 11.5, 11.25, 11.75 ], "texture": "#voxels_atlas" },
				"west": { "uv": [ 13.5, 10.25, 13.75, 10.5 ], "texture": "#voxels_atlas" },
				"east": { "uv": [ 14, 10.25, 13.75, 10.5 ], "texture": "#voxels_atlas" }
			}
		}
	],
	"display": {
		"thirdperson_righthand": {
			"rotation":  [ 50, 0, 90 ],
			"translation":  [ -11.5, 7, 2 ],
			"scale":  [ 1.5, 1.5, 1.5 ]
		},
		"thirdperson_lefthand": {
			"rotation":  [ 50, 0, -90 ],
			"translation":  [ 11.5, 7, 2 ],
			"scale":  [ 1.5, 1.5, 1.5 ]
		},
		"firstperson_righthand": {
			"rotation":  [ -130, 180, -90 ],
			"translation":  [ -5, 7, 0 ]
		},
		"firstperson_lefthand": {
			"rotation":  [ -130, 180, 90 ],
			"translation":  [ 10, 7, 0 ]
		},
		"gui": {
			"rotation":  [ 90, 0, 0 ]
		},
		"ground": {
			"translation":  [ 0, 5, 0 ]
		},
		"fixed": {
			"rotation":  [ 90, -38, 180 ],
			"translation":  [ 0, 0, -7 ]
		}
	}
}