{
	"__comment": "Designed by Dragon2212 with Cubik Studio - https://cubik.studio",
	"textures": {
		"voxels_atlas": "items/apolon"
	},
	"elements": [ 	 
		{
			"__comment": "Voxels",
			"from": [ 3.75, 2.75, 7 ],
			"to": [ 12, 14.25, 7.25 ],
			"faces": {
				"down": { "uv": [ 4.625, 12.3125, 6.6875, 12.375 ], "texture": "#voxels_atlas" },
				"up": { "uv": [ 4.625, 12.3125, 6.6875, 12.25 ], "texture": "#voxels_atlas" },
				"north": { "uv": [ 2.0625, 13.125, 0, 16 ], "texture": "#voxels_atlas" },
				"south": { "uv": [ 2.0625, 13.125, 4.125, 16 ], "texture": "#voxels_atlas" },
				"west": { "uv": [ 0.25, 1.75, 0.3125, 4.625 ], "texture": "#voxels_atlas" },
				"east": { "uv": [ 0.375, 1.75, 0.3125, 4.625 ], "texture": "#voxels_atlas" }
			}
		},
		{
			"__comment": "Voxels",
			"from": [ 3.75, 2.75, 7.25 ],
			"to": [ 4.25, 14.25, 9 ],
			"faces": {
				"down": { "uv": [ 4.625, 11.6875, 4.75, 12.125 ], "texture": "#voxels_atlas" },
				"up": { "uv": [ 4.625, 11.6875, 4.75, 11.25 ], "texture": "#voxels_atlas" },
				"north": { "uv": [ 0.125, 1.75, 0, 4.625 ], "texture": "#voxels_atlas" },
				"south": { "uv": [ 0.125, 1.75, 0.25, 4.625 ], "texture": "#voxels_atlas" },
				"west": { "uv": [ 0, 7.5, 0.4375, 10.375 ], "texture": "#voxels_atlas" },
				"east": { "uv": [ 0.4375, 4.625, 0, 7.5 ], "texture": "#voxels_atlas" }
			}
		},
		{
			"__comment": "Voxels",
			"from": [ 4.25, 2.75, 8.75 ],
			"to": [ 12, 14.25, 9 ],
			"faces": {
				"down": { "uv": [ 4.625, 12.1875, 6.5625, 12.25 ], "texture": "#voxels_atlas" },
				"up": { "uv": [ 4.625, 12.1875, 6.5625, 12.125 ], "texture": "#voxels_atlas" },
				"north": { "uv": [ 6.0625, 13.125, 4.125, 16 ], "texture": "#voxels_atlas" },
				"south": { "uv": [ 6.0625, 13.125, 8, 16 ], "texture": "#voxels_atlas" },
				"west": { "uv": [ 0.375, 1.75, 0.4375, 4.625 ], "texture": "#voxels_atlas" },
				"east": { "uv": [ 0.5, 7.5, 0.4375, 10.375 ], "texture": "#voxels_atlas" }
			}
		},
		{
			"__comment": "Voxels",
			"from": [ 4.25, 3, 7.25 ],
			"to": [ 12, 14, 8.75 ],
			"faces": {
				"down": { "uv": [ 4.625, 12.75, 6.5625, 13.125 ], "texture": "#voxels_atlas" },
				"up": { "uv": [ 4.625, 12.75, 6.5625, 12.375 ], "texture": "#voxels_atlas" },
				"north": { "uv": [ 1.9375, 10.375, 0, 13.125 ], "texture": "#voxels_atlas" },
				"south": { "uv": [ 1.9375, 10.375, 3.875, 13.125 ], "texture": "#voxels_atlas" },
				"west": { "uv": [ 3.875, 10.375, 4.25, 13.125 ], "texture": "#voxels_atlas" },
				"east": { "uv": [ 4.625, 10.375, 4.25, 13.125 ], "texture": "#voxels_atlas" }
			}
		}
	],
	"display": {
		"thirdperson_righthand": {
			"rotation":  [ 0, 90, 0 ],
			"translation":  [ 0, -2, -2 ]
		},
		"thirdperson_lefthand": {
			"rotation":  [ 0, 90, 0 ],
			"translation":  [ 0, -2, -2 ]
		},
		"firstperson_righthand": {
			"rotation":  [ 0, -90, 0 ],
			"translation":  [ 0, 3, 0 ]
		},
		"firstperson_lefthand": {
			"rotation":  [ 0, 90, 0 ],
			"translation":  [ 0, 3, 0 ]
		},
		"ground": {
			"rotation":  [ 90, 0, 0 ]
		}
	}
}