{
	"__comment": "Designed by Dragon2212 with Cubik Studio - https://cubik.studio",
	"textures": {
		"voxels_atlas": "items/atena"
	},
	"elements": [ 	 
		{
			"__comment": "Voxels",
			"from": [ 5, 3, 2.5 ],
			"to": [ 6, 3.25, 2.75 ],
			"faces": {
				"down": { "uv": [ 2.25, 6.25, 3.25, 6.5 ], "texture": "#voxels_atlas" },
				"up": { "uv": [ 2.25, 7.25, 3.25, 7 ], "texture": "#voxels_atlas" },
				"north": { "uv": [ 3.25, 6.75, 2.25, 7 ], "texture": "#voxels_atlas" },
				"south": { "uv": [ 2.25, 6.5, 3.25, 6.75 ], "texture": "#voxels_atlas" },
				"west": { "uv": [ 14.5, 9, 14.75, 9.25 ], "texture": "#voxels_atlas" },
				"east": { "uv": [ 3.25, 4.75, 3, 5 ], "texture": "#voxels_atlas" }
			}
		},
		{
			"__comment": "Voxels",
			"from": [ 5, 3, 2.75 ],
			"to": [ 5.25, 3.25, 3.75 ],
			"faces": {
				"down": { "uv": [ 2.75, 9.75, 3, 10.75 ], "texture": "#voxels_atlas" },
				"up": { "uv": [ 3, 10.75, 3.25, 9.75 ], "texture": "#voxels_atlas" },
				"north": { "uv": [ 3.25, 4.5, 3, 4.75 ], "texture": "#voxels_atlas" },
				"south": { "uv": [ 3, 4.25, 3.25, 4.5 ], "texture": "#voxels_atlas" },
				"west": { "uv": [ 2.25, 2.75, 3.25, 3 ], "texture": "#voxels_atlas" },
				"east": { "uv": [ 16, 11.75, 15, 12 ], "texture": "#voxels_atlas" }
			}
		},
		{
			"__comment": "Voxels",
			"from": [ 5.25, 3, 3.75 ],
			"to": [ 5.5, 3.5, 4 ],
			"faces": {
				"down": { "uv": [ 0, 0, 0.25, 0.25 ], "texture": "#voxels_atlas" },
				"up": { "uv": [ 0.25, 0.25, 0.5, 0 ], "texture": "#voxels_atlas" },
				"north": { "uv": [ 4, 0, 3.75, 0.5 ], "texture": "#voxels_atlas" },
				"south": { "uv": [ 5.75, 8.5, 6, 9 ], "texture": "#voxels_atlas" },
				"west": { "uv": [ 5.75, 8, 6, 8.5 ], "texture": "#voxels_atlas" },
				"east": { "uv": [ 6, 7.5, 5.75, 8 ], "texture": "#voxels_atlas" }
			}
		},
		{
			"__comment": "Voxels",
			"from": [ 5.25, 3, 4 ],
			"to": [ 5.5, 3.25, 5.5 ],
			"faces": {
				"down": { "uv": [ 4.25, 10.5, 4.5, 12 ], "texture": "#voxels_atlas" },
				"up": { "uv": [ 4, 1.5, 4.25, 0 ], "texture": "#voxels_atlas" },
				"north": { "uv": [ 3.25, 1.5, 3, 1.75 ], "texture": "#voxels_atlas" },
				"south": { "uv": [ 3, 1.25, 3.25, 1.5 ], "texture": "#voxels_atlas" },
				"west": { "uv": [ 13.25, 12, 14.75, 12.25 ], "texture": "#voxels_atlas" },
				"east": { "uv": [ 13.25, 12, 11.75, 12.25 ], "texture": "#voxels_atlas" }
			}
		},
		{
			"__comment": "Voxels",
			"from": [ 5.25, 3.25, 2.75 ],
			"to": [ 6, 3.5, 3 ],
			"faces": {
				"down": { "uv": [ 10.25, 10.5, 11, 10.75 ], "texture": "#voxels_atlas" },
				"up": { "uv": [ 11, 10.75, 11.75, 10.5 ], "texture": "#voxels_atlas" },
				"north": { "uv": [ 12.5, 10.5, 11.75, 10.75 ], "texture": "#voxels_atlas" },
				"south": { "uv": [ 12.5, 10.5, 13.25, 10.75 ], "texture": "#voxels_atlas" },
				"west": { "uv": [ 3, 1, 3.25, 1.25 ], "texture": "#voxels_atlas" },
				"east": { "uv": [ 3.25, 0.75, 3, 1 ], "texture": "#voxels_atlas" }
			}
		},
		{
			"__comment": "Voxels",
			"from": [ 5.25, 3.25, 3 ],
			"to": [ 5.5, 3.5, 3.75 ],
			"faces": {
				"down": { "uv": [ 4.5, 7.5, 4.75, 8.25 ], "texture": "#voxels_atlas" },
				"up": { "uv": [ 4.5, 7.5, 4.75, 6.75 ], "texture": "#voxels_atlas" },
				"north": { "uv": [ 3.25, 0.5, 3, 0.75 ], "texture": "#voxels_atlas" },
				"south": { "uv": [ 3, 0.25, 3.25, 0.5 ], "texture": "#voxels_atlas" },
				"west": { "uv": [ 4.75, 10, 5.5, 10.25 ], "texture": "#voxels_atlas" },
				"east": { "uv": [ 5.5, 9.75, 4.75, 10 ], "texture": "#voxels_atlas" }
			}
		},
		{
			"__comment": "Voxels",
			"from": [ 5.5, 3, 5.5 ],
			"to": [ 5.75, 3.25, 7.25 ],
			"faces": {
				"down": { "uv": [ 3.25, 10.75, 3.5, 12.5 ], "texture": "#voxels_atlas" },
				"up": { "uv": [ 3.25, 10.75, 3.5, 9 ], "texture": "#voxels_atlas" },
				"north": { "uv": [ 3.25, 0, 3, 0.25 ], "texture": "#voxels_atlas" },
				"south": { "uv": [ 3.25, 0, 3.5, 0.25 ], "texture": "#voxels_atlas" },
				"west": { "uv": [ 1.25, 1, 3, 1.25 ], "texture": "#voxels_atlas" },
				"east": { "uv": [ 3, 0.75, 1.25, 1 ], "texture": "#voxels_atlas" }
			}
		},
		{
			"__comment": "Voxels",
			"from": [ 5.5, 3.25, 4 ],
			"to": [ 5.75, 3.5, 5.5 ],
			"faces": {
				"down": { "uv": [ 4, 9, 4.25, 10.5 ], "texture": "#voxels_atlas" },
				"up": { "uv": [ 3.75, 2, 4, 0.5 ], "texture": "#voxels_atlas" },
				"north": { "uv": [ 3.75, 0, 3.5, 0.25 ], "texture": "#voxels_atlas" },
				"south": { "uv": [ 4.25, 0, 4.5, 0.25 ], "texture": "#voxels_atlas" },
				"west": { "uv": [ 1.75, 8, 3.25, 8.25 ], "texture": "#voxels_atlas" },
				"east": { "uv": [ 10.25, 12, 8.75, 12.25 ], "texture": "#voxels_atlas" }
			}
		},
		{
			"__comment": "Voxels",
			"from": [ 5.5, 3.5, 3 ],
			"to": [ 6, 3.75, 3.25 ],
			"faces": {
				"down": { "uv": [ 2.75, 1.75, 3.25, 2 ], "texture": "#voxels_atlas" },
				"up": { "uv": [ 15.5, 11.25, 16, 11 ], "texture": "#voxels_atlas" },
				"north": { "uv": [ 16, 10.75, 15.5, 11 ], "texture": "#voxels_atlas" },
				"south": { "uv": [ 15.5, 10.5, 16, 10.75 ], "texture": "#voxels_atlas" },
				"west": { "uv": [ 15.75, 11.5, 16, 11.75 ], "texture": "#voxels_atlas" },
				"east": { "uv": [ 6.25, 0, 6, 0.25 ], "texture": "#voxels_atlas" }
			}
		},
		{
			"__comment": "Voxels",
			"from": [ 5.5, 3.5, 3.25 ],
			"to": [ 5.75, 3.75, 4 ],
			"faces": {
				"down": { "uv": [ 4.5, 3.75, 4.75, 4.5 ], "texture": "#voxels_atlas" },
				"up": { "uv": [ 4.5, 3.75, 4.75, 3 ], "texture": "#voxels_atlas" },
				"north": { "uv": [ 16, 9.5, 15.75, 9.75 ], "texture": "#voxels_atlas" },
				"south": { "uv": [ 6.5, 6.5, 6.75, 6.75 ], "texture": "#voxels_atlas" },
				"west": { "uv": [ 4.75, 7.5, 5.5, 7.75 ], "texture": "#voxels_atlas" },
				"east": { "uv": [ 5.5, 7.25, 4.75, 7.5 ], "texture": "#voxels_atlas" }
			}
		},
		{
			"__comment": "Voxels",
			"from": [ 5.75, 3, 7.25 ],
			"to": [ 6, 3.25, 9 ],
			"faces": {
				"down": { "uv": [ 3.25, 3.75, 3.5, 5.5 ], "texture": "#voxels_atlas" },
				"up": { "uv": [ 3.25, 3.75, 3.5, 2 ], "texture": "#voxels_atlas" },
				"north": { "uv": [ 6.75, 6.25, 6.5, 6.5 ], "texture": "#voxels_atlas" },
				"south": { "uv": [ 6.5, 6, 6.75, 6.25 ], "texture": "#voxels_atlas" },
				"west": { "uv": [ 1.25, 0.5, 3, 0.75 ], "texture": "#voxels_atlas" },
				"east": { "uv": [ 3, 0.25, 1.25, 0.5 ], "texture": "#voxels_atlas" }
			}
		},
		{
			"__comment": "Voxels",
			"from": [ 5.75, 3.25, 5.5 ],
			"to": [ 6, 3.5, 7.25 ],
			"faces": {
				"down": { "uv": [ 3.25, 0.25, 3.5, 2 ], "texture": "#voxels_atlas" },
				"up": { "uv": [ 3.5, 12.5, 3.75, 10.75 ], "texture": "#voxels_atlas" },
				"north": { "uv": [ 6.75, 5.75, 6.5, 6 ], "texture": "#voxels_atlas" },
				"south": { "uv": [ 6.5, 5.5, 6.75, 5.75 ], "texture": "#voxels_atlas" },
				"west": { "uv": [ 12.75, 13.5, 14.5, 13.75 ], "texture": "#voxels_atlas" },
				"east": { "uv": [ 14.5, 14, 12.75, 14.25 ], "texture": "#voxels_atlas" }
			}
		},
		{
			"__comment": "Voxels",
			"from": [ 5.75, 3.5, 3.75 ],
			"to": [ 6, 4, 4 ],
			"faces": {
				"down": { "uv": [ 6.5, 5.25, 6.75, 5.5 ], "texture": "#voxels_atlas" },
				"up": { "uv": [ 6.5, 5.25, 6.75, 5 ], "texture": "#voxels_atlas" },
				"north": { "uv": [ 6, 0, 5.75, 0.5 ], "texture": "#voxels_atlas" },
				"south": { "uv": [ 6, 9.25, 6.25, 9.75 ], "texture": "#voxels_atlas" },
				"west": { "uv": [ 6, 8.75, 6.25, 9.25 ], "texture": "#voxels_atlas" },
				"east": { "uv": [ 6.25, 8.25, 6, 8.75 ], "texture": "#voxels_atlas" }
			}
		},
		{
			"__comment": "Voxels",
			"from": [ 5.75, 3.5, 4 ],
			"to": [ 6, 3.75, 5.5 ],
			"faces": {
				"down": { "uv": [ 4, 10.5, 4.25, 12 ], "texture": "#voxels_atlas" },
				"up": { "uv": [ 4, 7.5, 4.25, 6 ], "texture": "#voxels_atlas" },
				"north": { "uv": [ 6.75, 4.75, 6.5, 5 ], "texture": "#voxels_atlas" },
				"south": { "uv": [ 11.25, 9, 11.5, 9.25 ], "texture": "#voxels_atlas" },
				"west": { "uv": [ 14.5, 14, 16, 14.25 ], "texture": "#voxels_atlas" },
				"east": { "uv": [ 16, 13.75, 14.5, 14 ], "texture": "#voxels_atlas" }
			}
		},
		{
			"__comment": "Voxels",
			"from": [ 5.75, 3.75, 3.25 ],
			"to": [ 10.5, 4, 3.75 ],
			"faces": {
				"down": { "uv": [ 3.25, 13.75, 8, 14.25 ], "texture": "#voxels_atlas" },
				"up": { "uv": [ 8, 14.25, 12.75, 13.75 ], "texture": "#voxels_atlas" },
				"north": { "uv": [ 8, 13.5, 3.25, 13.75 ], "texture": "#voxels_atlas" },
				"south": { "uv": [ 8, 13.5, 12.75, 13.75 ], "texture": "#voxels_atlas" },
				"west": { "uv": [ 10.5, 9.75, 11, 10 ], "texture": "#voxels_atlas" },
				"east": { "uv": [ 11.5, 9.75, 11, 10 ], "texture": "#voxels_atlas" }
			}
		},
		{
			"__comment": "Voxels",
			"from": [ 6, 3, 2.25 ],
			"to": [ 6.75, 3.25, 2.5 ],
			"faces": {
				"down": { "uv": [ 4.75, 4.5, 5.5, 4.75 ], "texture": "#voxels_atlas" },
				"up": { "uv": [ 4.75, 4.5, 5.5, 4.25 ], "texture": "#voxels_atlas" },
				"north": { "uv": [ 5.5, 4, 4.75, 4.25 ], "texture": "#voxels_atlas" },
				"south": { "uv": [ 2.5, 3.5, 3.25, 3.75 ], "texture": "#voxels_atlas" },
				"west": { "uv": [ 6.5, 4.5, 6.75, 4.75 ], "texture": "#voxels_atlas" },
				"east": { "uv": [ 7.25, 4, 7, 4.25 ], "texture": "#voxels_atlas" }
			}
		},
		{
			"__comment": "Voxels",
			"from": [ 6, 3, 9 ],
			"to": [ 6.25, 3.25, 10 ],
			"faces": {
				"down": { "uv": [ 0, 0.25, 0.25, 1.25 ], "texture": "#voxels_atlas" },
				"up": { "uv": [ 0.25, 1.25, 0.5, 0.25 ], "texture": "#voxels_atlas" },
				"north": { "uv": [ 6.75, 4.25, 6.5, 4.5 ], "texture": "#voxels_atlas" },
				"south": { "uv": [ 6.5, 4, 6.75, 4.25 ], "texture": "#voxels_atlas" },
				"west": { "uv": [ 12, 11.25, 13, 11.5 ], "texture": "#voxels_atlas" },
				"east": { "uv": [ 14, 11.25, 13, 11.5 ], "texture": "#voxels_atlas" }
			}
		},
		{
			"__comment": "Voxels",
			"from": [ 6, 3.25, 2.5 ],
			"to": [ 6.75, 3.5, 2.75 ],
			"faces": {
				"down": { "uv": [ 4.75, 2, 5.5, 2.25 ], "texture": "#voxels_atlas" },
				"up": { "uv": [ 4.75, 2, 5.5, 1.75 ], "texture": "#voxels_atlas" },
				"north": { "uv": [ 5.5, 1.5, 4.75, 1.75 ], "texture": "#voxels_atlas" },
				"south": { "uv": [ 4.75, 1.25, 5.5, 1.5 ], "texture": "#voxels_atlas" },
				"west": { "uv": [ 6.5, 3.75, 6.75, 4 ], "texture": "#voxels_atlas" },
				"east": { "uv": [ 6.75, 3.5, 6.5, 3.75 ], "texture": "#voxels_atlas" }
			}
		},
		{
			"__comment": "Voxels",
			"from": [ 6, 3.25, 7.25 ],
			"to": [ 6.25, 3.5, 9 ],
			"faces": {
				"down": { "uv": [ 3.5, 5.5, 3.75, 7.25 ], "texture": "#voxels_atlas" },
				"up": { "uv": [ 3.5, 5.5, 3.75, 3.75 ], "texture": "#voxels_atlas" },
				"north": { "uv": [ 6.75, 3.25, 6.5, 3.5 ], "texture": "#voxels_atlas" },
				"south": { "uv": [ 6.5, 3, 6.75, 3.25 ], "texture": "#voxels_atlas" },
				"west": { "uv": [ 3.75, 12.25, 5.5, 12.5 ], "texture": "#voxels_atlas" },
				"east": { "uv": [ 7.25, 12.25, 5.5, 12.5 ], "texture": "#voxels_atlas" }
			}
		},
		{
			"__comment": "Voxels",
			"from": [ 6, 3.5, 2.75 ],
			"to": [ 7, 3.75, 3 ],
			"faces": {
				"down": { "uv": [ 8.5, 11, 9.5, 11.25 ], "texture": "#voxels_atlas" },
				"up": { "uv": [ 9.5, 11.25, 10.5, 11 ], "texture": "#voxels_atlas" },
				"north": { "uv": [ 11.5, 11, 10.5, 11.25 ], "texture": "#voxels_atlas" },
				"south": { "uv": [ 11.5, 11, 12.5, 11.25 ], "texture": "#voxels_atlas" },
				"west": { "uv": [ 6.5, 2.75, 6.75, 3 ], "texture": "#voxels_atlas" },
				"east": { "uv": [ 6.75, 2.5, 6.5, 2.75 ], "texture": "#voxels_atlas" }
			}
		},
		{
			"__comment": "Voxels",
			"from": [ 6, 3.5, 5.5 ],
			"to": [ 6.25, 3.75, 7.25 ],
			"faces": {
				"down": { "uv": [ 3.5, 0.25, 3.75, 2 ], "texture": "#voxels_atlas" },
				"up": { "uv": [ 3.75, 12.25, 4, 10.5 ], "texture": "#voxels_atlas" },
				"north": { "uv": [ 6.75, 2.25, 6.5, 2.5 ], "texture": "#voxels_atlas" },
				"south": { "uv": [ 6.5, 2, 6.75, 2.25 ], "texture": "#voxels_atlas" },
				"west": { "uv": [ 10.75, 12.25, 12.5, 12.5 ], "texture": "#voxels_atlas" },
				"east": { "uv": [ 14.25, 12.25, 12.5, 12.5 ], "texture": "#voxels_atlas" }
			}
		},
		{
			"__comment": "Voxels",
			"from": [ 6, 3.75, 3 ],
			"to": [ 10.25, 4, 3.25 ],
			"faces": {
				"down": { "uv": [ 11.75, 12.75, 16, 13 ], "texture": "#voxels_atlas" },
				"up": { "uv": [ 7.5, 13, 11.75, 12.75 ], "texture": "#voxels_atlas" },
				"north": { "uv": [ 7.5, 12.75, 3.25, 13 ], "texture": "#voxels_atlas" },
				"south": { "uv": [ 3.25, 12.5, 7.5, 12.75 ], "texture": "#voxels_atlas" },
				"west": { "uv": [ 6.5, 1.75, 6.75, 2 ], "texture": "#voxels_atlas" },
				"east": { "uv": [ 6.75, 1.5, 6.5, 1.75 ], "texture": "#voxels_atlas" }
			}
		},
		{
			"__comment": "Voxels",
			"from": [ 6, 3.75, 3.75 ],
			"to": [ 10.5, 4, 4 ],
			"faces": {
				"down": { "uv": [ 7.75, 13.25, 12.25, 13.5 ], "texture": "#voxels_atlas" },
				"up": { "uv": [ 3.25, 13.5, 7.75, 13.25 ], "texture": "#voxels_atlas" },
				"north": { "uv": [ 7.75, 13, 3.25, 13.25 ], "texture": "#voxels_atlas" },
				"south": { "uv": [ 7.75, 13, 12.25, 13.25 ], "texture": "#voxels_atlas" },
				"west": { "uv": [ 6.5, 1.25, 6.75, 1.5 ], "texture": "#voxels_atlas" },
				"east": { "uv": [ 6.75, 1, 6.5, 1.25 ], "texture": "#voxels_atlas" }
			}
		},
		{
			"__comment": "Voxels",
			"from": [ 6, 3.75, 4 ],
			"to": [ 10.25, 4, 5.5 ],
			"faces": {
				"down": { "uv": [ 7.5, 14.5, 11.75, 16 ], "texture": "#voxels_atlas" },
				"up": { "uv": [ 11.75, 16, 16, 14.5 ], "texture": "#voxels_atlas" },
				"north": { "uv": [ 11.75, 14.25, 7.5, 14.5 ], "texture": "#voxels_atlas" },
				"south": { "uv": [ 11.75, 14.25, 16, 14.5 ], "texture": "#voxels_atlas" },
				"west": { "uv": [ 6, 11.75, 7.5, 12 ], "texture": "#voxels_atlas" },
				"east": { "uv": [ 6, 11.75, 4.5, 12 ], "texture": "#voxels_atlas" }
			}
		},
		{
			"__comment": "Voxels",
			"from": [ 6.25, 3, 10 ],
			"to": [ 6.5, 3.25, 10.5 ],
			"faces": {
				"down": { "uv": [ 6, 3.75, 6.25, 4.25 ], "texture": "#voxels_atlas" },
				"up": { "uv": [ 6, 3.75, 6.25, 3.25 ], "texture": "#voxels_atlas" },
				"north": { "uv": [ 6.75, 0.75, 6.5, 1 ], "texture": "#voxels_atlas" },
				"south": { "uv": [ 6.5, 0.5, 6.75, 0.75 ], "texture": "#voxels_atlas" },
				"west": { "uv": [ 7.25, 9.5, 7.75, 9.75 ], "texture": "#voxels_atlas" },
				"east": { "uv": [ 8.25, 9.5, 7.75, 9.75 ], "texture": "#voxels_atlas" }
			}
		},
		{
			"__comment": "Voxels",
			"from": [ 6.25, 3.25, 9 ],
			"to": [ 6.5, 3.5, 10 ],
			"faces": {
				"down": { "uv": [ 4.25, 5, 4.5, 6 ], "texture": "#voxels_atlas" },
				"up": { "uv": [ 4.25, 5, 4.5, 4 ], "texture": "#voxels_atlas" },
				"north": { "uv": [ 6.75, 0.25, 6.5, 0.5 ], "texture": "#voxels_atlas" },
				"south": { "uv": [ 6.5, 0, 6.75, 0.25 ], "texture": "#voxels_atlas" },
				"west": { "uv": [ 13.5, 10.75, 14.5, 11 ], "texture": "#voxels_atlas" },
				"east": { "uv": [ 15.5, 10.75, 14.5, 11 ], "texture": "#voxels_atlas" }
			}
		},
		{
			"__comment": "Voxels",
			"from": [ 6.25, 3.5, 7.25 ],
			"to": [ 6.5, 3.75, 9 ],
			"faces": {
				"down": { "uv": [ 3.5, 9, 3.75, 10.75 ], "texture": "#voxels_atlas" },
				"up": { "uv": [ 0.75, 2.75, 1, 1 ], "texture": "#voxels_atlas" },
				"north": { "uv": [ 11, 9, 10.75, 9.25 ], "texture": "#voxels_atlas" },
				"south": { "uv": [ 11, 9, 11.25, 9.25 ], "texture": "#voxels_atlas" },
				"west": { "uv": [ 1, 2.5, 2.75, 2.75 ], "texture": "#voxels_atlas" },
				"east": { "uv": [ 2.75, 2.25, 1, 2.5 ], "texture": "#voxels_atlas" }
			}
		},
		{
			"__comment": "Voxels",
			"from": [ 6.25, 3.75, 5.5 ],
			"to": [ 10, 4, 7.25 ],
			"faces": {
				"down": { "uv": [ 0, 14.25, 3.75, 16 ], "texture": "#voxels_atlas" },
				"up": { "uv": [ 3.75, 16, 7.5, 14.25 ], "texture": "#voxels_atlas" },
				"north": { "uv": [ 16, 13.25, 12.25, 13.5 ], "texture": "#voxels_atlas" },
				"south": { "uv": [ 12.25, 13, 16, 13.25 ], "texture": "#voxels_atlas" },
				"west": { "uv": [ 1, 2, 2.75, 2.25 ], "texture": "#voxels_atlas" },
				"east": { "uv": [ 2.75, 1.75, 1, 2 ], "texture": "#voxels_atlas" }
			}
		},
		{
			"__comment": "Voxels",
			"from": [ 6.5, 3, 10.5 ],
			"to": [ 6.75, 3.25, 11.25 ],
			"faces": {
				"down": { "uv": [ 5.5, 5.25, 5.75, 6 ], "texture": "#voxels_atlas" },
				"up": { "uv": [ 5.5, 5.25, 5.75, 4.5 ], "texture": "#voxels_atlas" },
				"north": { "uv": [ 11.75, 9, 11.5, 9.25 ], "texture": "#voxels_atlas" },
				"south": { "uv": [ 11.75, 9, 12, 9.25 ], "texture": "#voxels_atlas" },
				"west": { "uv": [ 14, 10.25, 14.75, 10.5 ], "texture": "#voxels_atlas" },
				"east": { "uv": [ 15.5, 10.25, 14.75, 10.5 ], "texture": "#voxels_atlas" }
			}
		},
		{
			"__comment": "Voxels",
			"from": [ 6.5, 3.25, 10 ],
			"to": [ 6.75, 3.5, 10.5 ],
			"faces": {
				"down": { "uv": [ 6, 0.75, 6.25, 1.25 ], "texture": "#voxels_atlas" },
				"up": { "uv": [ 6, 0.75, 6.25, 0.25 ], "texture": "#voxels_atlas" },
				"north": { "uv": [ 12.25, 9, 12, 9.25 ], "texture": "#voxels_atlas" },
				"south": { "uv": [ 12.25, 9, 12.5, 9.25 ], "texture": "#voxels_atlas" },
				"west": { "uv": [ 10.75, 9.5, 11.25, 9.75 ], "texture": "#voxels_atlas" },
				"east": { "uv": [ 11.75, 9.5, 11.25, 9.75 ], "texture": "#voxels_atlas" }
			}
		},
		{
			"__comment": "Voxels",
			"from": [ 6.5, 3.5, 9 ],
			"to": [ 6.75, 3.75, 10 ],
			"faces": {
				"down": { "uv": [ 0.5, 0, 0.75, 1 ], "texture": "#voxels_atlas" },
				"up": { "uv": [ 0.75, 1, 1, 0 ], "texture": "#voxels_atlas" },
				"north": { "uv": [ 12.75, 9, 12.5, 9.25 ], "texture": "#voxels_atlas" },
				"south": { "uv": [ 12.75, 9, 13, 9.25 ], "texture": "#voxels_atlas" },
				"west": { "uv": [ 5.5, 11, 6.5, 11.25 ], "texture": "#voxels_atlas" },
				"east": { "uv": [ 7.5, 11, 6.5, 11.25 ], "texture": "#voxels_atlas" }
			}
		},
		{
			"__comment": "Voxels",
			"from": [ 6.5, 3.75, 7.25 ],
			"to": [ 9.75, 4, 9 ],
			"faces": {
				"down": { "uv": [ 0, 10.75, 3.25, 12.5 ], "texture": "#voxels_atlas" },
				"up": { "uv": [ 0, 14.25, 3.25, 12.5 ], "texture": "#voxels_atlas" },
				"north": { "uv": [ 3.25, 6, 0, 6.25 ], "texture": "#voxels_atlas" },
				"south": { "uv": [ 0, 5.75, 3.25, 6 ], "texture": "#voxels_atlas" },
				"west": { "uv": [ 1.25, 0, 3, 0.25 ], "texture": "#voxels_atlas" },
				"east": { "uv": [ 14.5, 13.75, 12.75, 14 ], "texture": "#voxels_atlas" }
			}
		},
		{
			"__comment": "Voxels",
			"from": [ 6.75, 3, 2 ],
			"to": [ 7.75, 3.25, 2.25 ],
			"faces": {
				"down": { "uv": [ 7.5, 11, 8.5, 11.25 ], "texture": "#voxels_atlas" },
				"up": { "uv": [ 12.5, 11.25, 13.5, 11 ], "texture": "#voxels_atlas" },
				"north": { "uv": [ 14.5, 11, 13.5, 11.25 ], "texture": "#voxels_atlas" },
				"south": { "uv": [ 14.5, 11, 15.5, 11.25 ], "texture": "#voxels_atlas" },
				"west": { "uv": [ 13, 9, 13.25, 9.25 ], "texture": "#voxels_atlas" },
				"east": { "uv": [ 13.5, 9, 13.25, 9.25 ], "texture": "#voxels_atlas" }
			}
		},
		{
			"__comment": "Voxels",
			"from": [ 6.75, 3, 11.25 ],
			"to": [ 7, 3.25, 11.75 ],
			"faces": {
				"down": { "uv": [ 6.25, 8, 6.5, 8.5 ], "texture": "#voxels_atlas" },
				"up": { "uv": [ 6.25, 8, 6.5, 7.5 ], "texture": "#voxels_atlas" },
				"north": { "uv": [ 13.75, 9, 13.5, 9.25 ], "texture": "#voxels_atlas" },
				"south": { "uv": [ 13.75, 9, 14, 9.25 ], "texture": "#voxels_atlas" },
				"west": { "uv": [ 13.75, 9.5, 14.25, 9.75 ], "texture": "#voxels_atlas" },
				"east": { "uv": [ 14.75, 9.5, 14.25, 9.75 ], "texture": "#voxels_atlas" }
			}
		},
		{
			"__comment": "Voxels",
			"from": [ 6.75, 3.25, 2.25 ],
			"to": [ 8, 3.5, 2.5 ],
			"faces": {
				"down": { "uv": [ 13.25, 11.5, 14.5, 11.75 ], "texture": "#voxels_atlas" },
				"up": { "uv": [ 14.5, 11.75, 15.75, 11.5 ], "texture": "#voxels_atlas" },
				"north": { "uv": [ 5.75, 11.25, 4.5, 11.5 ], "texture": "#voxels_atlas" },
				"south": { "uv": [ 5.75, 11.5, 7, 11.75 ], "texture": "#voxels_atlas" },
				"west": { "uv": [ 14, 9, 14.25, 9.25 ], "texture": "#voxels_atlas" },
				"east": { "uv": [ 14.5, 9, 14.25, 9.25 ], "texture": "#voxels_atlas" }
			}
		},
		{
			"__comment": "Voxels",
			"from": [ 6.75, 3.25, 10.5 ],
			"to": [ 7, 3.5, 11.25 ],
			"faces": {
				"down": { "uv": [ 4.75, 3.25, 5, 4 ], "texture": "#voxels_atlas" },
				"up": { "uv": [ 5.75, 9.75, 6, 9 ], "texture": "#voxels_atlas" },
				"north": { "uv": [ 15, 9, 14.75, 9.25 ], "texture": "#voxels_atlas" },
				"south": { "uv": [ 15, 9, 15.25, 9.25 ], "texture": "#voxels_atlas" },
				"west": { "uv": [ 8, 9.75, 8.75, 10 ], "texture": "#voxels_atlas" },
				"east": { "uv": [ 9.5, 9.75, 8.75, 10 ], "texture": "#voxels_atlas" }
			}
		},
		{
			"__comment": "Voxels",
			"from": [ 6.75, 3.5, 2.5 ],
			"to": [ 8, 3.75, 2.75 ],
			"faces": {
				"down": { "uv": [ 5.75, 11.25, 7, 11.5 ], "texture": "#voxels_atlas" },
				"up": { "uv": [ 12.5, 12, 13.75, 11.75 ], "texture": "#voxels_atlas" },
				"north": { "uv": [ 15, 11.75, 13.75, 12 ], "texture": "#voxels_atlas" },
				"south": { "uv": [ 4.5, 11.5, 5.75, 11.75 ], "texture": "#voxels_atlas" },
				"west": { "uv": [ 15.25, 9, 15.5, 9.25 ], "texture": "#voxels_atlas" },
				"east": { "uv": [ 15.75, 9, 15.5, 9.25 ], "texture": "#voxels_atlas" }
			}
		},
		{
			"__comment": "Voxels",
			"from": [ 6.75, 3.5, 10 ],
			"to": [ 7, 3.75, 10.5 ],
			"faces": {
				"down": { "uv": [ 6.25, 5, 6.5, 5.5 ], "texture": "#voxels_atlas" },
				"up": { "uv": [ 6.25, 5, 6.5, 4.5 ], "texture": "#voxels_atlas" },
				"north": { "uv": [ 16, 9, 15.75, 9.25 ], "texture": "#voxels_atlas" },
				"south": { "uv": [ 6.75, 8.75, 7, 9 ], "texture": "#voxels_atlas" },
				"west": { "uv": [ 8, 9.25, 8.5, 9.5 ], "texture": "#voxels_atlas" },
				"east": { "uv": [ 9, 9.25, 8.5, 9.5 ], "texture": "#voxels_atlas" }
			}
		},
		{
			"__comment": "Voxels",
			"from": [ 6.75, 3.75, 9 ],
			"to": [ 9.5, 4, 10 ],
			"faces": {
				"down": { "uv": [ 0, 9.75, 2.75, 10.75 ], "texture": "#voxels_atlas" },
				"up": { "uv": [ 0, 9.75, 2.75, 8.75 ], "texture": "#voxels_atlas" },
				"north": { "uv": [ 2.75, 5.5, 0, 5.75 ], "texture": "#voxels_atlas" },
				"south": { "uv": [ 0, 5.25, 2.75, 5.5 ], "texture": "#voxels_atlas" },
				"west": { "uv": [ 9, 11.25, 10, 11.5 ], "texture": "#voxels_atlas" },
				"east": { "uv": [ 11, 11.25, 10, 11.5 ], "texture": "#voxels_atlas" }
			}
		},
		{
			"__comment": "Voxels",
			"from": [ 7, 3, 11.75 ],
			"to": [ 7.25, 3.25, 12.5 ],
			"faces": {
				"down": { "uv": [ 4.5, 9, 4.75, 9.75 ], "texture": "#voxels_atlas" },
				"up": { "uv": [ 4.5, 9, 4.75, 8.25 ], "texture": "#voxels_atlas" },
				"north": { "uv": [ 7, 8.5, 6.75, 8.75 ], "texture": "#voxels_atlas" },
				"south": { "uv": [ 6.75, 8.25, 7, 8.5 ], "texture": "#voxels_atlas" },
				"west": { "uv": [ 14, 10.5, 14.75, 10.75 ], "texture": "#voxels_atlas" },
				"east": { "uv": [ 15.5, 10.5, 14.75, 10.75 ], "texture": "#voxels_atlas" }
			}
		},
		{
			"__comment": "Voxels",
			"from": [ 7, 3.25, 11.25 ],
			"to": [ 7.25, 3.5, 11.75 ],
			"faces": {
				"down": { "uv": [ 6.25, 4, 6.5, 4.5 ], "texture": "#voxels_atlas" },
				"up": { "uv": [ 6.25, 4, 6.5, 3.5 ], "texture": "#voxels_atlas" },
				"north": { "uv": [ 7, 8, 6.75, 8.25 ], "texture": "#voxels_atlas" },
				"south": { "uv": [ 6.75, 1.5, 7, 1.75 ], "texture": "#voxels_atlas" },
				"west": { "uv": [ 10.5, 9.25, 11, 9.5 ], "texture": "#voxels_atlas" },
				"east": { "uv": [ 11.5, 9.25, 11, 9.5 ], "texture": "#voxels_atlas" }
			}
		},
		{
			"__comment": "Voxels",
			"from": [ 7, 3.5, 10.5 ],
			"to": [ 7.25, 3.75, 11.25 ],
			"faces": {
				"down": { "uv": [ 4.5, 5.25, 4.75, 6 ], "texture": "#voxels_atlas" },
				"up": { "uv": [ 4.5, 5.25, 4.75, 4.5 ], "texture": "#voxels_atlas" },
				"north": { "uv": [ 7, 7.75, 6.75, 8 ], "texture": "#voxels_atlas" },
				"south": { "uv": [ 6.75, 7.5, 7, 7.75 ], "texture": "#voxels_atlas" },
				"west": { "uv": [ 4.75, 8.25, 5.5, 8.5 ], "texture": "#voxels_atlas" },
				"east": { "uv": [ 5.5, 8, 4.75, 8.25 ], "texture": "#voxels_atlas" }
			}
		},
		{
			"__comment": "Voxels",
			"from": [ 7, 3.75, 2.75 ],
			"to": [ 9.25, 4, 3 ],
			"faces": {
				"down": { "uv": [ 0, 5, 2.25, 5.25 ], "texture": "#voxels_atlas" },
				"up": { "uv": [ 0.75, 5, 3, 4.75 ], "texture": "#voxels_atlas" },
				"north": { "uv": [ 3, 4.5, 0.75, 4.75 ], "texture": "#voxels_atlas" },
				"south": { "uv": [ 0.75, 4.25, 3, 4.5 ], "texture": "#voxels_atlas" },
				"west": { "uv": [ 6.75, 7.25, 7, 7.5 ], "texture": "#voxels_atlas" },
				"east": { "uv": [ 7, 7, 6.75, 7.25 ], "texture": "#voxels_atlas" }
			}
		},
		{
			"__comment": "Voxels",
			"from": [ 7, 3.75, 10 ],
			"to": [ 9.25, 4, 10.5 ],
			"faces": {
				"down": { "uv": [ 0, 6.75, 2.25, 7.25 ], "texture": "#voxels_atlas" },
				"up": { "uv": [ 0, 6.75, 2.25, 6.25 ], "texture": "#voxels_atlas" },
				"north": { "uv": [ 2.25, 4, 0, 4.25 ], "texture": "#voxels_atlas" },
				"south": { "uv": [ 0, 3.75, 2.25, 4 ], "texture": "#voxels_atlas" },
				"west": { "uv": [ 11.5, 9.25, 12, 9.5 ], "texture": "#voxels_atlas" },
				"east": { "uv": [ 12.5, 9.25, 12, 9.5 ], "texture": "#voxels_atlas" }
			}
		},
		{
			"__comment": "Voxels",
			"from": [ 7.25, 3, 12.5 ],
			"to": [ 7.5, 3.25, 13 ],
			"faces": {
				"down": { "uv": [ 6.25, 1, 6.5, 1.5 ], "texture": "#voxels_atlas" },
				"up": { "uv": [ 6.25, 1, 6.5, 0.5 ], "texture": "#voxels_atlas" },
				"north": { "uv": [ 7, 6.75, 6.75, 7 ], "texture": "#voxels_atlas" },
				"south": { "uv": [ 6.75, 6.5, 7, 6.75 ], "texture": "#voxels_atlas" },
				"west": { "uv": [ 13.5, 9.25, 14, 9.5 ], "texture": "#voxels_atlas" },
				"east": { "uv": [ 14.5, 9.25, 14, 9.5 ], "texture": "#voxels_atlas" }
			}
		},
		{
			"__comment": "Voxels",
			"from": [ 7.25, 3.25, 11.75 ],
			"to": [ 7.5, 3.5, 12.5 ],
			"faces": {
				"down": { "uv": [ 5, 5.5, 5.25, 6.25 ], "texture": "#voxels_atlas" },
				"up": { "uv": [ 4.25, 1, 4.5, 0.25 ], "texture": "#voxels_atlas" },
				"north": { "uv": [ 10.25, 8.5, 10, 8.75 ], "texture": "#voxels_atlas" },
				"south": { "uv": [ 9.25, 8.5, 9.5, 8.75 ], "texture": "#voxels_atlas" },
				"west": { "uv": [ 8.75, 10.5, 9.5, 10.75 ], "texture": "#voxels_atlas" },
				"east": { "uv": [ 8.75, 10.5, 8, 10.75 ], "texture": "#voxels_atlas" }
			}
		},
		{
			"__comment": "Voxels",
			"from": [ 7.25, 3.5, 11.25 ],
			"to": [ 7.5, 3.75, 11.75 ],
			"faces": {
				"down": { "uv": [ 5.75, 5.5, 6, 6 ], "texture": "#voxels_atlas" },
				"up": { "uv": [ 5.75, 6.5, 6, 6 ], "texture": "#voxels_atlas" },
				"north": { "uv": [ 7.25, 2.5, 7, 2.75 ], "texture": "#voxels_atlas" },
				"south": { "uv": [ 7, 2.75, 7.25, 3 ], "texture": "#voxels_atlas" },
				"west": { "uv": [ 2.75, 2, 3.25, 2.25 ], "texture": "#voxels_atlas" },
				"east": { "uv": [ 3.25, 2.25, 2.75, 2.5 ], "texture": "#voxels_atlas" }
			}
		},
		{
			"__comment": "Voxels",
			"from": [ 7.25, 3.75, 10.5 ],
			"to": [ 9, 4, 11.25 ],
			"faces": {
				"down": { "uv": [ 0, 7.25, 1.75, 8 ], "texture": "#voxels_atlas" },
				"up": { "uv": [ 0, 8.75, 1.75, 8 ], "texture": "#voxels_atlas" },
				"north": { "uv": [ 12.75, 12.5, 11, 12.75 ], "texture": "#voxels_atlas" },
				"south": { "uv": [ 12.75, 12.5, 14.5, 12.75 ], "texture": "#voxels_atlas" },
				"west": { "uv": [ 7.25, 10.5, 8, 10.75 ], "texture": "#voxels_atlas" },
				"east": { "uv": [ 7.25, 10.5, 6.5, 10.75 ], "texture": "#voxels_atlas" }
			}
		},
		{
			"__comment": "Voxels",
			"from": [ 7.5, 3, 13 ],
			"to": [ 7.75, 3.25, 13.5 ],
			"faces": {
				"down": { "uv": [ 5.75, 7, 6, 7.5 ], "texture": "#voxels_atlas" },
				"up": { "uv": [ 3, 8, 3.25, 7.5 ], "texture": "#voxels_atlas" },
				"north": { "uv": [ 7.25, 5.5, 7, 5.75 ], "texture": "#voxels_atlas" },
				"south": { "uv": [ 15.75, 8.75, 16, 9 ], "texture": "#voxels_atlas" },
				"west": { "uv": [ 13, 9.25, 13.5, 9.5 ], "texture": "#voxels_atlas" },
				"east": { "uv": [ 13, 9.25, 12.5, 9.5 ], "texture": "#voxels_atlas" }
			}
		},
		{
			"__comment": "Voxels",
			"from": [ 7.5, 3.25, 12.5 ],
			"to": [ 7.75, 3.5, 13 ],
			"faces": {
				"down": { "uv": [ 6.25, 1.5, 6.5, 2 ], "texture": "#voxels_atlas" },
				"up": { "uv": [ 6.25, 3.5, 6.5, 3 ], "texture": "#voxels_atlas" },
				"north": { "uv": [ 12.75, 8.75, 12.5, 9 ], "texture": "#voxels_atlas" },
				"south": { "uv": [ 11.75, 8.75, 12, 9 ], "texture": "#voxels_atlas" },
				"west": { "uv": [ 10, 9.25, 10.5, 9.5 ], "texture": "#voxels_atlas" },
				"east": { "uv": [ 7, 9.25, 6.5, 9.5 ], "texture": "#voxels_atlas" }
			}
		},
		{
			"__comment": "Voxels",
			"from": [ 7.5, 3.5, 11.75 ],
			"to": [ 7.75, 3.75, 12.5 ],
			"faces": {
				"down": { "uv": [ 5.5, 0, 5.75, 0.75 ], "texture": "#voxels_atlas" },
				"up": { "uv": [ 5.5, 1.5, 5.75, 0.75 ], "texture": "#voxels_atlas" },
				"north": { "uv": [ 8.75, 8.75, 8.5, 9 ], "texture": "#voxels_atlas" },
				"south": { "uv": [ 8.25, 8.75, 8.5, 9 ], "texture": "#voxels_atlas" },
				"west": { "uv": [ 13.25, 10, 14, 10.25 ], "texture": "#voxels_atlas" },
				"east": { "uv": [ 13.25, 10, 12.5, 10.25 ], "texture": "#voxels_atlas" }
			}
		},
		{
			"__comment": "Voxels",
			"from": [ 7.5, 3.75, 11.25 ],
			"to": [ 8.75, 4, 11.75 ],
			"faces": {
				"down": { "uv": [ 1.75, 7.5, 3, 8 ], "texture": "#voxels_atlas" },
				"up": { "uv": [ 1.75, 8.75, 3, 8.25 ], "texture": "#voxels_atlas" },
				"north": { "uv": [ 12.5, 11.75, 11.25, 12 ], "texture": "#voxels_atlas" },
				"south": { "uv": [ 7.5, 11.75, 8.75, 12 ], "texture": "#voxels_atlas" },
				"west": { "uv": [ 15.25, 9.5, 15.75, 9.75 ], "texture": "#voxels_atlas" },
				"east": { "uv": [ 15.25, 9.5, 14.75, 9.75 ], "texture": "#voxels_atlas" }
			}
		},
		{
			"__comment": "Voxels",
			"from": [ 7.75, 3, 1.75 ],
			"to": [ 8.5, 3.25, 2 ],
			"faces": {
				"down": { "uv": [ 11.75, 10, 12.5, 10.25 ], "texture": "#voxels_atlas" },
				"up": { "uv": [ 11, 10.25, 11.75, 10 ], "texture": "#voxels_atlas" },
				"north": { "uv": [ 11, 10, 10.25, 10.25 ], "texture": "#voxels_atlas" },
				"south": { "uv": [ 6.5, 9.75, 7.25, 10 ], "texture": "#voxels_atlas" },
				"west": { "uv": [ 6.75, 1.75, 7, 2 ], "texture": "#voxels_atlas" },
				"east": { "uv": [ 7, 2, 6.75, 2.25 ], "texture": "#voxels_atlas" }
			}
		},
		{
			"__comment": "Voxels",
			"from": [ 7.75, 3, 13.5 ],
			"to": [ 8, 3.25, 14.25 ],
			"faces": {
				"down": { "uv": [ 5.5, 1.5, 5.75, 2.25 ], "texture": "#voxels_atlas" },
				"up": { "uv": [ 5.5, 3, 5.75, 2.25 ], "texture": "#voxels_atlas" },
				"north": { "uv": [ 7, 3.25, 6.75, 3.5 ], "texture": "#voxels_atlas" },
				"south": { "uv": [ 6.75, 3.5, 7, 3.75 ], "texture": "#voxels_atlas" },
				"west": { "uv": [ 4.75, 4.75, 5.5, 5 ], "texture": "#voxels_atlas" },
				"east": { "uv": [ 5.5, 5, 4.75, 5.25 ], "texture": "#voxels_atlas" }
			}
		},
		{
			"__comment": "Voxels",
			"from": [ 7.75, 3.25, 2 ],
			"to": [ 8.5, 3.5, 2.25 ],
			"faces": {
				"down": { "uv": [ 14, 10, 14.75, 10.25 ], "texture": "#voxels_atlas" },
				"up": { "uv": [ 9.5, 10.75, 10.25, 10.5 ], "texture": "#voxels_atlas" },
				"north": { "uv": [ 14, 10.5, 13.25, 10.75 ], "texture": "#voxels_atlas" },
				"south": { "uv": [ 4.75, 10.25, 5.5, 10.5 ], "texture": "#voxels_atlas" },
				"west": { "uv": [ 6.75, 0.25, 7, 0.5 ], "texture": "#voxels_atlas" },
				"east": { "uv": [ 8.25, 8.5, 8, 8.75 ], "texture": "#voxels_atlas" }
			}
		},
		{
			"__comment": "Voxels",
			"from": [ 7.75, 3.25, 13 ],
			"to": [ 8, 3.5, 13.5 ],
			"faces": {
				"down": { "uv": [ 6, 5.75, 6.25, 6.25 ], "texture": "#voxels_atlas" },
				"up": { "uv": [ 6, 5.75, 6.25, 5.25 ], "texture": "#voxels_atlas" },
				"north": { "uv": [ 10.5, 8.75, 10.25, 9 ], "texture": "#voxels_atlas" },
				"south": { "uv": [ 10.5, 8.75, 10.75, 9 ], "texture": "#voxels_atlas" },
				"west": { "uv": [ 9.75, 9.5, 10.25, 9.75 ], "texture": "#voxels_atlas" },
				"east": { "uv": [ 12.5, 9.75, 12, 10 ], "texture": "#voxels_atlas" }
			}
		},
		{
			"__comment": "Voxels",
			"from": [ 7.75, 3.5, 2.25 ],
			"to": [ 8.5, 3.75, 2.5 ],
			"faces": {
				"down": { "uv": [ 5.75, 10, 6.5, 10.25 ], "texture": "#voxels_atlas" },
				"up": { "uv": [ 6.5, 10.25, 7.25, 10 ], "texture": "#voxels_atlas" },
				"north": { "uv": [ 9.5, 10, 8.75, 10.25 ], "texture": "#voxels_atlas" },
				"south": { "uv": [ 9.5, 10, 10.25, 10.25 ], "texture": "#voxels_atlas" },
				"west": { "uv": [ 7, 3, 7.25, 3.25 ], "texture": "#voxels_atlas" },
				"east": { "uv": [ 7.25, 2.25, 7, 2.5 ], "texture": "#voxels_atlas" }
			}
		},
		{
			"__comment": "Voxels",
			"from": [ 7.75, 3.5, 12.5 ],
			"to": [ 8, 3.75, 13 ],
			"faces": {
				"down": { "uv": [ 6.25, 7, 6.5, 7.5 ], "texture": "#voxels_atlas" },
				"up": { "uv": [ 6.25, 7, 6.5, 6.5 ], "texture": "#voxels_atlas" },
				"north": { "uv": [ 9.25, 8.5, 9, 8.75 ], "texture": "#voxels_atlas" },
				"south": { "uv": [ 10.75, 8.5, 11, 8.75 ], "texture": "#voxels_atlas" },
				"west": { "uv": [ 7, 9.25, 7.5, 9.5 ], "texture": "#voxels_atlas" },
				"east": { "uv": [ 8, 9.25, 7.5, 9.5 ], "texture": "#voxels_atlas" }
			}
		},
		{
			"__comment": "Voxels",
			"from": [ 7.75, 3.75, 2.5 ],
			"to": [ 8.5, 4, 2.75 ],
			"faces": {
				"down": { "uv": [ 14.75, 10, 15.5, 10.25 ], "texture": "#voxels_atlas" },
				"up": { "uv": [ 4.75, 9.25, 5.5, 9 ], "texture": "#voxels_atlas" },
				"north": { "uv": [ 5.5, 8.75, 4.75, 9 ], "texture": "#voxels_atlas" },
				"south": { "uv": [ 4.75, 8.5, 5.5, 8.75 ], "texture": "#voxels_atlas" },
				"west": { "uv": [ 6.75, 6.25, 7, 6.5 ], "texture": "#voxels_atlas" },
				"east": { "uv": [ 7, 6, 6.75, 6.25 ], "texture": "#voxels_atlas" }
			}
		},
		{
			"__comment": "Voxels",
			"from": [ 7.75, 3.75, 11.75 ],
			"to": [ 8.5, 4, 12.5 ],
			"faces": {
				"down": { "uv": [ 0, 3, 0.75, 3.75 ], "texture": "#voxels_atlas" },
				"up": { "uv": [ 0, 5, 0.75, 4.25 ], "texture": "#voxels_atlas" },
				"north": { "uv": [ 5.5, 3, 4.75, 3.25 ], "texture": "#voxels_atlas" },
				"south": { "uv": [ 4.75, 2.75, 5.5, 3 ], "texture": "#voxels_atlas" },
				"west": { "uv": [ 4.75, 2.5, 5.5, 2.75 ], "texture": "#voxels_atlas" },
				"east": { "uv": [ 5.5, 2.25, 4.75, 2.5 ], "texture": "#voxels_atlas" }
			}
		},
		{
			"__comment": "Voxels",
			"from": [ 8, 3, 14.25 ],
			"to": [ 8.25, 3.25, 14.75 ],
			"faces": {
				"down": { "uv": [ 6.25, 0, 6.5, 0.5 ], "texture": "#voxels_atlas" },
				"up": { "uv": [ 6.5, 9.25, 6.75, 8.75 ], "texture": "#voxels_atlas" },
				"north": { "uv": [ 7, 5.75, 6.75, 6 ], "texture": "#voxels_atlas" },
				"south": { "uv": [ 6.75, 5.5, 7, 5.75 ], "texture": "#voxels_atlas" },
				"west": { "uv": [ 7.25, 9, 7.75, 9.25 ], "texture": "#voxels_atlas" },
				"east": { "uv": [ 8.25, 9, 7.75, 9.25 ], "texture": "#voxels_atlas" }
			}
		},
		{
			"__comment": "Voxels",
			"from": [ 8, 3.25, 13.5 ],
			"to": [ 8.25, 3.5, 14.25 ],
			"faces": {
				"down": { "uv": [ 5.5, 9, 5.75, 9.75 ], "texture": "#voxels_atlas" },
				"up": { "uv": [ 5.5, 9, 5.75, 8.25 ], "texture": "#voxels_atlas" },
				"north": { "uv": [ 14.75, 8.75, 14.5, 9 ], "texture": "#voxels_atlas" },
				"south": { "uv": [ 6.75, 5.25, 7, 5.5 ], "texture": "#voxels_atlas" },
				"west": { "uv": [ 4.75, 0, 5.5, 0.25 ], "texture": "#voxels_atlas" },
				"east": { "uv": [ 6.5, 10.25, 5.75, 10.5 ], "texture": "#voxels_atlas" }
			}
		},
		{
			"__comment": "Voxels",
			"from": [ 8, 3.5, 13 ],
			"to": [ 8.25, 3.75, 13.5 ],
			"faces": {
				"down": { "uv": [ 6.5, 7.75, 6.75, 8.25 ], "texture": "#voxels_atlas" },
				"up": { "uv": [ 6.5, 7.75, 6.75, 7.25 ], "texture": "#voxels_atlas" },
				"north": { "uv": [ 7, 5, 6.75, 5.25 ], "texture": "#voxels_atlas" },
				"south": { "uv": [ 6.75, 4.75, 7, 5 ], "texture": "#voxels_atlas" },
				"west": { "uv": [ 9.75, 9, 10.25, 9.25 ], "texture": "#voxels_atlas" },
				"east": { "uv": [ 10.75, 9, 10.25, 9.25 ], "texture": "#voxels_atlas" }
			}
		},
		{
			"__comment": "Voxels",
			"from": [ 8, 3.75, 12.5 ],
			"to": [ 8.25, 4, 13 ],
			"faces": {
				"down": { "uv": [ 6.5, 6.75, 6.75, 7.25 ], "texture": "#voxels_atlas" },
				"up": { "uv": [ 3, 8.75, 3.25, 8.25 ], "texture": "#voxels_atlas" },
				"north": { "uv": [ 7, 4.5, 6.75, 4.75 ], "texture": "#voxels_atlas" },
				"south": { "uv": [ 6.75, 4.25, 7, 4.5 ], "texture": "#voxels_atlas" },
				"west": { "uv": [ 2.75, 5.25, 3.25, 5.5 ], "texture": "#voxels_atlas" },
				"east": { "uv": [ 3.25, 2.5, 2.75, 2.75 ], "texture": "#voxels_atlas" }
			}
		},
		{
			"__comment": "Voxels",
			"from": [ 8.25, 3, 13.5 ],
			"to": [ 8.5, 3.25, 14.25 ],
			"faces": {
				"down": { "uv": [ 5.5, 3.75, 5.75, 4.5 ], "texture": "#voxels_atlas" },
				"up": { "uv": [ 5.5, 3.75, 5.75, 3 ], "texture": "#voxels_atlas" },
				"north": { "uv": [ 7, 4, 6.75, 4.25 ], "texture": "#voxels_atlas" },
				"south": { "uv": [ 6.75, 3.75, 7, 4 ], "texture": "#voxels_atlas" },
				"west": { "uv": [ 7.25, 10, 8, 10.25 ], "texture": "#voxels_atlas" },
				"east": { "uv": [ 8.75, 10, 8, 10.25 ], "texture": "#voxels_atlas" }
			}
		},
		{
			"__comment": "Voxels",
			"from": [ 8.25, 3.25, 2.25 ],
			"to": [ 9.5, 3.5, 2.5 ],
			"faces": {
				"down": { "uv": [ 14.75, 12, 16, 12.25 ], "texture": "#voxels_atlas" },
				"up": { "uv": [ 9.5, 11.75, 10.75, 11.5 ], "texture": "#voxels_atlas" },
				"north": { "uv": [ 13.25, 11.5, 12, 11.75 ], "texture": "#voxels_atlas" },
				"south": { "uv": [ 8.75, 11.75, 10, 12 ], "texture": "#voxels_atlas" },
				"west": { "uv": [ 6.75, 3, 7, 3.25 ], "texture": "#voxels_atlas" },
				"east": { "uv": [ 7, 2.75, 6.75, 3 ], "texture": "#voxels_atlas" }
			}
		},
		{
			"__comment": "Voxels",
			"from": [ 8.25, 3.25, 13 ],
			"to": [ 8.5, 3.5, 13.5 ],
			"faces": {
				"down": { "uv": [ 5.75, 5, 6, 5.5 ], "texture": "#voxels_atlas" },
				"up": { "uv": [ 5.75, 5, 6, 4.5 ], "texture": "#voxels_atlas" },
				"north": { "uv": [ 7, 2.5, 6.75, 2.75 ], "texture": "#voxels_atlas" },
				"south": { "uv": [ 6.75, 2.25, 7, 2.5 ], "texture": "#voxels_atlas" },
				"west": { "uv": [ 15.5, 10.25, 16, 10.5 ], "texture": "#voxels_atlas" },
				"east": { "uv": [ 16, 10, 15.5, 10.25 ], "texture": "#voxels_atlas" }
			}
		},
		{
			"__comment": "Voxels",
			"from": [ 8.25, 3.5, 2.5 ],
			"to": [ 9.5, 3.75, 2.75 ],
			"faces": {
				"down": { "uv": [ 10, 11.75, 11.25, 12 ], "texture": "#voxels_atlas" },
				"up": { "uv": [ 10.75, 11.75, 12, 11.5 ], "texture": "#voxels_atlas" },
				"north": { "uv": [ 9.5, 11.5, 8.25, 11.75 ], "texture": "#voxels_atlas" },
				"south": { "uv": [ 7, 11.5, 8.25, 11.75 ], "texture": "#voxels_atlas" },
				"west": { "uv": [ 6.75, 1.25, 7, 1.5 ], "texture": "#voxels_atlas" },
				"east": { "uv": [ 7, 1, 6.75, 1.25 ], "texture": "#voxels_atlas" }
			}
		},
		{
			"__comment": "Voxels",
			"from": [ 8.25, 3.5, 12.5 ],
			"to": [ 8.5, 3.75, 13 ],
			"faces": {
				"down": { "uv": [ 5.75, 1.5, 6, 2 ], "texture": "#voxels_atlas" },
				"up": { "uv": [ 5.75, 1.5, 6, 1 ], "texture": "#voxels_atlas" },
				"north": { "uv": [ 7, 0.75, 6.75, 1 ], "texture": "#voxels_atlas" },
				"south": { "uv": [ 6.75, 0.5, 7, 0.75 ], "texture": "#voxels_atlas" },
				"west": { "uv": [ 11.5, 9.75, 12, 10 ], "texture": "#voxels_atlas" },
				"east": { "uv": [ 13, 9.75, 12.5, 10 ], "texture": "#voxels_atlas" }
			}
		},
		{
			"__comment": "Voxels",
			"from": [ 8.5, 3, 2 ],
			"to": [ 9.5, 3.25, 2.25 ],
			"faces": {
				"down": { "uv": [ 14, 11.25, 15, 11.5 ], "texture": "#voxels_atlas" },
				"up": { "uv": [ 15, 11.5, 16, 11.25 ], "texture": "#voxels_atlas" },
				"north": { "uv": [ 5.5, 11, 4.5, 11.25 ], "texture": "#voxels_atlas" },
				"south": { "uv": [ 4.5, 10.75, 5.5, 11 ], "texture": "#voxels_atlas" },
				"west": { "uv": [ 6.75, 0, 7, 0.25 ], "texture": "#voxels_atlas" },
				"east": { "uv": [ 7.25, 8.75, 7, 9 ], "texture": "#voxels_atlas" }
			}
		},
		{
			"__comment": "Voxels",
			"from": [ 8.5, 3, 13 ],
			"to": [ 8.75, 3.25, 13.5 ],
			"faces": {
				"down": { "uv": [ 6, 6.75, 6.25, 7.25 ], "texture": "#voxels_atlas" },
				"up": { "uv": [ 6.5, 8.75, 6.75, 8.25 ], "texture": "#voxels_atlas" },
				"north": { "uv": [ 7.5, 8.5, 7.25, 8.75 ], "texture": "#voxels_atlas" },
				"south": { "uv": [ 11.5, 8.5, 11.75, 8.75 ], "texture": "#voxels_atlas" },
				"west": { "uv": [ 11.75, 9.5, 12.25, 9.75 ], "texture": "#voxels_atlas" },
				"east": { "uv": [ 13.75, 9.5, 13.25, 9.75 ], "texture": "#voxels_atlas" }
			}
		},
		{
			"__comment": "Voxels",
			"from": [ 8.5, 3.25, 12.5 ],
			"to": [ 8.75, 3.5, 13 ],
			"faces": {
				"down": { "uv": [ 6.25, 2.5, 6.5, 3 ], "texture": "#voxels_atlas" },
				"up": { "uv": [ 6.25, 2.5, 6.5, 2 ], "texture": "#voxels_atlas" },
				"north": { "uv": [ 13.25, 8.75, 13, 9 ], "texture": "#voxels_atlas" },
				"south": { "uv": [ 13.25, 8.75, 13.5, 9 ], "texture": "#voxels_atlas" },
				"west": { "uv": [ 6.25, 9.5, 6.75, 9.75 ], "texture": "#voxels_atlas" },
				"east": { "uv": [ 7.25, 9.5, 6.75, 9.75 ], "texture": "#voxels_atlas" }
			}
		},
		{
			"__comment": "Voxels",
			"from": [ 8.5, 3.5, 11.75 ],
			"to": [ 8.75, 3.75, 12.5 ],
			"faces": {
				"down": { "uv": [ 4.5, 2.25, 4.75, 3 ], "texture": "#voxels_atlas" },
				"up": { "uv": [ 4.5, 2.25, 4.75, 1.5 ], "texture": "#voxels_atlas" },
				"north": { "uv": [ 7.25, 1.25, 7, 1.5 ], "texture": "#voxels_atlas" },
				"south": { "uv": [ 7, 0, 7.25, 0.25 ], "texture": "#voxels_atlas" },
				"west": { "uv": [ 4.75, 7, 5.5, 7.25 ], "texture": "#voxels_atlas" },
				"east": { "uv": [ 5.5, 6.75, 4.75, 7 ], "texture": "#voxels_atlas" }
			}
		},
		{
			"__comment": "Voxels",
			"from": [ 8.75, 3, 12.5 ],
			"to": [ 9, 3.25, 13 ],
			"faces": {
				"down": { "uv": [ 5.75, 6.5, 6, 7 ], "texture": "#voxels_atlas" },
				"up": { "uv": [ 6, 6.75, 6.25, 6.25 ], "texture": "#voxels_atlas" },
				"north": { "uv": [ 12, 8.5, 11.75, 8.75 ], "texture": "#voxels_atlas" },
				"south": { "uv": [ 12, 8.5, 12.25, 8.75 ], "texture": "#voxels_atlas" },
				"west": { "uv": [ 14, 9.75, 14.5, 10 ], "texture": "#voxels_atlas" },
				"east": { "uv": [ 16, 9.75, 15.5, 10 ], "texture": "#voxels_atlas" }
			}
		},
		{
			"__comment": "Voxels",
			"from": [ 8.75, 3.25, 11.75 ],
			"to": [ 9, 3.5, 12.5 ],
			"faces": {
				"down": { "uv": [ 4.5, 0.75, 4.75, 1.5 ], "texture": "#voxels_atlas" },
				"up": { "uv": [ 4.5, 0.75, 4.75, 0 ], "texture": "#voxels_atlas" },
				"north": { "uv": [ 7.25, 8.5, 7, 8.75 ], "texture": "#voxels_atlas" },
				"south": { "uv": [ 7, 7.75, 7.25, 8 ], "texture": "#voxels_atlas" },
				"west": { "uv": [ 4.75, 6.5, 5.5, 6.75 ], "texture": "#voxels_atlas" },
				"east": { "uv": [ 5.5, 6.25, 4.75, 6.5 ], "texture": "#voxels_atlas" }
			}
		},
		{
			"__comment": "Voxels",
			"from": [ 8.75, 3.5, 11.25 ],
			"to": [ 9, 3.75, 11.75 ],
			"faces": {
				"down": { "uv": [ 6, 2.75, 6.25, 3.25 ], "texture": "#voxels_atlas" },
				"up": { "uv": [ 6, 2.75, 6.25, 2.25 ], "texture": "#voxels_atlas" },
				"north": { "uv": [ 13.5, 8.5, 13.25, 8.75 ], "texture": "#voxels_atlas" },
				"south": { "uv": [ 7.25, 8.75, 7.5, 9 ], "texture": "#voxels_atlas" },
				"west": { "uv": [ 8.25, 9.5, 8.75, 9.75 ], "texture": "#voxels_atlas" },
				"east": { "uv": [ 10.75, 9.5, 10.25, 9.75 ], "texture": "#voxels_atlas" }
			}
		},
		{
			"__comment": "Voxels",
			"from": [ 9, 3, 11.75 ],
			"to": [ 9.25, 3.25, 12.5 ],
			"faces": {
				"down": { "uv": [ 4.75, 5.5, 5, 6.25 ], "texture": "#voxels_atlas" },
				"up": { "uv": [ 5.25, 6.25, 5.5, 5.5 ], "texture": "#voxels_atlas" },
				"north": { "uv": [ 7.25, 4.5, 7, 4.75 ], "texture": "#voxels_atlas" },
				"south": { "uv": [ 7, 1.5, 7.25, 1.75 ], "texture": "#voxels_atlas" },
				"west": { "uv": [ 4.75, 5.25, 5.5, 5.5 ], "texture": "#voxels_atlas" },
				"east": { "uv": [ 5.5, 1, 4.75, 1.25 ], "texture": "#voxels_atlas" }
			}
		},
		{
			"__comment": "Voxels",
			"from": [ 9, 3.25, 11.25 ],
			"to": [ 9.25, 3.5, 11.75 ],
			"faces": {
				"down": { "uv": [ 6.25, 6, 6.5, 6.5 ], "texture": "#voxels_atlas" },
				"up": { "uv": [ 6.25, 6, 6.5, 5.5 ], "texture": "#voxels_atlas" },
				"north": { "uv": [ 9, 8.75, 8.75, 9 ], "texture": "#voxels_atlas" },
				"south": { "uv": [ 9.5, 8.75, 9.75, 9 ], "texture": "#voxels_atlas" },
				"west": { "uv": [ 9, 9.25, 9.5, 9.5 ], "texture": "#voxels_atlas" },
				"east": { "uv": [ 10, 9.25, 9.5, 9.5 ], "texture": "#voxels_atlas" }
			}
		},
		{
			"__comment": "Voxels",
			"from": [ 9, 3.5, 10.5 ],
			"to": [ 9.25, 3.75, 11.25 ],
			"faces": {
				"down": { "uv": [ 5, 3.25, 5.25, 4 ], "texture": "#voxels_atlas" },
				"up": { "uv": [ 5.25, 4, 5.5, 3.25 ], "texture": "#voxels_atlas" },
				"north": { "uv": [ 13.75, 8.75, 13.5, 9 ], "texture": "#voxels_atlas" },
				"south": { "uv": [ 13.75, 8.75, 14, 9 ], "texture": "#voxels_atlas" },
				"west": { "uv": [ 4.75, 0.75, 5.5, 1 ], "texture": "#voxels_atlas" },
				"east": { "uv": [ 5.5, 0.5, 4.75, 0.75 ], "texture": "#voxels_atlas" }
			}
		},
		{
			"__comment": "Voxels",
			"from": [ 9.25, 3, 11.25 ],
			"to": [ 9.5, 3.25, 11.75 ],
			"faces": {
				"down": { "uv": [ 5.75, 4, 6, 4.5 ], "texture": "#voxels_atlas" },
				"up": { "uv": [ 6, 7.75, 6.25, 7.25 ], "texture": "#voxels_atlas" },
				"north": { "uv": [ 10.5, 8.5, 10.25, 8.75 ], "texture": "#voxels_atlas" },
				"south": { "uv": [ 10.5, 8.5, 10.75, 8.75 ], "texture": "#voxels_atlas" },
				"west": { "uv": [ 13, 9.75, 13.5, 10 ], "texture": "#voxels_atlas" },
				"east": { "uv": [ 7.25, 9, 6.75, 9.25 ], "texture": "#voxels_atlas" }
			}
		},
		{
			"__comment": "Voxels",
			"from": [ 9.25, 3.25, 10.5 ],
			"to": [ 9.5, 3.5, 11.25 ],
			"faces": {
				"down": { "uv": [ 5.5, 9.75, 5.75, 10.5 ], "texture": "#voxels_atlas" },
				"up": { "uv": [ 5.5, 8.25, 5.75, 7.5 ], "texture": "#voxels_atlas" },
				"north": { "uv": [ 12.5, 8.5, 12.25, 8.75 ], "texture": "#voxels_atlas" },
				"south": { "uv": [ 13, 8.5, 13.25, 8.75 ], "texture": "#voxels_atlas" },
				"west": { "uv": [ 4.75, 0.25, 5.5, 0.5 ], "texture": "#voxels_atlas" },
				"east": { "uv": [ 5.5, 7.75, 4.75, 8 ], "texture": "#voxels_atlas" }
			}
		},
		{
			"__comment": "Voxels",
			"from": [ 9.25, 3.5, 2.75 ],
			"to": [ 10.25, 3.75, 3 ],
			"faces": {
				"down": { "uv": [ 6.5, 10.75, 7.5, 11 ], "texture": "#voxels_atlas" },
				"up": { "uv": [ 7.5, 11, 8.5, 10.75 ], "texture": "#voxels_atlas" },
				"north": { "uv": [ 9.5, 10.75, 8.5, 11 ], "texture": "#voxels_atlas" },
				"south": { "uv": [ 9.5, 10.75, 10.5, 11 ], "texture": "#voxels_atlas" },
				"west": { "uv": [ 12.75, 8.75, 13, 9 ], "texture": "#voxels_atlas" },
				"east": { "uv": [ 7.25, 6.5, 7, 6.75 ], "texture": "#voxels_atlas" }
			}
		},
		{
			"__comment": "Voxels",
			"from": [ 9.25, 3.5, 10 ],
			"to": [ 9.5, 3.75, 10.5 ],
			"faces": {
				"down": { "uv": [ 6, 4.75, 6.25, 5.25 ], "texture": "#voxels_atlas" },
				"up": { "uv": [ 6, 4.75, 6.25, 4.25 ], "texture": "#voxels_atlas" },
				"north": { "uv": [ 8.5, 8.5, 8.25, 8.75 ], "texture": "#voxels_atlas" },
				"south": { "uv": [ 8, 8.75, 8.25, 9 ], "texture": "#voxels_atlas" },
				"west": { "uv": [ 14.5, 9.75, 15, 10 ], "texture": "#voxels_atlas" },
				"east": { "uv": [ 15.5, 9.75, 15, 10 ], "texture": "#voxels_atlas" }
			}
		},
		{
			"__comment": "Voxels",
			"from": [ 9.5, 3, 2.25 ],
			"to": [ 10.25, 3.25, 2.5 ],
			"faces": {
				"down": { "uv": [ 6.5, 10.25, 7.25, 10.5 ], "texture": "#voxels_atlas" },
				"up": { "uv": [ 7.25, 10.5, 8, 10.25 ], "texture": "#voxels_atlas" },
				"north": { "uv": [ 8.75, 10.25, 8, 10.5 ], "texture": "#voxels_atlas" },
				"south": { "uv": [ 8.75, 10.25, 9.5, 10.5 ], "texture": "#voxels_atlas" },
				"west": { "uv": [ 7, 8.25, 7.25, 8.5 ], "texture": "#voxels_atlas" },
				"east": { "uv": [ 7.25, 8, 7, 8.25 ], "texture": "#voxels_atlas" }
			}
		},
		{
			"__comment": "Voxels",
			"from": [ 9.5, 3, 10.5 ],
			"to": [ 9.75, 3.25, 11.25 ],
			"faces": {
				"down": { "uv": [ 5.5, 6.75, 5.75, 7.5 ], "texture": "#voxels_atlas" },
				"up": { "uv": [ 5.5, 6.75, 5.75, 6 ], "texture": "#voxels_atlas" },
				"north": { "uv": [ 7.25, 6.25, 7, 6.5 ], "texture": "#voxels_atlas" },
				"south": { "uv": [ 7, 5.25, 7.25, 5.5 ], "texture": "#voxels_atlas" },
				"west": { "uv": [ 9.5, 10.25, 10.25, 10.5 ], "texture": "#voxels_atlas" },
				"east": { "uv": [ 11, 10.25, 10.25, 10.5 ], "texture": "#voxels_atlas" }
			}
		},
		{
			"__comment": "Voxels",
			"from": [ 9.5, 3.25, 2.5 ],
			"to": [ 10.25, 3.5, 2.75 ],
			"faces": {
				"down": { "uv": [ 11, 10.25, 11.75, 10.5 ], "texture": "#voxels_atlas" },
				"up": { "uv": [ 11.75, 10.5, 12.5, 10.25 ], "texture": "#voxels_atlas" },
				"north": { "uv": [ 13.25, 10.25, 12.5, 10.5 ], "texture": "#voxels_atlas" },
				"south": { "uv": [ 13.25, 10.25, 14, 10.5 ], "texture": "#voxels_atlas" },
				"west": { "uv": [ 9.75, 8.75, 10, 9 ], "texture": "#voxels_atlas" },
				"east": { "uv": [ 10.25, 8.75, 10, 9 ], "texture": "#voxels_atlas" }
			}
		},
		{
			"__comment": "Voxels",
			"from": [ 9.5, 3.25, 10 ],
			"to": [ 9.75, 3.5, 10.5 ],
			"faces": {
				"down": { "uv": [ 6, 1.75, 6.25, 2.25 ], "texture": "#voxels_atlas" },
				"up": { "uv": [ 6, 1.75, 6.25, 1.25 ], "texture": "#voxels_atlas" },
				"north": { "uv": [ 11, 8.75, 10.75, 9 ], "texture": "#voxels_atlas" },
				"south": { "uv": [ 11.5, 8.75, 11.75, 9 ], "texture": "#voxels_atlas" },
				"west": { "uv": [ 8.75, 9.5, 9.25, 9.75 ], "texture": "#voxels_atlas" },
				"east": { "uv": [ 9.75, 9.5, 9.25, 9.75 ], "texture": "#voxels_atlas" }
			}
		},
		{
			"__comment": "Voxels",
			"from": [ 9.5, 3.5, 9 ],
			"to": [ 9.75, 3.75, 10 ],
			"faces": {
				"down": { "uv": [ 4.25, 8, 4.5, 9 ], "texture": "#voxels_atlas" },
				"up": { "uv": [ 4.25, 8, 4.5, 7 ], "texture": "#voxels_atlas" },
				"north": { "uv": [ 15, 8.75, 14.75, 9 ], "texture": "#voxels_atlas" },
				"south": { "uv": [ 15.5, 8.75, 15.75, 9 ], "texture": "#voxels_atlas" },
				"west": { "uv": [ 10.5, 10.75, 11.5, 11 ], "texture": "#voxels_atlas" },
				"east": { "uv": [ 12.5, 10.75, 11.5, 11 ], "texture": "#voxels_atlas" }
			}
		},
		{
			"__comment": "Voxels",
			"from": [ 9.75, 3, 10 ],
			"to": [ 10, 3.25, 10.5 ],
			"faces": {
				"down": { "uv": [ 6.25, 9, 6.5, 9.5 ], "texture": "#voxels_atlas" },
				"up": { "uv": [ 6.25, 9, 6.5, 8.5 ], "texture": "#voxels_atlas" },
				"north": { "uv": [ 7.25, 7, 7, 7.25 ], "texture": "#voxels_atlas" },
				"south": { "uv": [ 7, 6.75, 7.25, 7 ], "texture": "#voxels_atlas" },
				"west": { "uv": [ 12.25, 9.5, 12.75, 9.75 ], "texture": "#voxels_atlas" },
				"east": { "uv": [ 13.25, 9.5, 12.75, 9.75 ], "texture": "#voxels_atlas" }
			}
		},
		{
			"__comment": "Voxels",
			"from": [ 9.75, 3.25, 9 ],
			"to": [ 10, 3.5, 10 ],
			"faces": {
				"down": { "uv": [ 4.25, 6, 4.5, 7 ], "texture": "#voxels_atlas" },
				"up": { "uv": [ 4.25, 4, 4.5, 3 ], "texture": "#voxels_atlas" },
				"north": { "uv": [ 7.25, 4.25, 7, 4.5 ], "texture": "#voxels_atlas" },
				"south": { "uv": [ 7, 3.75, 7.25, 4 ], "texture": "#voxels_atlas" },
				"west": { "uv": [ 12.5, 10.75, 13.5, 11 ], "texture": "#voxels_atlas" },
				"east": { "uv": [ 5.5, 10.5, 4.5, 10.75 ], "texture": "#voxels_atlas" }
			}
		},
		{
			"__comment": "Voxels",
			"from": [ 9.75, 3.5, 7.25 ],
			"to": [ 10, 3.75, 9 ],
			"faces": {
				"down": { "uv": [ 3.25, 5.5, 3.5, 7.25 ], "texture": "#voxels_atlas" },
				"up": { "uv": [ 3.25, 9, 3.5, 7.25 ], "texture": "#voxels_atlas" },
				"north": { "uv": [ 7.25, 1, 7, 1.25 ], "texture": "#voxels_atlas" },
				"south": { "uv": [ 7, 0.75, 7.25, 1 ], "texture": "#voxels_atlas" },
				"west": { "uv": [ 1.25, 1.25, 3, 1.5 ], "texture": "#voxels_atlas" },
				"east": { "uv": [ 3, 1.5, 1.25, 1.75 ], "texture": "#voxels_atlas" }
			}
		},
		{
			"__comment": "Voxels",
			"from": [ 10, 3, 9 ],
			"to": [ 10.25, 3.25, 10 ],
			"faces": {
				"down": { "uv": [ 4.25, 2, 4.5, 3 ], "texture": "#voxels_atlas" },
				"up": { "uv": [ 4.25, 2, 4.5, 1 ], "texture": "#voxels_atlas" },
				"north": { "uv": [ 8.75, 8.5, 8.5, 8.75 ], "texture": "#voxels_atlas" },
				"south": { "uv": [ 8.75, 8.5, 9, 8.75 ], "texture": "#voxels_atlas" },
				"west": { "uv": [ 5.5, 10.5, 6.5, 10.75 ], "texture": "#voxels_atlas" },
				"east": { "uv": [ 3.25, 5, 2.25, 5.25 ], "texture": "#voxels_atlas" }
			}
		},
		{
			"__comment": "Voxels",
			"from": [ 10, 3.25, 7.25 ],
			"to": [ 10.25, 3.5, 9 ],
			"faces": {
				"down": { "uv": [ 1, 0, 1.25, 1.75 ], "texture": "#voxels_atlas" },
				"up": { "uv": [ 0.5, 2.75, 0.75, 1 ], "texture": "#voxels_atlas" },
				"north": { "uv": [ 7.75, 8.75, 7.5, 9 ], "texture": "#voxels_atlas" },
				"south": { "uv": [ 7.75, 8.75, 8, 9 ], "texture": "#voxels_atlas" },
				"west": { "uv": [ 0.5, 2.75, 2.25, 3 ], "texture": "#voxels_atlas" },
				"east": { "uv": [ 2.5, 3, 0.75, 3.25 ], "texture": "#voxels_atlas" }
			}
		},
		{
			"__comment": "Voxels",
			"from": [ 10, 3.5, 5.5 ],
			"to": [ 10.25, 3.75, 7.25 ],
			"faces": {
				"down": { "uv": [ 0.25, 1.25, 0.5, 3 ], "texture": "#voxels_atlas" },
				"up": { "uv": [ 0, 3, 0.25, 1.25 ], "texture": "#voxels_atlas" },
				"north": { "uv": [ 9.25, 8.75, 9, 9 ], "texture": "#voxels_atlas" },
				"south": { "uv": [ 9.25, 8.75, 9.5, 9 ], "texture": "#voxels_atlas" },
				"west": { "uv": [ 0.75, 3.25, 2.5, 3.5 ], "texture": "#voxels_atlas" },
				"east": { "uv": [ 2.5, 3.5, 0.75, 3.75 ], "texture": "#voxels_atlas" }
			}
		},
		{
			"__comment": "Voxels",
			"from": [ 10.25, 3, 2.5 ],
			"to": [ 11.25, 3.25, 2.75 ],
			"faces": {
				"down": { "uv": [ 2.25, 4, 3.25, 4.25 ], "texture": "#voxels_atlas" },
				"up": { "uv": [ 2.25, 4, 3.25, 3.75 ], "texture": "#voxels_atlas" },
				"north": { "uv": [ 6.5, 10.75, 5.5, 11 ], "texture": "#voxels_atlas" },
				"south": { "uv": [ 7, 11.25, 8, 11.5 ], "texture": "#voxels_atlas" },
				"west": { "uv": [ 11, 8.75, 11.25, 9 ], "texture": "#voxels_atlas" },
				"east": { "uv": [ 11.5, 8.75, 11.25, 9 ], "texture": "#voxels_atlas" }
			}
		},
		{
			"__comment": "Voxels",
			"from": [ 10.25, 3, 7.25 ],
			"to": [ 10.5, 3.25, 9 ],
			"faces": {
				"down": { "uv": [ 3.75, 3.5, 4, 5.25 ], "texture": "#voxels_atlas" },
				"up": { "uv": [ 3.75, 8.75, 4, 7 ], "texture": "#voxels_atlas" },
				"north": { "uv": [ 12.25, 8.75, 12, 9 ], "texture": "#voxels_atlas" },
				"south": { "uv": [ 12.25, 8.75, 12.5, 9 ], "texture": "#voxels_atlas" },
				"west": { "uv": [ 4, 12, 5.75, 12.25 ], "texture": "#voxels_atlas" },
				"east": { "uv": [ 16, 12.25, 14.25, 12.5 ], "texture": "#voxels_atlas" }
			}
		},
		{
			"__comment": "Voxels",
			"from": [ 10.25, 3.25, 2.75 ],
			"to": [ 11, 3.5, 3 ],
			"faces": {
				"down": { "uv": [ 5.75, 9.75, 6.5, 10 ], "texture": "#voxels_atlas" },
				"up": { "uv": [ 7.25, 10, 8, 9.75 ], "texture": "#voxels_atlas" },
				"north": { "uv": [ 3.25, 3.25, 2.5, 3.5 ], "texture": "#voxels_atlas" },
				"south": { "uv": [ 2.5, 3, 3.25, 3.25 ], "texture": "#voxels_atlas" },
				"west": { "uv": [ 14, 8.75, 14.25, 9 ], "texture": "#voxels_atlas" },
				"east": { "uv": [ 14.5, 8.75, 14.25, 9 ], "texture": "#voxels_atlas" }
			}
		},
		{
			"__comment": "Voxels",
			"from": [ 10.25, 3.25, 5.5 ],
			"to": [ 10.5, 3.5, 7.25 ],
			"faces": {
				"down": { "uv": [ 3.75, 5.25, 4, 7 ], "texture": "#voxels_atlas" },
				"up": { "uv": [ 3.75, 10.5, 4, 8.75 ], "texture": "#voxels_atlas" },
				"north": { "uv": [ 15.25, 8.75, 15, 9 ], "texture": "#voxels_atlas" },
				"south": { "uv": [ 15.25, 8.75, 15.5, 9 ], "texture": "#voxels_atlas" },
				"west": { "uv": [ 9, 12.25, 10.75, 12.5 ], "texture": "#voxels_atlas" },
				"east": { "uv": [ 9, 12.25, 7.25, 12.5 ], "texture": "#voxels_atlas" }
			}
		},
		{
			"__comment": "Voxels",
			"from": [ 10.25, 3.5, 3 ],
			"to": [ 10.75, 3.75, 3.25 ],
			"faces": {
				"down": { "uv": [ 14.5, 9.25, 15, 9.5 ], "texture": "#voxels_atlas" },
				"up": { "uv": [ 15, 9.5, 15.5, 9.25 ], "texture": "#voxels_atlas" },
				"north": { "uv": [ 16, 9.25, 15.5, 9.5 ], "texture": "#voxels_atlas" },
				"south": { "uv": [ 13.5, 9.75, 14, 10 ], "texture": "#voxels_atlas" },
				"west": { "uv": [ 7, 7.5, 7.25, 7.75 ], "texture": "#voxels_atlas" },
				"east": { "uv": [ 7.25, 7.25, 7, 7.5 ], "texture": "#voxels_atlas" }
			}
		},
		{
			"__comment": "Voxels",
			"from": [ 10.25, 3.5, 3.75 ],
			"to": [ 10.75, 3.75, 4 ],
			"faces": {
				"down": { "uv": [ 8.25, 9, 8.75, 9.25 ], "texture": "#voxels_atlas" },
				"up": { "uv": [ 8.75, 9.25, 9.25, 9 ], "texture": "#voxels_atlas" },
				"north": { "uv": [ 9.75, 9, 9.25, 9.25 ], "texture": "#voxels_atlas" },
				"south": { "uv": [ 2.75, 5.5, 3.25, 5.75 ], "texture": "#voxels_atlas" },
				"west": { "uv": [ 7, 6, 7.25, 6.25 ], "texture": "#voxels_atlas" },
				"east": { "uv": [ 7.25, 5.75, 7, 6 ], "texture": "#voxels_atlas" }
			}
		},
		{
			"__comment": "Voxels",
			"from": [ 10.25, 3.5, 4 ],
			"to": [ 10.5, 3.75, 5.5 ],
			"faces": {
				"down": { "uv": [ 4, 4.5, 4.25, 6 ], "texture": "#voxels_atlas" },
				"up": { "uv": [ 4, 9, 4.25, 7.5 ], "texture": "#voxels_atlas" },
				"north": { "uv": [ 7.25, 5, 7, 5.25 ], "texture": "#voxels_atlas" },
				"south": { "uv": [ 7, 4.75, 7.25, 5 ], "texture": "#voxels_atlas" },
				"west": { "uv": [ 5.75, 12, 7.25, 12.25 ], "texture": "#voxels_atlas" },
				"east": { "uv": [ 16, 12.5, 14.5, 12.75 ], "texture": "#voxels_atlas" }
			}
		},
		{
			"__comment": "Voxels",
			"from": [ 10.5, 3, 5.5 ],
			"to": [ 10.75, 3.25, 7.25 ],
			"faces": {
				"down": { "uv": [ 3.5, 2, 3.75, 3.75 ], "texture": "#voxels_atlas" },
				"up": { "uv": [ 3.5, 9, 3.75, 7.25 ], "texture": "#voxels_atlas" },
				"north": { "uv": [ 7.25, 3.5, 7, 3.75 ], "texture": "#voxels_atlas" },
				"south": { "uv": [ 7, 3.25, 7.25, 3.5 ], "texture": "#voxels_atlas" },
				"west": { "uv": [ 9.25, 12.5, 11, 12.75 ], "texture": "#voxels_atlas" },
				"east": { "uv": [ 9.25, 12.5, 7.5, 12.75 ], "texture": "#voxels_atlas" }
			}
		},
		{
			"__comment": "Voxels",
			"from": [ 10.5, 3.25, 4 ],
			"to": [ 10.75, 3.5, 5.5 ],
			"faces": {
				"down": { "uv": [ 3.75, 2, 4, 3.5 ], "texture": "#voxels_atlas" },
				"up": { "uv": [ 4.25, 10.5, 4.5, 9 ], "texture": "#voxels_atlas" },
				"north": { "uv": [ 7.25, 2, 7, 2.25 ], "texture": "#voxels_atlas" },
				"south": { "uv": [ 7, 1.75, 7.25, 2 ], "texture": "#voxels_atlas" },
				"west": { "uv": [ 14.5, 13.5, 16, 13.75 ], "texture": "#voxels_atlas" },
				"east": { "uv": [ 11.75, 12, 10.25, 12.25 ], "texture": "#voxels_atlas" }
			}
		},
		{
			"__comment": "Voxels",
			"from": [ 10.5, 3.5, 3.25 ],
			"to": [ 10.75, 3.75, 3.75 ],
			"faces": {
				"down": { "uv": [ 5.75, 3.5, 6, 4 ], "texture": "#voxels_atlas" },
				"up": { "uv": [ 5.75, 3.5, 6, 3 ], "texture": "#voxels_atlas" },
				"north": { "uv": [ 7.25, 0.5, 7, 0.75 ], "texture": "#voxels_atlas" },
				"south": { "uv": [ 7, 0.25, 7.25, 0.5 ], "texture": "#voxels_atlas" },
				"west": { "uv": [ 9.5, 9.75, 10, 10 ], "texture": "#voxels_atlas" },
				"east": { "uv": [ 10.5, 9.75, 10, 10 ], "texture": "#voxels_atlas" }
			}
		},
		{
			"__comment": "Voxels",
			"from": [ 10.75, 3, 3.75 ],
			"to": [ 11, 3.5, 4 ],
			"faces": {
				"down": { "uv": [ 7.5, 8.5, 7.75, 8.75 ], "texture": "#voxels_atlas" },
				"up": { "uv": [ 7.75, 8.75, 8, 8.5 ], "texture": "#voxels_atlas" },
				"north": { "uv": [ 6, 2.5, 5.75, 3 ], "texture": "#voxels_atlas" },
				"south": { "uv": [ 5.75, 2, 6, 2.5 ], "texture": "#voxels_atlas" },
				"west": { "uv": [ 5.75, 0.5, 6, 1 ], "texture": "#voxels_atlas" },
				"east": { "uv": [ 6.25, 7.75, 6, 8.25 ], "texture": "#voxels_atlas" }
			}
		},
		{
			"__comment": "Voxels",
			"from": [ 10.75, 3, 4 ],
			"to": [ 11, 3.25, 5.5 ],
			"faces": {
				"down": { "uv": [ 4, 1.5, 4.25, 3 ], "texture": "#voxels_atlas" },
				"up": { "uv": [ 4, 4.5, 4.25, 3 ], "texture": "#voxels_atlas" },
				"north": { "uv": [ 9.75, 8.5, 9.5, 8.75 ], "texture": "#voxels_atlas" },
				"south": { "uv": [ 9.75, 8.5, 10, 8.75 ], "texture": "#voxels_atlas" },
				"west": { "uv": [ 1.75, 7.25, 3.25, 7.5 ], "texture": "#voxels_atlas" },
				"east": { "uv": [ 8.75, 12, 7.25, 12.25 ], "texture": "#voxels_atlas" }
			}
		},
		{
			"__comment": "Voxels",
			"from": [ 10.75, 3.25, 3 ],
			"to": [ 11, 3.5, 3.75 ],
			"faces": {
				"down": { "uv": [ 4.5, 9.75, 4.75, 10.5 ], "texture": "#voxels_atlas" },
				"up": { "uv": [ 4.5, 6.75, 4.75, 6 ], "texture": "#voxels_atlas" },
				"north": { "uv": [ 11.25, 8.5, 11, 8.75 ], "texture": "#voxels_atlas" },
				"south": { "uv": [ 11.25, 8.5, 11.5, 8.75 ], "texture": "#voxels_atlas" },
				"west": { "uv": [ 4.75, 9.5, 5.5, 9.75 ], "texture": "#voxels_atlas" },
				"east": { "uv": [ 5.5, 9.25, 4.75, 9.5 ], "texture": "#voxels_atlas" }
			}
		},
		{
			"__comment": "Voxels",
			"from": [ 11, 3, 2.75 ],
			"to": [ 11.25, 3.25, 3.75 ],
			"faces": {
				"down": { "uv": [ 2.75, 8.75, 3, 9.75 ], "texture": "#voxels_atlas" },
				"up": { "uv": [ 3, 9.75, 3.25, 8.75 ], "texture": "#voxels_atlas" },
				"north": { "uv": [ 12.75, 8.5, 12.5, 8.75 ], "texture": "#voxels_atlas" },
				"south": { "uv": [ 12.75, 8.5, 13, 8.75 ], "texture": "#voxels_atlas" },
				"west": { "uv": [ 8, 11.25, 9, 11.5 ], "texture": "#voxels_atlas" },
				"east": { "uv": [ 12, 11.25, 11, 11.5 ], "texture": "#voxels_atlas" }
			}
		}
	],
	"display": {
		"thirdperson_righthand": {
			"rotation":  [ 180, 0, -90 ],
			"translation":  [ 9.5, -2, 0 ],
			"scale":  [ 1.5, 1.5, 1.5 ]
		},
		"thirdperson_lefthand": {
			"rotation":  [ 180, 0, -90 ],
			"translation":  [ 9.5, -2, 0 ],
			"scale":  [ 1.5, 1.5, 1.5 ]
		},
		"firstperson_righthand": {
			"rotation":  [ 180, 0, -90 ],
			"translation":  [ 5, 5, 0 ]
		},
		"firstperson_lefthand": {
			"rotation":  [ 180, 0, -90 ],
			"translation":  [ 5, 5, 0 ]
		},
		"gui": {
			"rotation":  [ 90, -45, 0 ],
			"scale":  [ 1.25, 1.25, 1.25 ]
		},
		"ground": {
			"translation":  [ 0, 2, 0 ]
		},
		"fixed": {
			"rotation":  [ 90, 0, 180 ],
			"translation":  [ 0, 0, -4 ]
		}
	}
}