{
	"__comment": "Designed by Dragon2212 with Cubik Studio - https://cubik.studio",
	"textures": {
		"voxels_atlas": "items/forsaydon"
	},
	"elements": [ 	 
		{
			"__comment": "Voxels",
			"from": [ 2.0317, 0.127, 1.5238 ],
			"to": [ 2.158684, 0.2539842, 1.777768 ],
			"faces": {
				"down": { "uv": [ 9.125, 12.125, 9.25, 12.375 ], "texture": "#voxels_atlas" },
				"up": { "uv": [ 9.125, 12.125, 9.25, 11.875 ], "texture": "#voxels_atlas" },
				"north": { "uv": [ 10.625, 14, 10.5, 14.125 ], "texture": "#voxels_atlas" },
				"south": { "uv": [ 10.375, 14, 10.5, 14.125 ], "texture": "#voxels_atlas" },
				"west": { "uv": [ 9.625, 11.875, 9.875, 12 ], "texture": "#voxels_atlas" },
				"east": { "uv": [ 9.875, 11.75, 9.625, 11.875 ], "texture": "#voxels_atlas" }
			}
		},
		{
			"__comment": "Voxels",
			"from": [ 2.1587, 0.127, 1.6508 ],
			"to": [ 2.412668, 0.2539842, 1.904768 ],
			"faces": {
				"down": { "uv": [ 3.125, 10.125, 3.375, 10.375 ], "texture": "#voxels_atlas" },
				"up": { "uv": [ 4.75, 13.75, 5, 13.5 ], "texture": "#voxels_atlas" },
				"north": { "uv": [ 9.875, 11.125, 9.625, 11.25 ], "texture": "#voxels_atlas" },
				"south": { "uv": [ 9.625, 11, 9.875, 11.125 ], "texture": "#voxels_atlas" },
				"west": { "uv": [ 9.625, 10.875, 9.875, 11 ], "texture": "#voxels_atlas" },
				"east": { "uv": [ 9.875, 10.75, 9.625, 10.875 ], "texture": "#voxels_atlas" }
			}
		},
		{
			"__comment": "Voxels",
			"from": [ 2.1587, 0.127, 4.3175 ],
			"to": [ 2.920605, 0.2539842, 4.952421 ],
			"faces": {
				"down": { "uv": [ 3.375, 14.625, 4.125, 15.25 ], "texture": "#voxels_atlas" },
				"up": { "uv": [ 3.375, 14.625, 4.125, 14 ], "texture": "#voxels_atlas" },
				"north": { "uv": [ 7.625, 13.125, 6.875, 13.25 ], "texture": "#voxels_atlas" },
				"south": { "uv": [ 6.875, 13, 7.625, 13.125 ], "texture": "#voxels_atlas" },
				"west": { "uv": [ 11.75, 15.125, 12.375, 15.25 ], "texture": "#voxels_atlas" },
				"east": { "uv": [ 13, 15.125, 12.375, 15.25 ], "texture": "#voxels_atlas" }
			}
		},
		{
			"__comment": "Voxels",
			"from": [ 2.2857, 0, 4.3175 ],
			"to": [ 2.793636, 0.1269841, 4.952421 ],
			"faces": {
				"down": { "uv": [ 4.125, 12.625, 4.625, 13.25 ], "texture": "#voxels_atlas" },
				"up": { "uv": [ 3.625, 13, 4.125, 12.375 ], "texture": "#voxels_atlas" },
				"north": { "uv": [ 7.625, 13.875, 7.125, 14 ], "texture": "#voxels_atlas" },
				"south": { "uv": [ 7.125, 13.75, 7.625, 13.875 ], "texture": "#voxels_atlas" },
				"west": { "uv": [ 14.25, 15.125, 14.875, 15.25 ], "texture": "#voxels_atlas" },
				"east": { "uv": [ 15.5, 15.125, 14.875, 15.25 ], "texture": "#voxels_atlas" }
			}
		},
		{
			"__comment": "Voxels",
			"from": [ 2.2857, 0.127, 1.9048 ],
			"to": [ 2.666652, 0.2539842, 2.031784 ],
			"faces": {
				"down": { "uv": [ 0.75, 8, 1.125, 8.125 ], "texture": "#voxels_atlas" },
				"up": { "uv": [ 1.375, 8.125, 1.75, 8 ], "texture": "#voxels_atlas" },
				"north": { "uv": [ 5, 12.625, 4.625, 12.75 ], "texture": "#voxels_atlas" },
				"south": { "uv": [ 4.625, 12, 5, 12.125 ], "texture": "#voxels_atlas" },
				"west": { "uv": [ 10.25, 14, 10.375, 14.125 ], "texture": "#voxels_atlas" },
				"east": { "uv": [ 10, 14, 9.875, 14.125 ], "texture": "#voxels_atlas" }
			}
		},
		{
			"__comment": "Voxels",
			"from": [ 2.2857, 0.127, 3.6825 ],
			"to": [ 3.047605, 0.2539842, 4.190436 ],
			"faces": {
				"down": { "uv": [ 3.375, 10.625, 4.125, 11.125 ], "texture": "#voxels_atlas" },
				"up": { "uv": [ 3.375, 10.625, 4.125, 10.125 ], "texture": "#voxels_atlas" },
				"north": { "uv": [ 8.375, 10.875, 7.625, 11 ], "texture": "#voxels_atlas" },
				"south": { "uv": [ 7.625, 10.75, 8.375, 10.875 ], "texture": "#voxels_atlas" },
				"west": { "uv": [ 8, 8.125, 8.5, 8.25 ], "texture": "#voxels_atlas" },
				"east": { "uv": [ 8.5, 8, 8, 8.125 ], "texture": "#voxels_atlas" }
			}
		},
		{
			"__comment": "Voxels",
			"from": [ 2.2857, 0.127, 4.1905 ],
			"to": [ 2.92062, 0.2539842, 4.317484 ],
			"faces": {
				"down": { "uv": [ 12.25, 15, 12.875, 15.125 ], "texture": "#voxels_atlas" },
				"up": { "uv": [ 12.875, 15.125, 13.5, 15 ], "texture": "#voxels_atlas" },
				"north": { "uv": [ 14.125, 15, 13.5, 15.125 ], "texture": "#voxels_atlas" },
				"south": { "uv": [ 14.125, 15, 14.75, 15.125 ], "texture": "#voxels_atlas" },
				"west": { "uv": [ 9.75, 8, 9.875, 8.125 ], "texture": "#voxels_atlas" },
				"east": { "uv": [ 9.75, 8, 9.625, 8.125 ], "texture": "#voxels_atlas" }
			}
		},
		{
			"__comment": "Voxels",
			"from": [ 2.2857, 0.127, 4.9524 ],
			"to": [ 3.174589, 0.2539842, 5.206368 ],
			"faces": {
				"down": { "uv": [ 4.125, 8.625, 5, 8.875 ], "texture": "#voxels_atlas" },
				"up": { "uv": [ 4.125, 9.125, 5, 8.875 ], "texture": "#voxels_atlas" },
				"north": { "uv": [ 8.5, 13.875, 7.625, 14 ], "texture": "#voxels_atlas" },
				"south": { "uv": [ 7.625, 13.75, 8.5, 13.875 ], "texture": "#voxels_atlas" },
				"west": { "uv": [ 9.625, 10.625, 9.875, 10.75 ], "texture": "#voxels_atlas" },
				"east": { "uv": [ 9.875, 10.5, 9.625, 10.625 ], "texture": "#voxels_atlas" }
			}
		},
		{
			"__comment": "Voxels",
			"from": [ 2.2857, 0.254, 4.3175 ],
			"to": [ 2.793636, 0.3809841, 4.952421 ],
			"faces": {
				"down": { "uv": [ 4.125, 12, 4.625, 12.625 ], "texture": "#voxels_atlas" },
				"up": { "uv": [ 4.125, 12, 4.625, 11.375 ], "texture": "#voxels_atlas" },
				"north": { "uv": [ 16, 15.125, 15.5, 15.25 ], "texture": "#voxels_atlas" },
				"south": { "uv": [ 9.125, 14.625, 9.625, 14.75 ], "texture": "#voxels_atlas" },
				"west": { "uv": [ 9.75, 14.875, 10.375, 15 ], "texture": "#voxels_atlas" },
				"east": { "uv": [ 11, 14.875, 10.375, 15 ], "texture": "#voxels_atlas" }
			}
		},
		{
			"__comment": "Voxels",
			"from": [ 2.4127, 0, 3.6825 ],
			"to": [ 2.920636, 0.1269841, 4.063452 ],
			"faces": {
				"down": { "uv": [ 5.5, 12.25, 6, 12.625 ], "texture": "#voxels_atlas" },
				"up": { "uv": [ 6, 12.625, 6.5, 12.25 ], "texture": "#voxels_atlas" },
				"north": { "uv": [ 10.125, 14.625, 9.625, 14.75 ], "texture": "#voxels_atlas" },
				"south": { "uv": [ 10.125, 14.625, 10.625, 14.75 ], "texture": "#voxels_atlas" },
				"west": { "uv": [ 4.625, 11.375, 5, 11.5 ], "texture": "#voxels_atlas" },
				"east": { "uv": [ 7.625, 9.125, 7.25, 9.25 ], "texture": "#voxels_atlas" }
			}
		},
		{
			"__comment": "Voxels",
			"from": [ 2.4127, 0, 4.0635 ],
			"to": [ 2.793652, 0.1269841, 4.317468 ],
			"faces": {
				"down": { "uv": [ 5, 8, 5.375, 8.25 ], "texture": "#voxels_atlas" },
				"up": { "uv": [ 7.25, 8.375, 7.625, 8.125 ], "texture": "#voxels_atlas" },
				"north": { "uv": [ 7.625, 14.375, 7.25, 14.5 ], "texture": "#voxels_atlas" },
				"south": { "uv": [ 7.25, 14.25, 7.625, 14.375 ], "texture": "#voxels_atlas" },
				"west": { "uv": [ 9.625, 10.375, 9.875, 10.5 ], "texture": "#voxels_atlas" },
				"east": { "uv": [ 9.875, 10.25, 9.625, 10.375 ], "texture": "#voxels_atlas" }
			}
		},
		{
			"__comment": "Voxels",
			"from": [ 2.4127, 0, 4.9524 ],
			"to": [ 2.920636, 0.1269841, 5.206368 ],
			"faces": {
				"down": { "uv": [ 5, 9, 5.5, 9.25 ], "texture": "#voxels_atlas" },
				"up": { "uv": [ 5, 9, 5.5, 8.75 ], "texture": "#voxels_atlas" },
				"north": { "uv": [ 12.625, 14.625, 12.125, 14.75 ], "texture": "#voxels_atlas" },
				"south": { "uv": [ 12.625, 14.625, 13.125, 14.75 ], "texture": "#voxels_atlas" },
				"west": { "uv": [ 9.625, 10.125, 9.875, 10.25 ], "texture": "#voxels_atlas" },
				"east": { "uv": [ 9.875, 10, 9.625, 10.125 ], "texture": "#voxels_atlas" }
			}
		},
		{
			"__comment": "Voxels",
			"from": [ 2.4127, 0.127, 1.7778 ],
			"to": [ 2.539684, 0.2539842, 1.904784 ],
			"faces": {
				"down": { "uv": [ 9.75, 8.125, 9.875, 8.25 ], "texture": "#voxels_atlas" },
				"up": { "uv": [ 9.625, 8.375, 9.75, 8.25 ], "texture": "#voxels_atlas" },
				"north": { "uv": [ 9.875, 8.375, 9.75, 8.5 ], "texture": "#voxels_atlas" },
				"south": { "uv": [ 9.625, 8.375, 9.75, 8.5 ], "texture": "#voxels_atlas" },
				"west": { "uv": [ 9.75, 8.5, 9.875, 8.625 ], "texture": "#voxels_atlas" },
				"east": { "uv": [ 9.625, 8, 9.5, 8.125 ], "texture": "#voxels_atlas" }
			}
		},
		{
			"__comment": "Voxels",
			"from": [ 2.4127, 0.127, 2.0317 ],
			"to": [ 2.793652, 0.2539842, 2.285668 ],
			"faces": {
				"down": { "uv": [ 7.625, 8.125, 8, 8.375 ], "texture": "#voxels_atlas" },
				"up": { "uv": [ 8, 10.5, 8.375, 10.25 ], "texture": "#voxels_atlas" },
				"north": { "uv": [ 7.625, 8.75, 7.25, 8.875 ], "texture": "#voxels_atlas" },
				"south": { "uv": [ 7.25, 14.125, 7.625, 14.25 ], "texture": "#voxels_atlas" },
				"west": { "uv": [ 9.625, 9.875, 9.875, 10 ], "texture": "#voxels_atlas" },
				"east": { "uv": [ 9.875, 9.75, 9.625, 9.875 ], "texture": "#voxels_atlas" }
			}
		},
		{
			"__comment": "Voxels",
			"from": [ 2.4127, 0.127, 3.3016 ],
			"to": [ 3.047621, 0.2539842, 3.682552 ],
			"faces": {
				"down": { "uv": [ 4.125, 10.5, 4.75, 10.875 ], "texture": "#voxels_atlas" },
				"up": { "uv": [ 4.125, 10.5, 4.75, 10.125 ], "texture": "#voxels_atlas" },
				"north": { "uv": [ 9.125, 13.75, 8.5, 13.875 ], "texture": "#voxels_atlas" },
				"south": { "uv": [ 8.5, 13.625, 9.125, 13.75 ], "texture": "#voxels_atlas" },
				"west": { "uv": [ 7.25, 14, 7.625, 14.125 ], "texture": "#voxels_atlas" },
				"east": { "uv": [ 7.625, 10.5, 7.25, 10.625 ], "texture": "#voxels_atlas" }
			}
		},
		{
			"__comment": "Voxels",
			"from": [ 2.4127, 0.127, 5.2063 ],
			"to": [ 5.333335, 0.2539842, 5.333284 ],
			"faces": {
				"down": { "uv": [ 9.125, 15.75, 12, 15.875 ], "texture": "#voxels_atlas" },
				"up": { "uv": [ 12, 15.875, 14.875, 15.75 ], "texture": "#voxels_atlas" },
				"north": { "uv": [ 11.875, 15.875, 9, 16 ], "texture": "#voxels_atlas" },
				"south": { "uv": [ 11.875, 15.875, 14.75, 16 ], "texture": "#voxels_atlas" },
				"west": { "uv": [ 9.5, 8.25, 9.625, 8.375 ], "texture": "#voxels_atlas" },
				"east": { "uv": [ 9.625, 8.375, 9.5, 8.5 ], "texture": "#voxels_atlas" }
			}
		},
		{
			"__comment": "Voxels",
			"from": [ 2.4127, 0.254, 3.6825 ],
			"to": [ 2.920636, 0.3809841, 4.063452 ],
			"faces": {
				"down": { "uv": [ 4.125, 8, 4.625, 8.375 ], "texture": "#voxels_atlas" },
				"up": { "uv": [ 5, 12.625, 5.5, 12.25 ], "texture": "#voxels_atlas" },
				"north": { "uv": [ 14.125, 14.625, 13.625, 14.75 ], "texture": "#voxels_atlas" },
				"south": { "uv": [ 14.125, 14.625, 14.625, 14.75 ], "texture": "#voxels_atlas" },
				"west": { "uv": [ 7.25, 10.375, 7.625, 10.5 ], "texture": "#voxels_atlas" },
				"east": { "uv": [ 7.625, 10.25, 7.25, 10.375 ], "texture": "#voxels_atlas" }
			}
		},
		{
			"__comment": "Voxels",
			"from": [ 2.4127, 0.254, 4.0635 ],
			"to": [ 2.793652, 0.3809841, 4.317468 ],
			"faces": {
				"down": { "uv": [ 8, 8.375, 8.375, 8.625 ], "texture": "#voxels_atlas" },
				"up": { "uv": [ 7.625, 10.5, 8, 10.25 ], "texture": "#voxels_atlas" },
				"north": { "uv": [ 7.625, 10.125, 7.25, 10.25 ], "texture": "#voxels_atlas" },
				"south": { "uv": [ 7.25, 10, 7.625, 10.125 ], "texture": "#voxels_atlas" },
				"west": { "uv": [ 9.625, 9.625, 9.875, 9.75 ], "texture": "#voxels_atlas" },
				"east": { "uv": [ 9.875, 9.5, 9.625, 9.625 ], "texture": "#voxels_atlas" }
			}
		},
		{
			"__comment": "Voxels",
			"from": [ 2.4127, 0.254, 4.9524 ],
			"to": [ 2.920636, 0.3809841, 5.206368 ],
			"faces": {
				"down": { "uv": [ 6.75, 10.625, 7.25, 10.875 ], "texture": "#voxels_atlas" },
				"up": { "uv": [ 5, 9.5, 5.5, 9.25 ], "texture": "#voxels_atlas" },
				"north": { "uv": [ 11.625, 14.5, 11.125, 14.625 ], "texture": "#voxels_atlas" },
				"south": { "uv": [ 11.625, 14.5, 12.125, 14.625 ], "texture": "#voxels_atlas" },
				"west": { "uv": [ 9.625, 9.375, 9.875, 9.5 ], "texture": "#voxels_atlas" },
				"east": { "uv": [ 9.875, 9.25, 9.625, 9.375 ], "texture": "#voxels_atlas" }
			}
		},
		{
			"__comment": "Voxels",
			"from": [ 2.5397, 0, 2.0317 ],
			"to": [ 2.666684, 0.1269841, 2.285668 ],
			"faces": {
				"down": { "uv": [ 7.5, 12.375, 7.625, 12.625 ], "texture": "#voxels_atlas" },
				"up": { "uv": [ 9.125, 11.875, 9.25, 11.625 ], "texture": "#voxels_atlas" },
				"north": { "uv": [ 9.625, 8.5, 9.5, 8.625 ], "texture": "#voxels_atlas" },
				"south": { "uv": [ 9.5, 8.625, 9.625, 8.75 ], "texture": "#voxels_atlas" },
				"west": { "uv": [ 9.625, 9.125, 9.875, 9.25 ], "texture": "#voxels_atlas" },
				"east": { "uv": [ 9.875, 9, 9.625, 9.125 ], "texture": "#voxels_atlas" }
			}
		},
		{
			"__comment": "Voxels",
			"from": [ 2.5397, 0, 3.4286 ],
			"to": [ 2.920652, 0.1269841, 3.682568 ],
			"faces": {
				"down": { "uv": [ 7.625, 9.375, 8, 9.625 ], "texture": "#voxels_atlas" },
				"up": { "uv": [ 8, 9.625, 8.375, 9.375 ], "texture": "#voxels_atlas" },
				"north": { "uv": [ 7.625, 9, 7.25, 9.125 ], "texture": "#voxels_atlas" },
				"south": { "uv": [ 7.25, 8.875, 7.625, 9 ], "texture": "#voxels_atlas" },
				"west": { "uv": [ 9.625, 8.875, 9.875, 9 ], "texture": "#voxels_atlas" },
				"east": { "uv": [ 1.375, 8, 1.125, 8.125 ], "texture": "#voxels_atlas" }
			}
		},
		{
			"__comment": "Voxels",
			"from": [ 2.5397, 0, 5.2063 ],
			"to": [ 3.682557, 0.1269841, 5.333284 ],
			"faces": {
				"down": { "uv": [ 6.125, 10.25, 7.25, 10.375 ], "texture": "#voxels_atlas" },
				"up": { "uv": [ 6.125, 10.25, 7.25, 10.125 ], "texture": "#voxels_atlas" },
				"north": { "uv": [ 6.125, 10, 5, 10.125 ], "texture": "#voxels_atlas" },
				"south": { "uv": [ 6.125, 10, 7.25, 10.125 ], "texture": "#voxels_atlas" },
				"west": { "uv": [ 9.125, 8.875, 9.25, 9 ], "texture": "#voxels_atlas" },
				"east": { "uv": [ 9.25, 9, 9.125, 9.125 ], "texture": "#voxels_atlas" }
			}
		},
		{
			"__comment": "Voxels",
			"from": [ 2.5397, 0.127, 2.2857 ],
			"to": [ 2.920652, 0.2539842, 3.301573 ],
			"faces": {
				"down": { "uv": [ 3.625, 13, 4, 14 ], "texture": "#voxels_atlas" },
				"up": { "uv": [ 2.25, 9, 2.625, 8 ], "texture": "#voxels_atlas" },
				"north": { "uv": [ 9.625, 8.875, 9.25, 9 ], "texture": "#voxels_atlas" },
				"south": { "uv": [ 9.25, 11.875, 9.625, 12 ], "texture": "#voxels_atlas" },
				"west": { "uv": [ 5.5, 9.375, 6.5, 9.5 ], "texture": "#voxels_atlas" },
				"east": { "uv": [ 7.5, 9.375, 6.5, 9.5 ], "texture": "#voxels_atlas" }
			}
		},
		{
			"__comment": "Voxels",
			"from": [ 2.5397, 0.127, 5.3333 ],
			"to": [ 5.206367, 0.2539842, 5.460284 ],
			"faces": {
				"down": { "uv": [ 11.875, 15.25, 14.5, 15.375 ], "texture": "#voxels_atlas" },
				"up": { "uv": [ 9.125, 15.625, 11.75, 15.5 ], "texture": "#voxels_atlas" },
				"north": { "uv": [ 14.375, 15.625, 11.75, 15.75 ], "texture": "#voxels_atlas" },
				"south": { "uv": [ 9.125, 15.625, 11.75, 15.75 ], "texture": "#voxels_atlas" },
				"west": { "uv": [ 9.125, 9.125, 9.25, 9.25 ], "texture": "#voxels_atlas" },
				"east": { "uv": [ 9.25, 9.25, 9.125, 9.375 ], "texture": "#voxels_atlas" }
			}
		},
		{
			"__comment": "Voxels",
			"from": [ 2.5397, 0.254, 2.0317 ],
			"to": [ 2.666684, 0.3809841, 2.285668 ],
			"faces": {
				"down": { "uv": [ 4.75, 13.25, 4.875, 13.5 ], "texture": "#voxels_atlas" },
				"up": { "uv": [ 4.875, 13.5, 5, 13.25 ], "texture": "#voxels_atlas" },
				"north": { "uv": [ 9.25, 9.625, 9.125, 9.75 ], "texture": "#voxels_atlas" },
				"south": { "uv": [ 9.125, 9.75, 9.25, 9.875 ], "texture": "#voxels_atlas" },
				"west": { "uv": [ 4.75, 9.625, 5, 9.75 ], "texture": "#voxels_atlas" },
				"east": { "uv": [ 5, 9.5, 4.75, 9.625 ], "texture": "#voxels_atlas" }
			}
		},
		{
			"__comment": "Voxels",
			"from": [ 2.5397, 0.254, 3.4286 ],
			"to": [ 2.920652, 0.3809841, 3.682568 ],
			"faces": {
				"down": { "uv": [ 0, 8, 0.375, 8.25 ], "texture": "#voxels_atlas" },
				"up": { "uv": [ 0.375, 8.25, 0.75, 8 ], "texture": "#voxels_atlas" },
				"north": { "uv": [ 14.375, 14.25, 14, 14.375 ], "texture": "#voxels_atlas" },
				"south": { "uv": [ 10.625, 14.25, 11, 14.375 ], "texture": "#voxels_atlas" },
				"west": { "uv": [ 4.75, 9.375, 5, 9.5 ], "texture": "#voxels_atlas" },
				"east": { "uv": [ 7.625, 14.875, 7.375, 15 ], "texture": "#voxels_atlas" }
			}
		},
		{
			"__comment": "Voxels",
			"from": [ 2.5397, 0.254, 5.2063 ],
			"to": [ 3.682557, 0.3809841, 5.333284 ],
			"faces": {
				"down": { "uv": [ 6.125, 9.625, 7.25, 9.75 ], "texture": "#voxels_atlas" },
				"up": { "uv": [ 5, 9.625, 6.125, 9.5 ], "texture": "#voxels_atlas" },
				"north": { "uv": [ 7.25, 10.375, 6.125, 10.5 ], "texture": "#voxels_atlas" },
				"south": { "uv": [ 5, 10.125, 6.125, 10.25 ], "texture": "#voxels_atlas" },
				"west": { "uv": [ 9.125, 9.875, 9.25, 10 ], "texture": "#voxels_atlas" },
				"east": { "uv": [ 9.25, 10, 9.125, 10.125 ], "texture": "#voxels_atlas" }
			}
		},
		{
			"__comment": "Voxels",
			"from": [ 2.6667, 0, 2.1587 ],
			"to": [ 2.793684, 0.1269841, 3.428541 ],
			"faces": {
				"down": { "uv": [ 2.625, 10.5, 2.75, 11.75 ], "texture": "#voxels_atlas" },
				"up": { "uv": [ 2.625, 10.375, 2.75, 9.125 ], "texture": "#voxels_atlas" },
				"north": { "uv": [ 9.25, 10.375, 9.125, 10.5 ], "texture": "#voxels_atlas" },
				"south": { "uv": [ 9.125, 10.5, 9.25, 10.625 ], "texture": "#voxels_atlas" },
				"west": { "uv": [ 6.375, 11.625, 7.625, 11.75 ], "texture": "#voxels_atlas" },
				"east": { "uv": [ 7.625, 11.5, 6.375, 11.625 ], "texture": "#voxels_atlas" }
			}
		},
		{
			"__comment": "Voxels",
			"from": [ 2.6667, 0, 5.3333 ],
			"to": [ 3.428605, 0.1269841, 5.460284 ],
			"faces": {
				"down": { "uv": [ 7.625, 9.25, 8.375, 9.375 ], "texture": "#voxels_atlas" },
				"up": { "uv": [ 7.625, 9.25, 8.375, 9.125 ], "texture": "#voxels_atlas" },
				"north": { "uv": [ 8.375, 9, 7.625, 9.125 ], "texture": "#voxels_atlas" },
				"south": { "uv": [ 7.625, 8.875, 8.375, 9 ], "texture": "#voxels_atlas" },
				"west": { "uv": [ 9.125, 10.625, 9.25, 10.75 ], "texture": "#voxels_atlas" },
				"east": { "uv": [ 9.25, 10.75, 9.125, 10.875 ], "texture": "#voxels_atlas" }
			}
		},
		{
			"__comment": "Voxels",
			"from": [ 2.6667, 0.127, 5.4603 ],
			"to": [ 5.079398, 0.2539842, 5.587284 ],
			"faces": {
				"down": { "uv": [ 5, 14.75, 7.375, 14.875 ], "texture": "#voxels_atlas" },
				"up": { "uv": [ 5, 14.625, 7.375, 14.5 ], "texture": "#voxels_atlas" },
				"north": { "uv": [ 7.375, 14.875, 5, 15 ], "texture": "#voxels_atlas" },
				"south": { "uv": [ 5, 14.625, 7.375, 14.75 ], "texture": "#voxels_atlas" },
				"west": { "uv": [ 9.125, 11.125, 9.25, 11.25 ], "texture": "#voxels_atlas" },
				"east": { "uv": [ 9.25, 11.25, 9.125, 11.375 ], "texture": "#voxels_atlas" }
			}
		},
		{
			"__comment": "Voxels",
			"from": [ 2.6667, 0.254, 2.1587 ],
			"to": [ 2.793684, 0.3809841, 3.428541 ],
			"faces": {
				"down": { "uv": [ 3.25, 11.5, 3.375, 12.75 ], "texture": "#voxels_atlas" },
				"up": { "uv": [ 3.125, 12.75, 3.25, 11.5 ], "texture": "#voxels_atlas" },
				"north": { "uv": [ 9.25, 11.375, 9.125, 11.5 ], "texture": "#voxels_atlas" },
				"south": { "uv": [ 9.125, 11.5, 9.25, 11.625 ], "texture": "#voxels_atlas" },
				"west": { "uv": [ 6.25, 11.125, 7.5, 11.25 ], "texture": "#voxels_atlas" },
				"east": { "uv": [ 7.625, 11.375, 6.375, 11.5 ], "texture": "#voxels_atlas" }
			}
		},
		{
			"__comment": "Voxels",
			"from": [ 2.6667, 0.254, 5.3333 ],
			"to": [ 3.428605, 0.3809841, 5.460284 ],
			"faces": {
				"down": { "uv": [ 7.625, 10, 8.375, 10.125 ], "texture": "#voxels_atlas" },
				"up": { "uv": [ 7.625, 8.875, 8.375, 8.75 ], "texture": "#voxels_atlas" },
				"north": { "uv": [ 8.375, 8.625, 7.625, 8.75 ], "texture": "#voxels_atlas" },
				"south": { "uv": [ 8.5, 15.125, 9.25, 15.25 ], "texture": "#voxels_atlas" },
				"west": { "uv": [ 8.375, 8.875, 8.5, 9 ], "texture": "#voxels_atlas" },
				"east": { "uv": [ 8.5, 9, 8.375, 9.125 ], "texture": "#voxels_atlas" }
			}
		},
		{
			"__comment": "Voxels",
			"from": [ 2.7937, 0, 2.4127 ],
			"to": [ 2.920684, 0.1269841, 3.428573 ],
			"faces": {
				"down": { "uv": [ 1.125, 8.125, 1.25, 9.125 ], "texture": "#voxels_atlas" },
				"up": { "uv": [ 1.25, 9.125, 1.375, 8.125 ], "texture": "#voxels_atlas" },
				"north": { "uv": [ 8.5, 9.125, 8.375, 9.25 ], "texture": "#voxels_atlas" },
				"south": { "uv": [ 8.375, 9.25, 8.5, 9.375 ], "texture": "#voxels_atlas" },
				"west": { "uv": [ 6.125, 9.5, 7.125, 9.625 ], "texture": "#voxels_atlas" },
				"east": { "uv": [ 6.5, 9.25, 5.5, 9.375 ], "texture": "#voxels_atlas" }
			}
		},
		{
			"__comment": "Voxels",
			"from": [ 2.7937, 0, 5.4603 ],
			"to": [ 3.682589, 0.1269841, 5.587284 ],
			"faces": {
				"down": { "uv": [ 7.625, 14, 8.5, 14.125 ], "texture": "#voxels_atlas" },
				"up": { "uv": [ 5.5, 8.875, 6.375, 8.75 ], "texture": "#voxels_atlas" },
				"north": { "uv": [ 6.375, 8.625, 5.5, 8.75 ], "texture": "#voxels_atlas" },
				"south": { "uv": [ 7.625, 13.5, 8.5, 13.625 ], "texture": "#voxels_atlas" },
				"west": { "uv": [ 8.375, 10.125, 8.5, 10.25 ], "texture": "#voxels_atlas" },
				"east": { "uv": [ 8.5, 10.5, 8.375, 10.625 ], "texture": "#voxels_atlas" }
			}
		},
		{
			"__comment": "Voxels",
			"from": [ 2.7937, 0.127, 2.1587 ],
			"to": [ 2.920684, 0.2539842, 2.285684 ],
			"faces": {
				"down": { "uv": [ 8.375, 10.625, 8.5, 10.75 ], "texture": "#voxels_atlas" },
				"up": { "uv": [ 8.375, 10.875, 8.5, 10.75 ], "texture": "#voxels_atlas" },
				"north": { "uv": [ 10.125, 11.625, 10, 11.75 ], "texture": "#voxels_atlas" },
				"south": { "uv": [ 10, 11.75, 10.125, 11.875 ], "texture": "#voxels_atlas" },
				"west": { "uv": [ 10, 12.125, 10.125, 12.25 ], "texture": "#voxels_atlas" },
				"east": { "uv": [ 10.125, 12.25, 10, 12.375 ], "texture": "#voxels_atlas" }
			}
		},
		{
			"__comment": "Voxels",
			"from": [ 2.7937, 0.127, 5.5873 ],
			"to": [ 4.95243, 0.2539842, 5.714284 ],
			"faces": {
				"down": { "uv": [ 5, 13.5, 7.125, 13.625 ], "texture": "#voxels_atlas" },
				"up": { "uv": [ 5, 13.75, 7.125, 13.625 ], "texture": "#voxels_atlas" },
				"north": { "uv": [ 7.125, 13.75, 5, 13.875 ], "texture": "#voxels_atlas" },
				"south": { "uv": [ 5, 13.875, 7.125, 14 ], "texture": "#voxels_atlas" },
				"west": { "uv": [ 10, 12.375, 10.125, 12.5 ], "texture": "#voxels_atlas" },
				"east": { "uv": [ 10.125, 12.5, 10, 12.625 ], "texture": "#voxels_atlas" }
			}
		},
		{
			"__comment": "Voxels",
			"from": [ 2.7937, 0.254, 2.4127 ],
			"to": [ 2.920684, 0.3809841, 3.428573 ],
			"faces": {
				"down": { "uv": [ 2.625, 8, 2.75, 9 ], "texture": "#voxels_atlas" },
				"up": { "uv": [ 3.125, 11.375, 3.25, 10.375 ], "texture": "#voxels_atlas" },
				"north": { "uv": [ 10.125, 12.875, 10, 13 ], "texture": "#voxels_atlas" },
				"south": { "uv": [ 10, 13, 10.125, 13.125 ], "texture": "#voxels_atlas" },
				"west": { "uv": [ 6.5, 9.25, 7.5, 9.375 ], "texture": "#voxels_atlas" },
				"east": { "uv": [ 7.625, 12.625, 6.625, 12.75 ], "texture": "#voxels_atlas" }
			}
		},
		{
			"__comment": "Voxels",
			"from": [ 2.7937, 0.254, 5.4603 ],
			"to": [ 3.682589, 0.3809841, 5.587284 ],
			"faces": {
				"down": { "uv": [ 7.625, 12.375, 8.5, 12.5 ], "texture": "#voxels_atlas" },
				"up": { "uv": [ 6.375, 8.25, 7.25, 8.125 ], "texture": "#voxels_atlas" },
				"north": { "uv": [ 6.375, 8.25, 5.5, 8.375 ], "texture": "#voxels_atlas" },
				"south": { "uv": [ 5.5, 8.375, 6.375, 8.5 ], "texture": "#voxels_atlas" },
				"west": { "uv": [ 11.125, 13.875, 11.25, 14 ], "texture": "#voxels_atlas" },
				"east": { "uv": [ 11.125, 13.875, 11, 14 ], "texture": "#voxels_atlas" }
			}
		},
		{
			"__comment": "Voxels",
			"from": [ 2.9206, 0, 5.0794 ],
			"to": [ 3.047584, 0.1269841, 5.206384 ],
			"faces": {
				"down": { "uv": [ 10.375, 13.875, 10.5, 14 ], "texture": "#voxels_atlas" },
				"up": { "uv": [ 10.25, 14, 10.375, 13.875 ], "texture": "#voxels_atlas" },
				"north": { "uv": [ 10.125, 13.875, 10, 14 ], "texture": "#voxels_atlas" },
				"south": { "uv": [ 9.875, 8, 10, 8.125 ], "texture": "#voxels_atlas" },
				"west": { "uv": [ 9.875, 8.375, 10, 8.5 ], "texture": "#voxels_atlas" },
				"east": { "uv": [ 10, 9.5, 9.875, 9.625 ], "texture": "#voxels_atlas" }
			}
		},
		{
			"__comment": "Voxels",
			"from": [ 2.9206, 0, 5.5873 ],
			"to": [ 3.555521, 0.1269841, 5.714284 ],
			"faces": {
				"down": { "uv": [ 8.5, 9.25, 9.125, 9.375 ], "texture": "#voxels_atlas" },
				"up": { "uv": [ 8.5, 9.25, 9.125, 9.125 ], "texture": "#voxels_atlas" },
				"north": { "uv": [ 9.125, 9.375, 8.5, 9.5 ], "texture": "#voxels_atlas" },
				"south": { "uv": [ 8.5, 9.5, 9.125, 9.625 ], "texture": "#voxels_atlas" },
				"west": { "uv": [ 9.875, 9.875, 10, 10 ], "texture": "#voxels_atlas" },
				"east": { "uv": [ 10, 10.25, 9.875, 10.375 ], "texture": "#voxels_atlas" }
			}
		},
		{
			"__comment": "Voxels",
			"from": [ 2.9206, 0.127, 2.4127 ],
			"to": [ 3.047584, 0.2539842, 3.301589 ],
			"faces": {
				"down": { "uv": [ 3.25, 9.125, 3.375, 10 ], "texture": "#voxels_atlas" },
				"up": { "uv": [ 3.25, 11.375, 3.375, 10.5 ], "texture": "#voxels_atlas" },
				"north": { "uv": [ 10, 10.375, 9.875, 10.5 ], "texture": "#voxels_atlas" },
				"south": { "uv": [ 9.875, 10.5, 10, 10.625 ], "texture": "#voxels_atlas" },
				"west": { "uv": [ 7.625, 14.375, 8.5, 14.5 ], "texture": "#voxels_atlas" },
				"east": { "uv": [ 8.5, 14.5, 7.625, 14.625 ], "texture": "#voxels_atlas" }
			}
		},
		{
			"__comment": "Voxels",
			"from": [ 2.9206, 0.127, 4.8254 ],
			"to": [ 3.047584, 0.2539842, 4.952384 ],
			"faces": {
				"down": { "uv": [ 9.875, 10.875, 10, 11 ], "texture": "#voxels_atlas" },
				"up": { "uv": [ 9.875, 11.125, 10, 11 ], "texture": "#voxels_atlas" },
				"north": { "uv": [ 10, 11.125, 9.875, 11.25 ], "texture": "#voxels_atlas" },
				"south": { "uv": [ 9.875, 11.25, 10, 11.375 ], "texture": "#voxels_atlas" },
				"west": { "uv": [ 9.875, 11.375, 10, 11.5 ], "texture": "#voxels_atlas" },
				"east": { "uv": [ 10, 11.5, 9.875, 11.625 ], "texture": "#voxels_atlas" }
			}
		},
		{
			"__comment": "Voxels",
			"from": [ 2.9206, 0.127, 5.7143 ],
			"to": [ 4.825362, 0.2539842, 5.841284 ],
			"faces": {
				"down": { "uv": [ 5, 13.25, 6.875, 13.375 ], "texture": "#voxels_atlas" },
				"up": { "uv": [ 5, 13.125, 6.875, 13 ], "texture": "#voxels_atlas" },
				"north": { "uv": [ 6.875, 13.125, 5, 13.25 ], "texture": "#voxels_atlas" },
				"south": { "uv": [ 5, 13.375, 6.875, 13.5 ], "texture": "#voxels_atlas" },
				"west": { "uv": [ 9.875, 11.625, 10, 11.75 ], "texture": "#voxels_atlas" },
				"east": { "uv": [ 10, 11.75, 9.875, 11.875 ], "texture": "#voxels_atlas" }
			}
		},
		{
			"__comment": "Voxels",
			"from": [ 2.9206, 0.254, 5.0794 ],
			"to": [ 3.047584, 0.3809841, 5.206384 ],
			"faces": {
				"down": { "uv": [ 9.875, 11.875, 10, 12 ], "texture": "#voxels_atlas" },
				"up": { "uv": [ 9.875, 12.125, 10, 12 ], "texture": "#voxels_atlas" },
				"north": { "uv": [ 15.625, 14, 15.5, 14.125 ], "texture": "#voxels_atlas" },
				"south": { "uv": [ 15.375, 14, 15.5, 14.125 ], "texture": "#voxels_atlas" },
				"west": { "uv": [ 15.25, 14, 15.375, 14.125 ], "texture": "#voxels_atlas" },
				"east": { "uv": [ 15.25, 14, 15.125, 14.125 ], "texture": "#voxels_atlas" }
			}
		},
		{
			"__comment": "Voxels",
			"from": [ 2.9206, 0.254, 5.5873 ],
			"to": [ 3.555521, 0.3809841, 5.714284 ],
			"faces": {
				"down": { "uv": [ 8.5, 11, 9.125, 11.125 ], "texture": "#voxels_atlas" },
				"up": { "uv": [ 8.5, 11, 9.125, 10.875 ], "texture": "#voxels_atlas" },
				"north": { "uv": [ 9.125, 10.75, 8.5, 10.875 ], "texture": "#voxels_atlas" },
				"south": { "uv": [ 8.5, 10.625, 9.125, 10.75 ], "texture": "#voxels_atlas" },
				"west": { "uv": [ 15, 14, 15.125, 14.125 ], "texture": "#voxels_atlas" },
				"east": { "uv": [ 15, 14, 14.875, 14.125 ], "texture": "#voxels_atlas" }
			}
		},
		{
			"__comment": "Voxels",
			"from": [ 3.1746, 0, 5.7143 ],
			"to": [ 3.80952, 0.1269841, 5.841284 ],
			"faces": {
				"down": { "uv": [ 8.5, 10.5, 9.125, 10.625 ], "texture": "#voxels_atlas" },
				"up": { "uv": [ 8.5, 10.5, 9.125, 10.375 ], "texture": "#voxels_atlas" },
				"north": { "uv": [ 9.125, 10.25, 8.5, 10.375 ], "texture": "#voxels_atlas" },
				"south": { "uv": [ 8.5, 10.125, 9.125, 10.25 ], "texture": "#voxels_atlas" },
				"west": { "uv": [ 14.75, 14, 14.875, 14.125 ], "texture": "#voxels_atlas" },
				"east": { "uv": [ 14.5, 14, 14.375, 14.125 ], "texture": "#voxels_atlas" }
			}
		},
		{
			"__comment": "Voxels",
			"from": [ 3.1746, 0.127, 5.0794 ],
			"to": [ 5.460314, 0.2539842, 5.206384 ],
			"faces": {
				"down": { "uv": [ 5, 14, 7.25, 14.125 ], "texture": "#voxels_atlas" },
				"up": { "uv": [ 5, 14.25, 7.25, 14.125 ], "texture": "#voxels_atlas" },
				"north": { "uv": [ 7.25, 14.375, 5, 14.5 ], "texture": "#voxels_atlas" },
				"south": { "uv": [ 5, 14.25, 7.25, 14.375 ], "texture": "#voxels_atlas" },
				"west": { "uv": [ 14.25, 14, 14.375, 14.125 ], "texture": "#voxels_atlas" },
				"east": { "uv": [ 14.25, 14, 14.125, 14.125 ], "texture": "#voxels_atlas" }
			}
		},
		{
			"__comment": "Voxels",
			"from": [ 3.1746, 0.127, 5.8413 ],
			"to": [ 4.571425, 0.2539842, 5.968284 ],
			"faces": {
				"down": { "uv": [ 5.375, 12.125, 6.75, 12.25 ], "texture": "#voxels_atlas" },
				"up": { "uv": [ 5.375, 12.125, 6.75, 12 ], "texture": "#voxels_atlas" },
				"north": { "uv": [ 6.75, 11.875, 5.375, 12 ], "texture": "#voxels_atlas" },
				"south": { "uv": [ 5.375, 11.75, 6.75, 11.875 ], "texture": "#voxels_atlas" },
				"west": { "uv": [ 14, 14, 14.125, 14.125 ], "texture": "#voxels_atlas" },
				"east": { "uv": [ 13.75, 14, 13.625, 14.125 ], "texture": "#voxels_atlas" }
			}
		},
		{
			"__comment": "Voxels",
			"from": [ 3.1746, 0.254, 5.7143 ],
			"to": [ 3.80952, 0.3809841, 5.841284 ],
			"faces": {
				"down": { "uv": [ 8.5, 10, 9.125, 10.125 ], "texture": "#voxels_atlas" },
				"up": { "uv": [ 8.5, 10, 9.125, 9.875 ], "texture": "#voxels_atlas" },
				"north": { "uv": [ 9.125, 9.75, 8.5, 9.875 ], "texture": "#voxels_atlas" },
				"south": { "uv": [ 8.5, 9.625, 9.125, 9.75 ], "texture": "#voxels_atlas" },
				"west": { "uv": [ 13.25, 14, 13.375, 14.125 ], "texture": "#voxels_atlas" },
				"east": { "uv": [ 13.25, 14, 13.125, 14.125 ], "texture": "#voxels_atlas" }
			}
		},
		{
			"__comment": "Voxels",
			"from": [ 3.3016, 0.127, 1.6508 ],
			"to": [ 4.444457, 0.2539842, 1.777784 ],
			"faces": {
				"down": { "uv": [ 5, 10.375, 6.125, 10.5 ], "texture": "#voxels_atlas" },
				"up": { "uv": [ 5, 10.375, 6.125, 10.25 ], "texture": "#voxels_atlas" },
				"north": { "uv": [ 6.125, 9.875, 5, 10 ], "texture": "#voxels_atlas" },
				"south": { "uv": [ 6.125, 9.875, 7.25, 10 ], "texture": "#voxels_atlas" },
				"west": { "uv": [ 13, 14, 13.125, 14.125 ], "texture": "#voxels_atlas" },
				"east": { "uv": [ 13, 14, 12.875, 14.125 ], "texture": "#voxels_atlas" }
			}
		},
		{
			"__comment": "Voxels",
			"from": [ 3.4286, 0, 1.6508 ],
			"to": [ 4.317489, 0.1269841, 1.777784 ],
			"faces": {
				"down": { "uv": [ 7.625, 12, 8.5, 12.125 ], "texture": "#voxels_atlas" },
				"up": { "uv": [ 7.625, 12, 8.5, 11.875 ], "texture": "#voxels_atlas" },
				"north": { "uv": [ 8.5, 11.75, 7.625, 11.875 ], "texture": "#voxels_atlas" },
				"south": { "uv": [ 7.625, 11.5, 8.5, 11.625 ], "texture": "#voxels_atlas" },
				"west": { "uv": [ 12.75, 14, 12.875, 14.125 ], "texture": "#voxels_atlas" },
				"east": { "uv": [ 12.75, 14, 12.625, 14.125 ], "texture": "#voxels_atlas" }
			}
		},
		{
			"__comment": "Voxels",
			"from": [ 3.4286, 0, 5.0794 ],
			"to": [ 3.555584, 0.1269841, 5.206384 ],
			"faces": {
				"down": { "uv": [ 12.5, 14, 12.625, 14.125 ], "texture": "#voxels_atlas" },
				"up": { "uv": [ 12.125, 14.125, 12.25, 14 ], "texture": "#voxels_atlas" },
				"north": { "uv": [ 12.125, 14, 12, 14.125 ], "texture": "#voxels_atlas" },
				"south": { "uv": [ 11.875, 14, 12, 14.125 ], "texture": "#voxels_atlas" },
				"west": { "uv": [ 11.75, 14, 11.875, 14.125 ], "texture": "#voxels_atlas" },
				"east": { "uv": [ 11.5, 14, 11.375, 14.125 ], "texture": "#voxels_atlas" }
			}
		},
		{
			"__comment": "Voxels",
			"from": [ 3.4286, 0.127, 1.2698 ],
			"to": [ 4.317489, 0.2539842, 1.650752 ],
			"faces": {
				"down": { "uv": [ 4.125, 13.75, 5, 14.125 ], "texture": "#voxels_atlas" },
				"up": { "uv": [ 4.125, 14.875, 5, 14.5 ], "texture": "#voxels_atlas" },
				"north": { "uv": [ 8.5, 11.25, 7.625, 11.375 ], "texture": "#voxels_atlas" },
				"south": { "uv": [ 5.5, 9.125, 6.375, 9.25 ], "texture": "#voxels_atlas" },
				"west": { "uv": [ 12.875, 14.25, 13.25, 14.375 ], "texture": "#voxels_atlas" },
				"east": { "uv": [ 12.875, 14.25, 12.5, 14.375 ], "texture": "#voxels_atlas" }
			}
		},
		{
			"__comment": "Voxels",
			"from": [ 3.4286, 0.127, 1.7778 ],
			"to": [ 4.317489, 0.2539842, 2.031768 ],
			"faces": {
				"down": { "uv": [ 4.125, 9.125, 5, 9.375 ], "texture": "#voxels_atlas" },
				"up": { "uv": [ 4.125, 8.625, 5, 8.375 ], "texture": "#voxels_atlas" },
				"north": { "uv": [ 7.25, 8.625, 6.375, 8.75 ], "texture": "#voxels_atlas" },
				"south": { "uv": [ 6.375, 8.5, 7.25, 8.625 ], "texture": "#voxels_atlas" },
				"west": { "uv": [ 7.375, 14.75, 7.625, 14.875 ], "texture": "#voxels_atlas" },
				"east": { "uv": [ 7.625, 14.625, 7.375, 14.75 ], "texture": "#voxels_atlas" }
			}
		},
		{
			"__comment": "Voxels",
			"from": [ 3.4286, 0.127, 4.6984 ],
			"to": [ 4.317489, 0.2539842, 5.079352 ],
			"faces": {
				"down": { "uv": [ 4.125, 14.125, 5, 14.5 ], "texture": "#voxels_atlas" },
				"up": { "uv": [ 4.125, 15.25, 5, 14.875 ], "texture": "#voxels_atlas" },
				"north": { "uv": [ 8.5, 15, 7.625, 15.125 ], "texture": "#voxels_atlas" },
				"south": { "uv": [ 7.625, 14.25, 8.5, 14.375 ], "texture": "#voxels_atlas" },
				"west": { "uv": [ 9.25, 12.375, 9.625, 12.5 ], "texture": "#voxels_atlas" },
				"east": { "uv": [ 15.5, 14.25, 15.125, 14.375 ], "texture": "#voxels_atlas" }
			}
		},
		{
			"__comment": "Voxels",
			"from": [ 3.4286, 0.127, 5.9683 ],
			"to": [ 4.317489, 0.2539842, 6.095284 ],
			"faces": {
				"down": { "uv": [ 7.625, 13.625, 8.5, 13.75 ], "texture": "#voxels_atlas" },
				"up": { "uv": [ 7.625, 13.5, 8.5, 13.375 ], "texture": "#voxels_atlas" },
				"north": { "uv": [ 7.625, 12.75, 6.75, 12.875 ], "texture": "#voxels_atlas" },
				"south": { "uv": [ 5.5, 8.875, 6.375, 9 ], "texture": "#voxels_atlas" },
				"west": { "uv": [ 11.25, 14, 11.375, 14.125 ], "texture": "#voxels_atlas" },
				"east": { "uv": [ 11.25, 14, 11.125, 14.125 ], "texture": "#voxels_atlas" }
			}
		},
		{
			"__comment": "Voxels",
			"from": [ 3.4286, 0.127, 14.8571 ],
			"to": [ 4.317489, 0.2539842, 14.98408 ],
			"faces": {
				"down": { "uv": [ 6.75, 12.875, 7.625, 13 ], "texture": "#voxels_atlas" },
				"up": { "uv": [ 6.375, 9.25, 7.25, 9.125 ], "texture": "#voxels_atlas" },
				"north": { "uv": [ 7.25, 9, 6.375, 9.125 ], "texture": "#voxels_atlas" },
				"south": { "uv": [ 6.375, 8.875, 7.25, 9 ], "texture": "#voxels_atlas" },
				"west": { "uv": [ 11, 14, 11.125, 14.125 ], "texture": "#voxels_atlas" },
				"east": { "uv": [ 10.75, 14, 10.625, 14.125 ], "texture": "#voxels_atlas" }
			}
		},
		{
			"__comment": "Voxels",
			"from": [ 3.4286, 0.254, 1.6508 ],
			"to": [ 4.317489, 0.3809841, 1.777784 ],
			"faces": {
				"down": { "uv": [ 7.625, 13.25, 8.5, 13.375 ], "texture": "#voxels_atlas" },
				"up": { "uv": [ 7.625, 13.25, 8.5, 13.125 ], "texture": "#voxels_atlas" },
				"north": { "uv": [ 8.5, 12.25, 7.625, 12.375 ], "texture": "#voxels_atlas" },
				"south": { "uv": [ 7.625, 12.125, 8.5, 12.25 ], "texture": "#voxels_atlas" },
				"west": { "uv": [ 7.5, 9.375, 7.625, 9.5 ], "texture": "#voxels_atlas" },
				"east": { "uv": [ 7.625, 11.125, 7.5, 11.25 ], "texture": "#voxels_atlas" }
			}
		},
		{
			"__comment": "Voxels",
			"from": [ 3.4286, 0.254, 5.0794 ],
			"to": [ 3.555584, 0.3809841, 5.206384 ],
			"faces": {
				"down": { "uv": [ 11.875, 13.75, 12, 13.875 ], "texture": "#voxels_atlas" },
				"up": { "uv": [ 11.75, 13.875, 11.875, 13.75 ], "texture": "#voxels_atlas" },
				"north": { "uv": [ 11.25, 13.75, 11.125, 13.875 ], "texture": "#voxels_atlas" },
				"south": { "uv": [ 11, 13.75, 11.125, 13.875 ], "texture": "#voxels_atlas" },
				"west": { "uv": [ 10.375, 13.75, 10.5, 13.875 ], "texture": "#voxels_atlas" },
				"east": { "uv": [ 10.375, 13.75, 10.25, 13.875 ], "texture": "#voxels_atlas" }
			}
		},
		{
			"__comment": "Voxels",
			"from": [ 3.5556, 0, 1.2698 ],
			"to": [ 4.190521, 0.1269841, 1.650752 ],
			"faces": {
				"down": { "uv": [ 3.375, 8, 4, 8.375 ], "texture": "#voxels_atlas" },
				"up": { "uv": [ 2.75, 8.375, 3.375, 8 ], "texture": "#voxels_atlas" },
				"north": { "uv": [ 9.125, 9, 8.5, 9.125 ], "texture": "#voxels_atlas" },
				"south": { "uv": [ 8.5, 8.875, 9.125, 9 ], "texture": "#voxels_atlas" },
				"west": { "uv": [ 13.25, 14.25, 13.625, 14.375 ], "texture": "#voxels_atlas" },
				"east": { "uv": [ 14, 14.25, 13.625, 14.375 ], "texture": "#voxels_atlas" }
			}
		},
		{
			"__comment": "Voxels",
			"from": [ 3.5556, 0, 1.7778 ],
			"to": [ 4.190521, 0.1269841, 2.031768 ],
			"faces": {
				"down": { "uv": [ 5, 10.875, 5.625, 11.125 ], "texture": "#voxels_atlas" },
				"up": { "uv": [ 5.625, 11.125, 6.25, 10.875 ], "texture": "#voxels_atlas" },
				"north": { "uv": [ 9.125, 8.75, 8.5, 8.875 ], "texture": "#voxels_atlas" },
				"south": { "uv": [ 8.5, 8.625, 9.125, 8.75 ], "texture": "#voxels_atlas" },
				"west": { "uv": [ 7.375, 14.5, 7.625, 14.625 ], "texture": "#voxels_atlas" },
				"east": { "uv": [ 7.625, 12.125, 7.375, 12.25 ], "texture": "#voxels_atlas" }
			}
		},
		{
			"__comment": "Voxels",
			"from": [ 3.5556, 0, 4.6984 ],
			"to": [ 4.190521, 0.1269841, 4.952368 ],
			"faces": {
				"down": { "uv": [ 6.5, 12.375, 7.125, 12.625 ], "texture": "#voxels_atlas" },
				"up": { "uv": [ 6.75, 12.25, 7.375, 12 ], "texture": "#voxels_atlas" },
				"north": { "uv": [ 9.125, 8.5, 8.5, 8.625 ], "texture": "#voxels_atlas" },
				"south": { "uv": [ 8.5, 8.375, 9.125, 8.5 ], "texture": "#voxels_atlas" },
				"west": { "uv": [ 7.375, 12, 7.625, 12.125 ], "texture": "#voxels_atlas" },
				"east": { "uv": [ 7.625, 11.875, 7.375, 12 ], "texture": "#voxels_atlas" }
			}
		},
		{
			"__comment": "Voxels",
			"from": [ 3.5556, 0, 4.9524 ],
			"to": [ 3.809568, 0.1269841, 5.079384 ],
			"faces": {
				"down": { "uv": [ 7.375, 11.75, 7.625, 11.875 ], "texture": "#voxels_atlas" },
				"up": { "uv": [ 8.875, 12.375, 9.125, 12.25 ], "texture": "#voxels_atlas" },
				"north": { "uv": [ 9.5, 8.625, 9.25, 8.75 ], "texture": "#voxels_atlas" },
				"south": { "uv": [ 9.25, 8.5, 9.5, 8.625 ], "texture": "#voxels_atlas" },
				"west": { "uv": [ 10, 9.625, 10.125, 9.75 ], "texture": "#voxels_atlas" },
				"east": { "uv": [ 10.125, 9.75, 10, 9.875 ], "texture": "#voxels_atlas" }
			}
		},
		{
			"__comment": "Voxels",
			"from": [ 3.5556, 0, 5.8413 ],
			"to": [ 4.190521, 0.1269841, 5.968284 ],
			"faces": {
				"down": { "uv": [ 9.75, 14.75, 10.375, 14.875 ], "texture": "#voxels_atlas" },
				"up": { "uv": [ 10.375, 14.875, 11, 14.75 ], "texture": "#voxels_atlas" },
				"north": { "uv": [ 11.625, 14.75, 11, 14.875 ], "texture": "#voxels_atlas" },
				"south": { "uv": [ 11.625, 14.75, 12.25, 14.875 ], "texture": "#voxels_atlas" },
				"west": { "uv": [ 10, 10.125, 10.125, 10.25 ], "texture": "#voxels_atlas" },
				"east": { "uv": [ 10.125, 10.25, 10, 10.375 ], "texture": "#voxels_atlas" }
			}
		},
		{
			"__comment": "Voxels",
			"from": [ 3.5556, 0, 14.8571 ],
			"to": [ 4.190521, 0.1269841, 14.98408 ],
			"faces": {
				"down": { "uv": [ 12.25, 14.75, 12.875, 14.875 ], "texture": "#voxels_atlas" },
				"up": { "uv": [ 12.875, 14.875, 13.5, 14.75 ], "texture": "#voxels_atlas" },
				"north": { "uv": [ 14.125, 14.75, 13.5, 14.875 ], "texture": "#voxels_atlas" },
				"south": { "uv": [ 14.125, 14.75, 14.75, 14.875 ], "texture": "#voxels_atlas" },
				"west": { "uv": [ 10, 10.375, 10.125, 10.5 ], "texture": "#voxels_atlas" },
				"east": { "uv": [ 10.125, 10.5, 10, 10.625 ], "texture": "#voxels_atlas" }
			}
		},
		{
			"__comment": "Voxels",
			"from": [ 3.5556, 0.127, 0.7619 ],
			"to": [ 4.190521, 0.2539842, 1.269837 ],
			"faces": {
				"down": { "uv": [ 4.125, 10.875, 4.75, 11.375 ], "texture": "#voxels_atlas" },
				"up": { "uv": [ 4.125, 13.75, 4.75, 13.25 ], "texture": "#voxels_atlas" },
				"north": { "uv": [ 15.375, 14.75, 14.75, 14.875 ], "texture": "#voxels_atlas" },
				"south": { "uv": [ 15.375, 14.75, 16, 14.875 ], "texture": "#voxels_atlas" },
				"west": { "uv": [ 7.125, 13.625, 7.625, 13.75 ], "texture": "#voxels_atlas" },
				"east": { "uv": [ 7.625, 13.5, 7.125, 13.625 ], "texture": "#voxels_atlas" }
			}
		},
		{
			"__comment": "Voxels",
			"from": [ 3.5556, 0.127, 2.0317 ],
			"to": [ 4.190521, 0.2539842, 4.698367 ],
			"faces": {
				"down": { "uv": [ 0.75, 13.375, 1.375, 16 ], "texture": "#voxels_atlas" },
				"up": { "uv": [ 0.75, 13.375, 1.375, 10.75 ], "texture": "#voxels_atlas" },
				"north": { "uv": [ 11.125, 15.125, 10.5, 15.25 ], "texture": "#voxels_atlas" },
				"south": { "uv": [ 11.125, 15.125, 11.75, 15.25 ], "texture": "#voxels_atlas" },
				"west": { "uv": [ 9.125, 15.375, 11.75, 15.5 ], "texture": "#voxels_atlas" },
				"east": { "uv": [ 7.625, 15.125, 5, 15.25 ], "texture": "#voxels_atlas" }
			}
		},
		{
			"__comment": "Voxels",
			"from": [ 3.5556, 0.127, 6.0952 ],
			"to": [ 4.190521, 0.2539842, 7.365041 ],
			"faces": {
				"down": { "uv": [ 2.75, 14, 3.375, 15.25 ], "texture": "#voxels_atlas" },
				"up": { "uv": [ 2.75, 14, 3.375, 12.75 ], "texture": "#voxels_atlas" },
				"north": { "uv": [ 13.625, 15.125, 13, 15.25 ], "texture": "#voxels_atlas" },
				"south": { "uv": [ 13.625, 15.125, 14.25, 15.25 ], "texture": "#voxels_atlas" },
				"west": { "uv": [ 6.25, 11.25, 7.5, 11.375 ], "texture": "#voxels_atlas" },
				"east": { "uv": [ 16, 15.875, 14.75, 16 ], "texture": "#voxels_atlas" }
			}
		},
		{
			"__comment": "Voxels",
			"from": [ 3.5556, 0.127, 14.7302 ],
			"to": [ 4.190521, 0.2539842, 14.85718 ],
			"faces": {
				"down": { "uv": [ 12.875, 14.875, 13.5, 15 ], "texture": "#voxels_atlas" },
				"up": { "uv": [ 6.5, 12.375, 7.125, 12.25 ], "texture": "#voxels_atlas" },
				"north": { "uv": [ 9.875, 15.125, 9.25, 15.25 ], "texture": "#voxels_atlas" },
				"south": { "uv": [ 9.875, 15.125, 10.5, 15.25 ], "texture": "#voxels_atlas" },
				"west": { "uv": [ 11.375, 13.875, 11.5, 14 ], "texture": "#voxels_atlas" },
				"east": { "uv": [ 11.375, 13.875, 11.25, 14 ], "texture": "#voxels_atlas" }
			}
		},
		{
			"__comment": "Voxels",
			"from": [ 3.5556, 0.127, 14.9841 ],
			"to": [ 4.190521, 0.2539842, 15.23807 ],
			"faces": {
				"down": { "uv": [ 6.75, 11.75, 7.375, 12 ], "texture": "#voxels_atlas" },
				"up": { "uv": [ 5, 11.375, 5.625, 11.125 ], "texture": "#voxels_atlas" },
				"north": { "uv": [ 15.375, 15, 14.75, 15.125 ], "texture": "#voxels_atlas" },
				"south": { "uv": [ 15.375, 15, 16, 15.125 ], "texture": "#voxels_atlas" },
				"west": { "uv": [ 9.25, 8.375, 9.5, 8.5 ], "texture": "#voxels_atlas" },
				"east": { "uv": [ 9.5, 8.25, 9.25, 8.375 ], "texture": "#voxels_atlas" }
			}
		},
		{
			"__comment": "Voxels",
			"from": [ 3.5556, 0.254, 1.2698 ],
			"to": [ 4.190521, 0.3809841, 1.650752 ],
			"faces": {
				"down": { "uv": [ 4.125, 9.375, 4.75, 9.75 ], "texture": "#voxels_atlas" },
				"up": { "uv": [ 4.125, 10.125, 4.75, 9.75 ], "texture": "#voxels_atlas" },
				"north": { "uv": [ 9.125, 14, 8.5, 14.125 ], "texture": "#voxels_atlas" },
				"south": { "uv": [ 8.5, 13.875, 9.125, 14 ], "texture": "#voxels_atlas" },
				"west": { "uv": [ 7.25, 9.875, 7.625, 10 ], "texture": "#voxels_atlas" },
				"east": { "uv": [ 7.625, 9.75, 7.25, 9.875 ], "texture": "#voxels_atlas" }
			}
		},
		{
			"__comment": "Voxels",
			"from": [ 3.5556, 0.254, 1.7778 ],
			"to": [ 4.190521, 0.3809841, 2.031768 ],
			"faces": {
				"down": { "uv": [ 6.875, 10.875, 7.5, 11.125 ], "texture": "#voxels_atlas" },
				"up": { "uv": [ 6.25, 11.125, 6.875, 10.875 ], "texture": "#voxels_atlas" },
				"north": { "uv": [ 9.125, 11.875, 8.5, 12 ], "texture": "#voxels_atlas" },
				"south": { "uv": [ 8.5, 11.5, 9.125, 11.625 ], "texture": "#voxels_atlas" },
				"west": { "uv": [ 9.25, 8.125, 9.5, 8.25 ], "texture": "#voxels_atlas" },
				"east": { "uv": [ 9.5, 8, 9.25, 8.125 ], "texture": "#voxels_atlas" }
			}
		},
		{
			"__comment": "Voxels",
			"from": [ 3.5556, 0.254, 4.6984 ],
			"to": [ 4.190521, 0.3809841, 4.952368 ],
			"faces": {
				"down": { "uv": [ 5, 10.625, 5.625, 10.875 ], "texture": "#voxels_atlas" },
				"up": { "uv": [ 5.625, 11.375, 6.25, 11.125 ], "texture": "#voxels_atlas" },
				"north": { "uv": [ 9.125, 14.25, 8.5, 14.375 ], "texture": "#voxels_atlas" },
				"south": { "uv": [ 12.25, 14.875, 12.875, 15 ], "texture": "#voxels_atlas" },
				"west": { "uv": [ 9.625, 14.125, 9.875, 14.25 ], "texture": "#voxels_atlas" },
				"east": { "uv": [ 10.125, 14.125, 9.875, 14.25 ], "texture": "#voxels_atlas" }
			}
		},
		{
			"__comment": "Voxels",
			"from": [ 3.5556, 0.254, 4.9524 ],
			"to": [ 3.809568, 0.3809841, 5.079384 ],
			"faces": {
				"down": { "uv": [ 10.625, 14.125, 10.875, 14.25 ], "texture": "#voxels_atlas" },
				"up": { "uv": [ 10.875, 14.25, 11.125, 14.125 ], "texture": "#voxels_atlas" },
				"north": { "uv": [ 11.375, 14.125, 11.125, 14.25 ], "texture": "#voxels_atlas" },
				"south": { "uv": [ 11.375, 14.125, 11.625, 14.25 ], "texture": "#voxels_atlas" },
				"west": { "uv": [ 9.875, 9.625, 10, 9.75 ], "texture": "#voxels_atlas" },
				"east": { "uv": [ 10, 9.75, 9.875, 9.875 ], "texture": "#voxels_atlas" }
			}
		},
		{
			"__comment": "Voxels",
			"from": [ 3.5556, 0.254, 5.8413 ],
			"to": [ 4.190521, 0.3809841, 5.968284 ],
			"faces": {
				"down": { "uv": [ 8.5, 8.25, 9.125, 8.375 ], "texture": "#voxels_atlas" },
				"up": { "uv": [ 8.5, 8.25, 9.125, 8.125 ], "texture": "#voxels_atlas" },
				"north": { "uv": [ 9.125, 8, 8.5, 8.125 ], "texture": "#voxels_atlas" },
				"south": { "uv": [ 9.125, 14.75, 9.75, 14.875 ], "texture": "#voxels_atlas" },
				"west": { "uv": [ 13.5, 14, 13.625, 14.125 ], "texture": "#voxels_atlas" },
				"east": { "uv": [ 13.5, 14, 13.375, 14.125 ], "texture": "#voxels_atlas" }
			}
		},
		{
			"__comment": "Voxels",
			"from": [ 3.5556, 0.254, 14.8571 ],
			"to": [ 4.190521, 0.3809841, 14.98408 ],
			"faces": {
				"down": { "uv": [ 8.5, 14.125, 9.125, 14.25 ], "texture": "#voxels_atlas" },
				"up": { "uv": [ 8.5, 11.5, 9.125, 11.375 ], "texture": "#voxels_atlas" },
				"north": { "uv": [ 9.125, 12.875, 8.5, 13 ], "texture": "#voxels_atlas" },
				"south": { "uv": [ 11, 14.875, 11.625, 15 ], "texture": "#voxels_atlas" },
				"west": { "uv": [ 8.375, 10.875, 8.5, 11 ], "texture": "#voxels_atlas" },
				"east": { "uv": [ 8.5, 11, 8.375, 11.125 ], "texture": "#voxels_atlas" }
			}
		},
		{
			"__comment": "Voxels",
			"from": [ 3.6825, 0, 0.7619 ],
			"to": [ 4.063452, 0.1269841, 1.269837 ],
			"faces": {
				"down": { "uv": [ 4.625, 12.75, 5, 13.25 ], "texture": "#voxels_atlas" },
				"up": { "uv": [ 4.625, 12.625, 5, 12.125 ], "texture": "#voxels_atlas" },
				"north": { "uv": [ 9.625, 12.125, 9.25, 12.25 ], "texture": "#voxels_atlas" },
				"south": { "uv": [ 7.25, 9.625, 7.625, 9.75 ], "texture": "#voxels_atlas" },
				"west": { "uv": [ 13.125, 14.375, 13.625, 14.5 ], "texture": "#voxels_atlas" },
				"east": { "uv": [ 15.125, 14.375, 14.625, 14.5 ], "texture": "#voxels_atlas" }
			}
		},
		{
			"__comment": "Voxels",
			"from": [ 3.6825, 0, 2.0317 ],
			"to": [ 4.063452, 0.1269841, 4.698367 ],
			"faces": {
				"down": { "uv": [ 1.375, 8.125, 1.75, 10.75 ], "texture": "#voxels_atlas" },
				"up": { "uv": [ 1.375, 13.375, 1.75, 10.75 ], "texture": "#voxels_atlas" },
				"north": { "uv": [ 9.625, 9.25, 9.25, 9.375 ], "texture": "#voxels_atlas" },
				"south": { "uv": [ 9.25, 14, 9.625, 14.125 ], "texture": "#voxels_atlas" },
				"west": { "uv": [ 11.75, 15.5, 14.375, 15.625 ], "texture": "#voxels_atlas" },
				"east": { "uv": [ 14.375, 15.375, 11.75, 15.5 ], "texture": "#voxels_atlas" }
			}
		},
		{
			"__comment": "Voxels",
			"from": [ 3.6825, 0, 5.0794 ],
			"to": [ 3.809484, 0.1269841, 5.206384 ],
			"faces": {
				"down": { "uv": [ 12.75, 13.875, 12.875, 14 ], "texture": "#voxels_atlas" },
				"up": { "uv": [ 12.875, 14, 13, 13.875 ], "texture": "#voxels_atlas" },
				"north": { "uv": [ 13.125, 13.875, 13, 14 ], "texture": "#voxels_atlas" },
				"south": { "uv": [ 13.125, 13.875, 13.25, 14 ], "texture": "#voxels_atlas" },
				"west": { "uv": [ 14.5, 13.875, 14.625, 14 ], "texture": "#voxels_atlas" },
				"east": { "uv": [ 14.75, 13.875, 14.625, 14 ], "texture": "#voxels_atlas" }
			}
		},
		{
			"__comment": "Voxels",
			"from": [ 3.6825, 0, 5.5873 ],
			"to": [ 3.809484, 0.1269841, 5.714284 ],
			"faces": {
				"down": { "uv": [ 14.75, 13.875, 14.875, 14 ], "texture": "#voxels_atlas" },
				"up": { "uv": [ 14.875, 14, 15, 13.875 ], "texture": "#voxels_atlas" },
				"north": { "uv": [ 10.125, 13.5, 10, 13.625 ], "texture": "#voxels_atlas" },
				"south": { "uv": [ 10, 13.375, 10.125, 13.5 ], "texture": "#voxels_atlas" },
				"west": { "uv": [ 10, 11.25, 10.125, 11.375 ], "texture": "#voxels_atlas" },
				"east": { "uv": [ 10.125, 11.125, 10, 11.25 ], "texture": "#voxels_atlas" }
			}
		},
		{
			"__comment": "Voxels",
			"from": [ 3.6825, 0, 5.9683 ],
			"to": [ 4.063452, 0.1269841, 7.365125 ],
			"faces": {
				"down": { "uv": [ 2.25, 10.375, 2.625, 11.75 ], "texture": "#voxels_atlas" },
				"up": { "uv": [ 2.75, 12.75, 3.125, 11.375 ], "texture": "#voxels_atlas" },
				"north": { "uv": [ 9.625, 13, 9.25, 13.125 ], "texture": "#voxels_atlas" },
				"south": { "uv": [ 9.25, 13.375, 9.625, 13.5 ], "texture": "#voxels_atlas" },
				"west": { "uv": [ 5, 11.375, 6.375, 11.5 ], "texture": "#voxels_atlas" },
				"east": { "uv": [ 15.875, 15.25, 14.5, 15.375 ], "texture": "#voxels_atlas" }
			}
		},
		{
			"__comment": "Voxels",
			"from": [ 3.6825, 0, 14.7302 ],
			"to": [ 4.063452, 0.1269841, 14.85718 ],
			"faces": {
				"down": { "uv": [ 9.25, 10.625, 9.625, 10.75 ], "texture": "#voxels_atlas" },
				"up": { "uv": [ 9.25, 10.875, 9.625, 10.75 ], "texture": "#voxels_atlas" },
				"north": { "uv": [ 9.625, 12.25, 9.25, 12.375 ], "texture": "#voxels_atlas" },
				"south": { "uv": [ 9.25, 12.5, 9.625, 12.625 ], "texture": "#voxels_atlas" },
				"west": { "uv": [ 11.25, 13.75, 11.375, 13.875 ], "texture": "#voxels_atlas" },
				"east": { "uv": [ 11.5, 13.75, 11.375, 13.875 ], "texture": "#voxels_atlas" }
			}
		},
		{
			"__comment": "Voxels",
			"from": [ 3.6825, 0, 14.9841 ],
			"to": [ 4.063452, 0.1269841, 15.23807 ],
			"faces": {
				"down": { "uv": [ 5, 8.25, 5.375, 8.5 ], "texture": "#voxels_atlas" },
				"up": { "uv": [ 7.625, 10, 8, 9.75 ], "texture": "#voxels_atlas" },
				"north": { "uv": [ 9.625, 13.25, 9.25, 13.375 ], "texture": "#voxels_atlas" },
				"south": { "uv": [ 15.625, 14.375, 16, 14.5 ], "texture": "#voxels_atlas" },
				"west": { "uv": [ 11.625, 14.125, 11.875, 14.25 ], "texture": "#voxels_atlas" },
				"east": { "uv": [ 13.125, 14.125, 12.875, 14.25 ], "texture": "#voxels_atlas" }
			}
		},
		{
			"__comment": "Voxels",
			"from": [ 3.6825, 0.127, 0.254 ],
			"to": [ 4.063452, 0.2539842, 0.7619365 ],
			"faces": {
				"down": { "uv": [ 4.625, 11.5, 5, 12 ], "texture": "#voxels_atlas" },
				"up": { "uv": [ 5, 12.25, 5.375, 11.75 ], "texture": "#voxels_atlas" },
				"north": { "uv": [ 16, 14.5, 15.625, 14.625 ], "texture": "#voxels_atlas" },
				"south": { "uv": [ 14.75, 14.25, 15.125, 14.375 ], "texture": "#voxels_atlas" },
				"west": { "uv": [ 11.125, 14.625, 11.625, 14.75 ], "texture": "#voxels_atlas" },
				"east": { "uv": [ 12.125, 14.625, 11.625, 14.75 ], "texture": "#voxels_atlas" }
			}
		},
		{
			"__comment": "Voxels",
			"from": [ 3.6825, 0.127, 7.3651 ],
			"to": [ 4.063452, 0.2539842, 14.73018 ],
			"faces": {
				"down": { "uv": [ 0, 8.75, 0.375, 16 ], "texture": "#voxels_atlas" },
				"up": { "uv": [ 0.375, 16, 0.75, 8.75 ], "texture": "#voxels_atlas" },
				"north": { "uv": [ 7.625, 8.625, 7.25, 8.75 ], "texture": "#voxels_atlas" },
				"south": { "uv": [ 7.25, 8.5, 7.625, 8.625 ], "texture": "#voxels_atlas" },
				"west": { "uv": [ 2, 15.25, 9.25, 15.375 ], "texture": "#voxels_atlas" },
				"east": { "uv": [ 9, 15.875, 1.75, 16 ], "texture": "#voxels_atlas" }
			}
		},
		{
			"__comment": "Voxels",
			"from": [ 3.6825, 0.127, 15.2381 ],
			"to": [ 4.063452, 0.2539842, 15.49207 ],
			"faces": {
				"down": { "uv": [ 8, 9.75, 8.375, 10 ], "texture": "#voxels_atlas" },
				"up": { "uv": [ 7.625, 8.625, 8, 8.375 ], "texture": "#voxels_atlas" },
				"north": { "uv": [ 8, 8, 7.625, 8.125 ], "texture": "#voxels_atlas" },
				"south": { "uv": [ 15.625, 14.625, 16, 14.75 ], "texture": "#voxels_atlas" },
				"west": { "uv": [ 13.125, 14.125, 13.375, 14.25 ], "texture": "#voxels_atlas" },
				"east": { "uv": [ 13.625, 14.125, 13.375, 14.25 ], "texture": "#voxels_atlas" }
			}
		},
		{
			"__comment": "Voxels",
			"from": [ 3.6825, 0.254, 0.7619 ],
			"to": [ 4.063452, 0.3809841, 1.269837 ],
			"faces": {
				"down": { "uv": [ 0, 8.25, 0.375, 8.75 ], "texture": "#voxels_atlas" },
				"up": { "uv": [ 0.375, 8.75, 0.75, 8.25 ], "texture": "#voxels_atlas" },
				"north": { "uv": [ 10.625, 14.25, 10.25, 14.375 ], "texture": "#voxels_atlas" },
				"south": { "uv": [ 11, 14.25, 11.375, 14.375 ], "texture": "#voxels_atlas" },
				"west": { "uv": [ 13.125, 14.625, 13.625, 14.75 ], "texture": "#voxels_atlas" },
				"east": { "uv": [ 14.625, 14.5, 14.125, 14.625 ], "texture": "#voxels_atlas" }
			}
		},
		{
			"__comment": "Voxels",
			"from": [ 3.6825, 0.254, 2.0317 ],
			"to": [ 4.063452, 0.3809841, 4.698367 ],
			"faces": {
				"down": { "uv": [ 0.75, 8.125, 1.125, 10.75 ], "texture": "#voxels_atlas" },
				"up": { "uv": [ 1.375, 16, 1.75, 13.375 ], "texture": "#voxels_atlas" },
				"north": { "uv": [ 9.625, 13.625, 9.25, 13.75 ], "texture": "#voxels_atlas" },
				"south": { "uv": [ 9.25, 13.5, 9.625, 13.625 ], "texture": "#voxels_atlas" },
				"west": { "uv": [ 9.25, 15.25, 11.875, 15.375 ], "texture": "#voxels_atlas" },
				"east": { "uv": [ 7.625, 15, 5, 15.125 ], "texture": "#voxels_atlas" }
			}
		},
		{
			"__comment": "Voxels",
			"from": [ 3.6825, 0.254, 5.0794 ],
			"to": [ 3.809484, 0.3809841, 5.206384 ],
			"faces": {
				"down": { "uv": [ 15.625, 14, 15.75, 14.125 ], "texture": "#voxels_atlas" },
				"up": { "uv": [ 15.75, 14.125, 15.875, 14 ], "texture": "#voxels_atlas" },
				"north": { "uv": [ 16, 14, 15.875, 14.125 ], "texture": "#voxels_atlas" },
				"south": { "uv": [ 9.875, 13.625, 10, 13.75 ], "texture": "#voxels_atlas" },
				"west": { "uv": [ 9.875, 13.5, 10, 13.625 ], "texture": "#voxels_atlas" },
				"east": { "uv": [ 10, 13.375, 9.875, 13.5 ], "texture": "#voxels_atlas" }
			}
		},
		{
			"__comment": "Voxels",
			"from": [ 3.6825, 0.254, 5.5873 ],
			"to": [ 3.809484, 0.3809841, 5.714284 ],
			"faces": {
				"down": { "uv": [ 9.875, 13.25, 10, 13.375 ], "texture": "#voxels_atlas" },
				"up": { "uv": [ 9.875, 13, 10, 12.875 ], "texture": "#voxels_atlas" },
				"north": { "uv": [ 10, 12.75, 9.875, 12.875 ], "texture": "#voxels_atlas" },
				"south": { "uv": [ 9.875, 12.625, 10, 12.75 ], "texture": "#voxels_atlas" },
				"west": { "uv": [ 9.875, 12.5, 10, 12.625 ], "texture": "#voxels_atlas" },
				"east": { "uv": [ 10, 12.125, 9.875, 12.25 ], "texture": "#voxels_atlas" }
			}
		},
		{
			"__comment": "Voxels",
			"from": [ 3.6825, 0.254, 5.9683 ],
			"to": [ 4.063452, 0.3809841, 7.365125 ],
			"faces": {
				"down": { "uv": [ 2.25, 9, 2.625, 10.375 ], "texture": "#voxels_atlas" },
				"up": { "uv": [ 2.75, 11.375, 3.125, 10 ], "texture": "#voxels_atlas" },
				"north": { "uv": [ 9.625, 9.625, 9.25, 9.75 ], "texture": "#voxels_atlas" },
				"south": { "uv": [ 9.25, 12, 9.625, 12.125 ], "texture": "#voxels_atlas" },
				"west": { "uv": [ 5, 11.625, 6.375, 11.75 ], "texture": "#voxels_atlas" },
				"east": { "uv": [ 6.375, 11.5, 5, 11.625 ], "texture": "#voxels_atlas" }
			}
		},
		{
			"__comment": "Voxels",
			"from": [ 3.6825, 0.254, 14.7302 ],
			"to": [ 4.063452, 0.3809841, 14.85718 ],
			"faces": {
				"down": { "uv": [ 14.375, 14.25, 14.75, 14.375 ], "texture": "#voxels_atlas" },
				"up": { "uv": [ 12.125, 14.375, 12.5, 14.25 ], "texture": "#voxels_atlas" },
				"north": { "uv": [ 12.125, 14.25, 11.75, 14.375 ], "texture": "#voxels_atlas" },
				"south": { "uv": [ 11.375, 14.25, 11.75, 14.375 ], "texture": "#voxels_atlas" },
				"west": { "uv": [ 9.875, 10.75, 10, 10.875 ], "texture": "#voxels_atlas" },
				"east": { "uv": [ 10, 10.625, 9.875, 10.75 ], "texture": "#voxels_atlas" }
			}
		},
		{
			"__comment": "Voxels",
			"from": [ 3.6825, 0.254, 14.9841 ],
			"to": [ 4.063452, 0.3809841, 15.23807 ],
			"faces": {
				"down": { "uv": [ 7.25, 10.625, 7.625, 10.875 ], "texture": "#voxels_atlas" },
				"up": { "uv": [ 5, 8.75, 5.375, 8.5 ], "texture": "#voxels_atlas" },
				"north": { "uv": [ 7.625, 8, 7.25, 8.125 ], "texture": "#voxels_atlas" },
				"south": { "uv": [ 7.25, 8.375, 7.625, 8.5 ], "texture": "#voxels_atlas" },
				"west": { "uv": [ 13.625, 14.125, 13.875, 14.25 ], "texture": "#voxels_atlas" },
				"east": { "uv": [ 14.125, 14.125, 13.875, 14.25 ], "texture": "#voxels_atlas" }
			}
		},
		{
			"__comment": "Voxels",
			"from": [ 3.8095, 0, 0.254 ],
			"to": [ 3.936484, 0.1269841, 0.7619365 ],
			"faces": {
				"down": { "uv": [ 4.75, 10.875, 4.875, 11.375 ], "texture": "#voxels_atlas" },
				"up": { "uv": [ 4.875, 11.375, 5, 10.875 ], "texture": "#voxels_atlas" },
				"north": { "uv": [ 10, 8.25, 9.875, 8.375 ], "texture": "#voxels_atlas" },
				"south": { "uv": [ 9.875, 8.125, 10, 8.25 ], "texture": "#voxels_atlas" },
				"west": { "uv": [ 12.625, 14.375, 13.125, 14.5 ], "texture": "#voxels_atlas" },
				"east": { "uv": [ 15.625, 14.5, 15.125, 14.625 ], "texture": "#voxels_atlas" }
			}
		},
		{
			"__comment": "Voxels",
			"from": [ 3.8095, 0, 7.3651 ],
			"to": [ 3.936484, 0.1269841, 14.73018 ],
			"faces": {
				"down": { "uv": [ 1.75, 8.625, 1.875, 15.875 ], "texture": "#voxels_atlas" },
				"up": { "uv": [ 2.125, 15.25, 2.25, 8 ], "texture": "#voxels_atlas" },
				"north": { "uv": [ 10.625, 13.875, 10.5, 14 ], "texture": "#voxels_atlas" },
				"south": { "uv": [ 10.625, 13.875, 10.75, 14 ], "texture": "#voxels_atlas" },
				"west": { "uv": [ 1.875, 15.75, 9.125, 15.875 ], "texture": "#voxels_atlas" },
				"east": { "uv": [ 9.125, 15.625, 1.875, 15.75 ], "texture": "#voxels_atlas" }
			}
		},
		{
			"__comment": "Voxels",
			"from": [ 3.8095, 0, 15.2381 ],
			"to": [ 3.936484, 0.1269841, 15.49207 ],
			"faces": {
				"down": { "uv": [ 7.5, 10.875, 7.625, 11.125 ], "texture": "#voxels_atlas" },
				"up": { "uv": [ 5.375, 8.75, 5.5, 8.5 ], "texture": "#voxels_atlas" },
				"north": { "uv": [ 12.625, 13.875, 12.5, 14 ], "texture": "#voxels_atlas" },
				"south": { "uv": [ 12.625, 13.875, 12.75, 14 ], "texture": "#voxels_atlas" },
				"west": { "uv": [ 14.125, 14.125, 14.375, 14.25 ], "texture": "#voxels_atlas" },
				"east": { "uv": [ 14.625, 14.125, 14.375, 14.25 ], "texture": "#voxels_atlas" }
			}
		},
		{
			"__comment": "Voxels",
			"from": [ 3.8095, 0.127, 0 ],
			"to": [ 3.936484, 0.2539842, 0.2539683 ],
			"faces": {
				"down": { "uv": [ 5.375, 8.25, 5.5, 8.5 ], "texture": "#voxels_atlas" },
				"up": { "uv": [ 5.375, 8.25, 5.5, 8 ], "texture": "#voxels_atlas" },
				"north": { "uv": [ 14.125, 13.875, 14, 14 ], "texture": "#voxels_atlas" },
				"south": { "uv": [ 14.125, 13.875, 14.25, 14 ], "texture": "#voxels_atlas" },
				"west": { "uv": [ 15.625, 14.125, 15.875, 14.25 ], "texture": "#voxels_atlas" },
				"east": { "uv": [ 9.875, 14, 9.625, 14.125 ], "texture": "#voxels_atlas" }
			}
		},
		{
			"__comment": "Voxels",
			"from": [ 3.8095, 0.127, 15.4921 ],
			"to": [ 3.936484, 0.2539842, 15.74607 ],
			"faces": {
				"down": { "uv": [ 8.375, 10.25, 8.5, 10.5 ], "texture": "#voxels_atlas" },
				"up": { "uv": [ 8.375, 10, 8.5, 9.75 ], "texture": "#voxels_atlas" },
				"north": { "uv": [ 15.125, 13.875, 15, 14 ], "texture": "#voxels_atlas" },
				"south": { "uv": [ 15.125, 13.875, 15.25, 14 ], "texture": "#voxels_atlas" },
				"west": { "uv": [ 9.625, 13.875, 9.875, 14 ], "texture": "#voxels_atlas" },
				"east": { "uv": [ 9.875, 13.75, 9.625, 13.875 ], "texture": "#voxels_atlas" }
			}
		},
		{
			"__comment": "Voxels",
			"from": [ 3.8095, 0.254, 0.254 ],
			"to": [ 3.936484, 0.3809841, 0.7619365 ],
			"faces": {
				"down": { "uv": [ 9.125, 13.875, 9.25, 14.375 ], "texture": "#voxels_atlas" },
				"up": { "uv": [ 9.125, 13.875, 9.25, 13.375 ], "texture": "#voxels_atlas" },
				"north": { "uv": [ 10.125, 12.75, 10, 12.875 ], "texture": "#voxels_atlas" },
				"south": { "uv": [ 10, 12.625, 10.125, 12.75 ], "texture": "#voxels_atlas" },
				"west": { "uv": [ 13.625, 14.5, 14.125, 14.625 ], "texture": "#voxels_atlas" },
				"east": { "uv": [ 12.625, 14.375, 12.125, 14.5 ], "texture": "#voxels_atlas" }
			}
		},
		{
			"__comment": "Voxels",
			"from": [ 3.8095, 0.254, 7.3651 ],
			"to": [ 3.936484, 0.3809841, 14.73018 ],
			"faces": {
				"down": { "uv": [ 2, 8, 2.125, 15.25 ], "texture": "#voxels_atlas" },
				"up": { "uv": [ 1.875, 15.375, 2, 8.125 ], "texture": "#voxels_atlas" },
				"north": { "uv": [ 10.125, 12, 10, 12.125 ], "texture": "#voxels_atlas" },
				"south": { "uv": [ 10, 11.875, 10.125, 12 ], "texture": "#voxels_atlas" },
				"west": { "uv": [ 1.875, 15.375, 9.125, 15.5 ], "texture": "#voxels_atlas" },
				"east": { "uv": [ 9.125, 15.5, 1.875, 15.625 ], "texture": "#voxels_atlas" }
			}
		},
		{
			"__comment": "Voxels",
			"from": [ 3.8095, 0.254, 15.2381 ],
			"to": [ 3.936484, 0.3809841, 15.49207 ],
			"faces": {
				"down": { "uv": [ 8.375, 9.375, 8.5, 9.625 ], "texture": "#voxels_atlas" },
				"up": { "uv": [ 8.375, 8.625, 8.5, 8.375 ], "texture": "#voxels_atlas" },
				"north": { "uv": [ 10.125, 10.75, 10, 10.875 ], "texture": "#voxels_atlas" },
				"south": { "uv": [ 10, 10.625, 10.125, 10.75 ], "texture": "#voxels_atlas" },
				"west": { "uv": [ 9.625, 13.625, 9.875, 13.75 ], "texture": "#voxels_atlas" },
				"east": { "uv": [ 9.875, 13.5, 9.625, 13.625 ], "texture": "#voxels_atlas" }
			}
		},
		{
			"__comment": "Voxels",
			"from": [ 3.9365, 0, 4.9524 ],
			"to": [ 4.190468, 0.1269841, 5.079384 ],
			"faces": {
				"down": { "uv": [ 9.625, 13.375, 9.875, 13.5 ], "texture": "#voxels_atlas" },
				"up": { "uv": [ 9.625, 13.375, 9.875, 13.25 ], "texture": "#voxels_atlas" },
				"north": { "uv": [ 9.875, 13.125, 9.625, 13.25 ], "texture": "#voxels_atlas" },
				"south": { "uv": [ 9.625, 13, 9.875, 13.125 ], "texture": "#voxels_atlas" },
				"west": { "uv": [ 10, 9.25, 10.125, 9.375 ], "texture": "#voxels_atlas" },
				"east": { "uv": [ 10.125, 9.125, 10, 9.25 ], "texture": "#voxels_atlas" }
			}
		},
		{
			"__comment": "Voxels",
			"from": [ 3.9365, 0, 5.0794 ],
			"to": [ 4.063484, 0.1269841, 5.206384 ],
			"faces": {
				"down": { "uv": [ 10, 9, 10.125, 9.125 ], "texture": "#voxels_atlas" },
				"up": { "uv": [ 10, 9, 10.125, 8.875 ], "texture": "#voxels_atlas" },
				"north": { "uv": [ 10.125, 8.75, 10, 8.875 ], "texture": "#voxels_atlas" },
				"south": { "uv": [ 10, 8.625, 10.125, 8.75 ], "texture": "#voxels_atlas" },
				"west": { "uv": [ 10, 8.25, 10.125, 8.375 ], "texture": "#voxels_atlas" },
				"east": { "uv": [ 10.125, 8.125, 10, 8.25 ], "texture": "#voxels_atlas" }
			}
		},
		{
			"__comment": "Voxels",
			"from": [ 3.9365, 0, 5.5873 ],
			"to": [ 4.063484, 0.1269841, 5.841268 ],
			"faces": {
				"down": { "uv": [ 9.125, 13.125, 9.25, 13.375 ], "texture": "#voxels_atlas" },
				"up": { "uv": [ 9.125, 13.125, 9.25, 12.875 ], "texture": "#voxels_atlas" },
				"north": { "uv": [ 10.625, 13.75, 10.5, 13.875 ], "texture": "#voxels_atlas" },
				"south": { "uv": [ 10.625, 13.75, 10.75, 13.875 ], "texture": "#voxels_atlas" },
				"west": { "uv": [ 9.625, 12.875, 9.875, 13 ], "texture": "#voxels_atlas" },
				"east": { "uv": [ 9.875, 12.75, 9.625, 12.875 ], "texture": "#voxels_atlas" }
			}
		},
		{
			"__comment": "Voxels",
			"from": [ 3.9365, 0.254, 4.9524 ],
			"to": [ 4.190468, 0.3809841, 5.079384 ],
			"faces": {
				"down": { "uv": [ 9.625, 12.625, 9.875, 12.75 ], "texture": "#voxels_atlas" },
				"up": { "uv": [ 9.625, 12.625, 9.875, 12.5 ], "texture": "#voxels_atlas" },
				"north": { "uv": [ 9.875, 12.375, 9.625, 12.5 ], "texture": "#voxels_atlas" },
				"south": { "uv": [ 9.625, 12.25, 9.875, 12.375 ], "texture": "#voxels_atlas" },
				"west": { "uv": [ 1.875, 8, 2, 8.125 ], "texture": "#voxels_atlas" },
				"east": { "uv": [ 16, 15.25, 15.875, 15.375 ], "texture": "#voxels_atlas" }
			}
		},
		{
			"__comment": "Voxels",
			"from": [ 3.9365, 0.254, 5.0794 ],
			"to": [ 4.063484, 0.3809841, 5.206384 ],
			"faces": {
				"down": { "uv": [ 2.625, 10.375, 2.75, 10.5 ], "texture": "#voxels_atlas" },
				"up": { "uv": [ 2.625, 9.125, 2.75, 9 ], "texture": "#voxels_atlas" },
				"north": { "uv": [ 3.375, 10.375, 3.25, 10.5 ], "texture": "#voxels_atlas" },
				"south": { "uv": [ 3.25, 8.375, 3.375, 8.5 ], "texture": "#voxels_atlas" },
				"west": { "uv": [ 7.5, 12.25, 7.625, 12.375 ], "texture": "#voxels_atlas" },
				"east": { "uv": [ 7.625, 11.25, 7.5, 11.375 ], "texture": "#voxels_atlas" }
			}
		},
		{
			"__comment": "Voxels",
			"from": [ 3.9365, 0.254, 5.5873 ],
			"to": [ 4.063484, 0.3809841, 5.841268 ],
			"faces": {
				"down": { "uv": [ 9.125, 12.625, 9.25, 12.875 ], "texture": "#voxels_atlas" },
				"up": { "uv": [ 9.125, 12.625, 9.25, 12.375 ], "texture": "#voxels_atlas" },
				"north": { "uv": [ 7.625, 9.25, 7.5, 9.375 ], "texture": "#voxels_atlas" },
				"south": { "uv": [ 8.375, 11.125, 8.5, 11.25 ], "texture": "#voxels_atlas" },
				"west": { "uv": [ 9.625, 12.125, 9.875, 12.25 ], "texture": "#voxels_atlas" },
				"east": { "uv": [ 9.875, 12, 9.625, 12.125 ], "texture": "#voxels_atlas" }
			}
		},
		{
			"__comment": "Voxels",
			"from": [ 4.0635, 0, 5.2063 ],
			"to": [ 5.206357, 0.1269841, 5.333284 ],
			"faces": {
				"down": { "uv": [ 5, 10.5, 6.125, 10.625 ], "texture": "#voxels_atlas" },
				"up": { "uv": [ 5.625, 10.875, 6.75, 10.75 ], "texture": "#voxels_atlas" },
				"north": { "uv": [ 16, 15.75, 14.875, 15.875 ], "texture": "#voxels_atlas" },
				"south": { "uv": [ 5.625, 10.625, 6.75, 10.75 ], "texture": "#voxels_atlas" },
				"west": { "uv": [ 8.375, 10, 8.5, 10.125 ], "texture": "#voxels_atlas" },
				"east": { "uv": [ 8.5, 9.625, 8.375, 9.75 ], "texture": "#voxels_atlas" }
			}
		},
		{
			"__comment": "Voxels",
			"from": [ 4.0635, 0, 5.4603 ],
			"to": [ 4.952389, 0.1269841, 5.587284 ],
			"faces": {
				"down": { "uv": [ 7.625, 14.125, 8.5, 14.25 ], "texture": "#voxels_atlas" },
				"up": { "uv": [ 7.625, 15.25, 8.5, 15.125 ], "texture": "#voxels_atlas" },
				"north": { "uv": [ 7.25, 8, 6.375, 8.125 ], "texture": "#voxels_atlas" },
				"south": { "uv": [ 5.5, 9, 6.375, 9.125 ], "texture": "#voxels_atlas" },
				"west": { "uv": [ 8.375, 8.75, 8.5, 8.875 ], "texture": "#voxels_atlas" },
				"east": { "uv": [ 8.5, 8.625, 8.375, 8.75 ], "texture": "#voxels_atlas" }
			}
		},
		{
			"__comment": "Voxels",
			"from": [ 4.0635, 0, 5.7143 ],
			"to": [ 4.571436, 0.1269841, 5.841284 ],
			"faces": {
				"down": { "uv": [ 9.25, 14.25, 9.75, 14.375 ], "texture": "#voxels_atlas" },
				"up": { "uv": [ 8, 8.375, 8.5, 8.25 ], "texture": "#voxels_atlas" },
				"north": { "uv": [ 10.25, 14.25, 9.75, 14.375 ], "texture": "#voxels_atlas" },
				"south": { "uv": [ 10.625, 14.625, 11.125, 14.75 ], "texture": "#voxels_atlas" },
				"west": { "uv": [ 9.125, 11, 9.25, 11.125 ], "texture": "#voxels_atlas" },
				"east": { "uv": [ 9.25, 10.875, 9.125, 11 ], "texture": "#voxels_atlas" }
			}
		},
		{
			"__comment": "Voxels",
			"from": [ 4.0635, 0.254, 5.2063 ],
			"to": [ 5.206357, 0.3809841, 5.333284 ],
			"faces": {
				"down": { "uv": [ 5, 9.75, 6.125, 9.875 ], "texture": "#voxels_atlas" },
				"up": { "uv": [ 6.125, 10.625, 7.25, 10.5 ], "texture": "#voxels_atlas" },
				"north": { "uv": [ 7.25, 9.75, 6.125, 9.875 ], "texture": "#voxels_atlas" },
				"south": { "uv": [ 5, 9.625, 6.125, 9.75 ], "texture": "#voxels_atlas" },
				"west": { "uv": [ 9.125, 10.25, 9.25, 10.375 ], "texture": "#voxels_atlas" },
				"east": { "uv": [ 9.25, 10.125, 9.125, 10.25 ], "texture": "#voxels_atlas" }
			}
		},
		{
			"__comment": "Voxels",
			"from": [ 4.0635, 0.254, 5.4603 ],
			"to": [ 4.952389, 0.3809841, 5.587284 ],
			"faces": {
				"down": { "uv": [ 7.625, 11.375, 8.5, 11.5 ], "texture": "#voxels_atlas" },
				"up": { "uv": [ 7.625, 14.75, 8.5, 14.625 ], "texture": "#voxels_atlas" },
				"north": { "uv": [ 7.25, 8.75, 6.375, 8.875 ], "texture": "#voxels_atlas" },
				"south": { "uv": [ 5.5, 8.125, 6.375, 8.25 ], "texture": "#voxels_atlas" },
				"west": { "uv": [ 9.125, 9.5, 9.25, 9.625 ], "texture": "#voxels_atlas" },
				"east": { "uv": [ 9.25, 9.375, 9.125, 9.5 ], "texture": "#voxels_atlas" }
			}
		},
		{
			"__comment": "Voxels",
			"from": [ 4.0635, 0.254, 5.7143 ],
			"to": [ 4.571436, 0.3809841, 5.841284 ],
			"faces": {
				"down": { "uv": [ 14.625, 14.5, 15.125, 14.625 ], "texture": "#voxels_atlas" },
				"up": { "uv": [ 11.125, 14.5, 11.625, 14.375 ], "texture": "#voxels_atlas" },
				"north": { "uv": [ 12.125, 14.375, 11.625, 14.5 ], "texture": "#voxels_atlas" },
				"south": { "uv": [ 7.125, 9.5, 7.625, 9.625 ], "texture": "#voxels_atlas" },
				"west": { "uv": [ 9.125, 8.75, 9.25, 8.875 ], "texture": "#voxels_atlas" },
				"east": { "uv": [ 9.25, 8.625, 9.125, 8.75 ], "texture": "#voxels_atlas" }
			}
		},
		{
			"__comment": "Voxels",
			"from": [ 4.1905, 0, 5.0794 ],
			"to": [ 4.317484, 0.1269841, 5.206384 ],
			"faces": {
				"down": { "uv": [ 9.125, 8.5, 9.25, 8.625 ], "texture": "#voxels_atlas" },
				"up": { "uv": [ 9.125, 8.5, 9.25, 8.375 ], "texture": "#voxels_atlas" },
				"north": { "uv": [ 9.25, 8.25, 9.125, 8.375 ], "texture": "#voxels_atlas" },
				"south": { "uv": [ 9.125, 8.125, 9.25, 8.25 ], "texture": "#voxels_atlas" },
				"west": { "uv": [ 9.125, 8, 9.25, 8.125 ], "texture": "#voxels_atlas" },
				"east": { "uv": [ 16, 14.25, 15.875, 14.375 ], "texture": "#voxels_atlas" }
			}
		},
		{
			"__comment": "Voxels",
			"from": [ 4.1905, 0, 5.5873 ],
			"to": [ 4.82542, 0.1269841, 5.714284 ],
			"faces": {
				"down": { "uv": [ 8.5, 11.625, 9.125, 11.75 ], "texture": "#voxels_atlas" },
				"up": { "uv": [ 8.5, 11.875, 9.125, 11.75 ], "texture": "#voxels_atlas" },
				"north": { "uv": [ 9.125, 13.375, 8.5, 13.5 ], "texture": "#voxels_atlas" },
				"south": { "uv": [ 8.5, 13.5, 9.125, 13.625 ], "texture": "#voxels_atlas" },
				"west": { "uv": [ 9.5, 8.125, 9.625, 8.25 ], "texture": "#voxels_atlas" },
				"east": { "uv": [ 10.25, 13.875, 10.125, 14 ], "texture": "#voxels_atlas" }
			}
		},
		{
			"__comment": "Voxels",
			"from": [ 4.1905, 0.254, 5.0794 ],
			"to": [ 4.317484, 0.3809841, 5.206384 ],
			"faces": {
				"down": { "uv": [ 15.875, 14.125, 16, 14.25 ], "texture": "#voxels_atlas" },
				"up": { "uv": [ 9.625, 8.875, 9.75, 8.75 ], "texture": "#voxels_atlas" },
				"north": { "uv": [ 9.875, 8.75, 9.75, 8.875 ], "texture": "#voxels_atlas" },
				"south": { "uv": [ 9.625, 8.625, 9.75, 8.75 ], "texture": "#voxels_atlas" },
				"west": { "uv": [ 9.75, 8.625, 9.875, 8.75 ], "texture": "#voxels_atlas" },
				"east": { "uv": [ 9.75, 8.5, 9.625, 8.625 ], "texture": "#voxels_atlas" }
			}
		},
		{
			"__comment": "Voxels",
			"from": [ 4.1905, 0.254, 5.5873 ],
			"to": [ 4.82542, 0.3809841, 5.714284 ],
			"faces": {
				"down": { "uv": [ 8.5, 14.375, 9.125, 14.5 ], "texture": "#voxels_atlas" },
				"up": { "uv": [ 8.5, 14.625, 9.125, 14.5 ], "texture": "#voxels_atlas" },
				"north": { "uv": [ 9.125, 14.625, 8.5, 14.75 ], "texture": "#voxels_atlas" },
				"south": { "uv": [ 8.5, 14.75, 9.125, 14.875 ], "texture": "#voxels_atlas" },
				"west": { "uv": [ 9.75, 8.25, 9.875, 8.375 ], "texture": "#voxels_atlas" },
				"east": { "uv": [ 9.75, 8.125, 9.625, 8.25 ], "texture": "#voxels_atlas" }
			}
		},
		{
			"__comment": "Voxels",
			"from": [ 4.3175, 0, 5.3333 ],
			"to": [ 5.079405, 0.1269841, 5.460284 ],
			"faces": {
				"down": { "uv": [ 7.625, 10.125, 8.375, 10.25 ], "texture": "#voxels_atlas" },
				"up": { "uv": [ 7.625, 10.625, 8.375, 10.5 ], "texture": "#voxels_atlas" },
				"north": { "uv": [ 8.375, 10.625, 7.625, 10.75 ], "texture": "#voxels_atlas" },
				"south": { "uv": [ 7.625, 11, 8.375, 11.125 ], "texture": "#voxels_atlas" },
				"west": { "uv": [ 10, 14, 10.125, 14.125 ], "texture": "#voxels_atlas" },
				"east": { "uv": [ 10.25, 14, 10.125, 14.125 ], "texture": "#voxels_atlas" }
			}
		},
		{
			"__comment": "Voxels",
			"from": [ 4.3175, 0.254, 5.3333 ],
			"to": [ 5.079405, 0.3809841, 5.460284 ],
			"faces": {
				"down": { "uv": [ 7.625, 11.125, 8.375, 11.25 ], "texture": "#voxels_atlas" },
				"up": { "uv": [ 6.875, 13.375, 7.625, 13.25 ], "texture": "#voxels_atlas" },
				"north": { "uv": [ 7.625, 13.375, 6.875, 13.5 ], "texture": "#voxels_atlas" },
				"south": { "uv": [ 7.625, 9.625, 8.375, 9.75 ], "texture": "#voxels_atlas" },
				"west": { "uv": [ 10.75, 14, 10.875, 14.125 ], "texture": "#voxels_atlas" },
				"east": { "uv": [ 11, 14, 10.875, 14.125 ], "texture": "#voxels_atlas" }
			}
		},
		{
			"__comment": "Voxels",
			"from": [ 4.5714, 0.127, 4.9524 ],
			"to": [ 5.460289, 0.2539842, 5.079384 ],
			"faces": {
				"down": { "uv": [ 5.5, 8, 6.375, 8.125 ], "texture": "#voxels_atlas" },
				"up": { "uv": [ 7.625, 12.875, 8.5, 12.75 ], "texture": "#voxels_atlas" },
				"north": { "uv": [ 8.5, 12.875, 7.625, 13 ], "texture": "#voxels_atlas" },
				"south": { "uv": [ 7.625, 13, 8.5, 13.125 ], "texture": "#voxels_atlas" },
				"west": { "uv": [ 11.5, 14, 11.625, 14.125 ], "texture": "#voxels_atlas" },
				"east": { "uv": [ 11.75, 14, 11.625, 14.125 ], "texture": "#voxels_atlas" }
			}
		},
		{
			"__comment": "Voxels",
			"from": [ 4.6984, 0, 5.0794 ],
			"to": [ 5.333321, 0.1269841, 5.206384 ],
			"faces": {
				"down": { "uv": [ 8.5, 15, 9.125, 15.125 ], "texture": "#voxels_atlas" },
				"up": { "uv": [ 9.125, 15.125, 9.75, 15 ], "texture": "#voxels_atlas" },
				"north": { "uv": [ 10.375, 15, 9.75, 15.125 ], "texture": "#voxels_atlas" },
				"south": { "uv": [ 10.375, 15, 11, 15.125 ], "texture": "#voxels_atlas" },
				"west": { "uv": [ 12.25, 14, 12.375, 14.125 ], "texture": "#voxels_atlas" },
				"east": { "uv": [ 12.5, 14, 12.375, 14.125 ], "texture": "#voxels_atlas" }
			}
		},
		{
			"__comment": "Voxels",
			"from": [ 4.6984, 0.127, 2.4127 ],
			"to": [ 5.206336, 0.2539842, 4.190478 ],
			"faces": {
				"down": { "uv": [ 2.25, 13.5, 2.75, 15.25 ], "texture": "#voxels_atlas" },
				"up": { "uv": [ 2.25, 13.5, 2.75, 11.75 ], "texture": "#voxels_atlas" },
				"north": { "uv": [ 14.125, 14.375, 13.625, 14.5 ], "texture": "#voxels_atlas" },
				"south": { "uv": [ 14.125, 14.375, 14.625, 14.5 ], "texture": "#voxels_atlas" },
				"west": { "uv": [ 5, 12.75, 6.75, 12.875 ], "texture": "#voxels_atlas" },
				"east": { "uv": [ 6.75, 12.875, 5, 13 ], "texture": "#voxels_atlas" }
			}
		},
		{
			"__comment": "Voxels",
			"from": [ 4.6984, 0.127, 4.8254 ],
			"to": [ 5.587289, 0.2539842, 4.952384 ],
			"faces": {
				"down": { "uv": [ 7.625, 14.75, 8.5, 14.875 ], "texture": "#voxels_atlas" },
				"up": { "uv": [ 7.625, 15, 8.5, 14.875 ], "texture": "#voxels_atlas" },
				"north": { "uv": [ 7.25, 8.25, 6.375, 8.375 ], "texture": "#voxels_atlas" },
				"south": { "uv": [ 6.375, 8.375, 7.25, 8.5 ], "texture": "#voxels_atlas" },
				"west": { "uv": [ 13.75, 14, 13.875, 14.125 ], "texture": "#voxels_atlas" },
				"east": { "uv": [ 14, 14, 13.875, 14.125 ], "texture": "#voxels_atlas" }
			}
		},
		{
			"__comment": "Voxels",
			"from": [ 4.6984, 0.254, 5.0794 ],
			"to": [ 5.333321, 0.3809841, 5.206384 ],
			"faces": {
				"down": { "uv": [ 11, 15, 11.625, 15.125 ], "texture": "#voxels_atlas" },
				"up": { "uv": [ 11.625, 15.125, 12.25, 15 ], "texture": "#voxels_atlas" },
				"north": { "uv": [ 9.125, 14.875, 8.5, 15 ], "texture": "#voxels_atlas" },
				"south": { "uv": [ 9.125, 14.875, 9.75, 15 ], "texture": "#voxels_atlas" },
				"west": { "uv": [ 14.5, 14, 14.625, 14.125 ], "texture": "#voxels_atlas" },
				"east": { "uv": [ 14.75, 14, 14.625, 14.125 ], "texture": "#voxels_atlas" }
			}
		},
		{
			"__comment": "Voxels",
			"from": [ 4.8254, 0, 2.4127 ],
			"to": [ 5.079368, 0.1269841, 4.063494 ],
			"faces": {
				"down": { "uv": [ 2.75, 8.375, 3, 10 ], "texture": "#voxels_atlas" },
				"up": { "uv": [ 3, 10, 3.25, 8.375 ], "texture": "#voxels_atlas" },
				"north": { "uv": [ 3.375, 11.375, 3.125, 11.5 ], "texture": "#voxels_atlas" },
				"south": { "uv": [ 3.125, 10, 3.375, 10.125 ], "texture": "#voxels_atlas" },
				"west": { "uv": [ 14.375, 15.375, 16, 15.5 ], "texture": "#voxels_atlas" },
				"east": { "uv": [ 6.625, 12.625, 5, 12.75 ], "texture": "#voxels_atlas" }
			}
		},
		{
			"__comment": "Voxels",
			"from": [ 4.8254, 0, 4.9524 ],
			"to": [ 5.333336, 0.1269841, 5.079384 ],
			"faces": {
				"down": { "uv": [ 15.125, 14.375, 15.625, 14.5 ], "texture": "#voxels_atlas" },
				"up": { "uv": [ 14.625, 14.75, 15.125, 14.625 ], "texture": "#voxels_atlas" },
				"north": { "uv": [ 15.625, 14.625, 15.125, 14.75 ], "texture": "#voxels_atlas" },
				"south": { "uv": [ 9.125, 14.5, 9.625, 14.625 ], "texture": "#voxels_atlas" },
				"west": { "uv": [ 9.875, 13.875, 10, 14 ], "texture": "#voxels_atlas" },
				"east": { "uv": [ 10, 13.75, 9.875, 13.875 ], "texture": "#voxels_atlas" }
			}
		},
		{
			"__comment": "Voxels",
			"from": [ 4.8254, 0.127, 2.1587 ],
			"to": [ 5.333336, 0.2539842, 2.285684 ],
			"faces": {
				"down": { "uv": [ 9.625, 14.5, 10.125, 14.625 ], "texture": "#voxels_atlas" },
				"up": { "uv": [ 10.125, 14.625, 10.625, 14.5 ], "texture": "#voxels_atlas" },
				"north": { "uv": [ 11.125, 14.5, 10.625, 14.625 ], "texture": "#voxels_atlas" },
				"south": { "uv": [ 12.125, 14.5, 12.625, 14.625 ], "texture": "#voxels_atlas" },
				"west": { "uv": [ 9.875, 13.125, 10, 13.25 ], "texture": "#voxels_atlas" },
				"east": { "uv": [ 10, 13, 9.875, 13.125 ], "texture": "#voxels_atlas" }
			}
		},
		{
			"__comment": "Voxels",
			"from": [ 4.8254, 0.127, 2.2857 ],
			"to": [ 5.206352, 0.2539842, 2.412684 ],
			"faces": {
				"down": { "uv": [ 15.5, 14.25, 15.875, 14.375 ], "texture": "#voxels_atlas" },
				"up": { "uv": [ 9.25, 14.25, 9.625, 14.125 ], "texture": "#voxels_atlas" },
				"north": { "uv": [ 9.625, 10.875, 9.25, 11 ], "texture": "#voxels_atlas" },
				"south": { "uv": [ 9.25, 13.125, 9.625, 13.25 ], "texture": "#voxels_atlas" },
				"west": { "uv": [ 9.875, 12.375, 10, 12.5 ], "texture": "#voxels_atlas" },
				"east": { "uv": [ 10, 12.25, 9.875, 12.375 ], "texture": "#voxels_atlas" }
			}
		},
		{
			"__comment": "Voxels",
			"from": [ 4.8254, 0.127, 4.1905 ],
			"to": [ 5.46032, 0.2539842, 4.82542 ],
			"faces": {
				"down": { "uv": [ 3.375, 11.125, 4, 11.75 ], "texture": "#voxels_atlas" },
				"up": { "uv": [ 3.375, 12.375, 4, 11.75 ], "texture": "#voxels_atlas" },
				"north": { "uv": [ 14.125, 14.875, 13.5, 15 ], "texture": "#voxels_atlas" },
				"south": { "uv": [ 14.125, 14.875, 14.75, 15 ], "texture": "#voxels_atlas" },
				"west": { "uv": [ 14.75, 14.875, 15.375, 15 ], "texture": "#voxels_atlas" },
				"east": { "uv": [ 16, 14.875, 15.375, 15 ], "texture": "#voxels_atlas" }
			}
		},
		{
			"__comment": "Voxels",
			"from": [ 4.8254, 0.254, 2.4127 ],
			"to": [ 5.079368, 0.3809841, 4.063494 ],
			"faces": {
				"down": { "uv": [ 3.375, 12.375, 3.625, 14 ], "texture": "#voxels_atlas" },
				"up": { "uv": [ 1.125, 10.75, 1.375, 9.125 ], "texture": "#voxels_atlas" },
				"north": { "uv": [ 10.375, 14.125, 10.125, 14.25 ], "texture": "#voxels_atlas" },
				"south": { "uv": [ 10.375, 14.125, 10.625, 14.25 ], "texture": "#voxels_atlas" },
				"west": { "uv": [ 14.375, 15.5, 16, 15.625 ], "texture": "#voxels_atlas" },
				"east": { "uv": [ 16, 15.625, 14.375, 15.75 ], "texture": "#voxels_atlas" }
			}
		},
		{
			"__comment": "Voxels",
			"from": [ 4.8254, 0.254, 4.9524 ],
			"to": [ 5.333336, 0.3809841, 5.079384 ],
			"faces": {
				"down": { "uv": [ 9.125, 14.375, 9.625, 14.5 ], "texture": "#voxels_atlas" },
				"up": { "uv": [ 9.625, 14.5, 10.125, 14.375 ], "texture": "#voxels_atlas" },
				"north": { "uv": [ 10.625, 14.375, 10.125, 14.5 ], "texture": "#voxels_atlas" },
				"south": { "uv": [ 10.625, 14.375, 11.125, 14.5 ], "texture": "#voxels_atlas" },
				"west": { "uv": [ 9.875, 10.125, 10, 10.25 ], "texture": "#voxels_atlas" },
				"east": { "uv": [ 10, 10, 9.875, 10.125 ], "texture": "#voxels_atlas" }
			}
		},
		{
			"__comment": "Voxels",
			"from": [ 4.9524, 0, 2.1587 ],
			"to": [ 5.206368, 0.1269841, 2.285684 ],
			"faces": {
				"down": { "uv": [ 11.875, 14.125, 12.125, 14.25 ], "texture": "#voxels_atlas" },
				"up": { "uv": [ 12.125, 14.25, 12.375, 14.125 ], "texture": "#voxels_atlas" },
				"north": { "uv": [ 12.625, 14.125, 12.375, 14.25 ], "texture": "#voxels_atlas" },
				"south": { "uv": [ 12.625, 14.125, 12.875, 14.25 ], "texture": "#voxels_atlas" },
				"west": { "uv": [ 9.875, 9.375, 10, 9.5 ], "texture": "#voxels_atlas" },
				"east": { "uv": [ 10, 9.25, 9.875, 9.375 ], "texture": "#voxels_atlas" }
			}
		},
		{
			"__comment": "Voxels",
			"from": [ 4.9524, 0, 2.2857 ],
			"to": [ 5.079384, 0.1269841, 2.412684 ],
			"faces": {
				"down": { "uv": [ 9.875, 9.125, 10, 9.25 ], "texture": "#voxels_atlas" },
				"up": { "uv": [ 9.875, 9.125, 10, 9 ], "texture": "#voxels_atlas" },
				"north": { "uv": [ 10, 8.875, 9.875, 9 ], "texture": "#voxels_atlas" },
				"south": { "uv": [ 9.875, 8.75, 10, 8.875 ], "texture": "#voxels_atlas" },
				"west": { "uv": [ 9.875, 8.625, 10, 8.75 ], "texture": "#voxels_atlas" },
				"east": { "uv": [ 10, 8.5, 9.875, 8.625 ], "texture": "#voxels_atlas" }
			}
		},
		{
			"__comment": "Voxels",
			"from": [ 4.9524, 0, 4.0635 ],
			"to": [ 5.333352, 0.1269841, 4.952389 ],
			"faces": {
				"down": { "uv": [ 3.375, 9.25, 3.75, 10.125 ], "texture": "#voxels_atlas" },
				"up": { "uv": [ 3.75, 10.125, 4.125, 9.25 ], "texture": "#voxels_atlas" },
				"north": { "uv": [ 9.625, 11.75, 9.25, 11.875 ], "texture": "#voxels_atlas" },
				"south": { "uv": [ 9.25, 10.5, 9.625, 10.625 ], "texture": "#voxels_atlas" },
				"west": { "uv": [ 5.5, 8.5, 6.375, 8.625 ], "texture": "#voxels_atlas" },
				"east": { "uv": [ 8.5, 11.625, 7.625, 11.75 ], "texture": "#voxels_atlas" }
			}
		},
		{
			"__comment": "Voxels",
			"from": [ 4.9524, 0.127, 2.0317 ],
			"to": [ 5.333352, 0.2539842, 2.158684 ],
			"faces": {
				"down": { "uv": [ 9.25, 9.5, 9.625, 9.625 ], "texture": "#voxels_atlas" },
				"up": { "uv": [ 9.25, 9.5, 9.625, 9.375 ], "texture": "#voxels_atlas" },
				"north": { "uv": [ 9.625, 9.125, 9.25, 9.25 ], "texture": "#voxels_atlas" },
				"south": { "uv": [ 9.25, 9, 9.625, 9.125 ], "texture": "#voxels_atlas" },
				"west": { "uv": [ 10.75, 13.875, 10.875, 14 ], "texture": "#voxels_atlas" },
				"east": { "uv": [ 11, 13.875, 10.875, 14 ], "texture": "#voxels_atlas" }
			}
		},
		{
			"__comment": "Voxels",
			"from": [ 4.9524, 0.254, 2.1587 ],
			"to": [ 5.206368, 0.3809841, 2.285684 ],
			"faces": {
				"down": { "uv": [ 14.625, 14.125, 14.875, 14.25 ], "texture": "#voxels_atlas" },
				"up": { "uv": [ 14.875, 14.25, 15.125, 14.125 ], "texture": "#voxels_atlas" },
				"north": { "uv": [ 15.375, 14.125, 15.125, 14.25 ], "texture": "#voxels_atlas" },
				"south": { "uv": [ 15.375, 14.125, 15.625, 14.25 ], "texture": "#voxels_atlas" },
				"west": { "uv": [ 11.5, 13.875, 11.625, 14 ], "texture": "#voxels_atlas" },
				"east": { "uv": [ 11.75, 13.875, 11.625, 14 ], "texture": "#voxels_atlas" }
			}
		},
		{
			"__comment": "Voxels",
			"from": [ 4.9524, 0.254, 2.2857 ],
			"to": [ 5.079384, 0.3809841, 2.412684 ],
			"faces": {
				"down": { "uv": [ 11.75, 13.875, 11.875, 14 ], "texture": "#voxels_atlas" },
				"up": { "uv": [ 11.875, 14, 12, 13.875 ], "texture": "#voxels_atlas" },
				"north": { "uv": [ 12.125, 13.875, 12, 14 ], "texture": "#voxels_atlas" },
				"south": { "uv": [ 12.125, 13.875, 12.25, 14 ], "texture": "#voxels_atlas" },
				"west": { "uv": [ 12.25, 13.875, 12.375, 14 ], "texture": "#voxels_atlas" },
				"east": { "uv": [ 12.5, 13.875, 12.375, 14 ], "texture": "#voxels_atlas" }
			}
		},
		{
			"__comment": "Voxels",
			"from": [ 4.9524, 0.254, 4.0635 ],
			"to": [ 5.333352, 0.3809841, 4.952389 ],
			"faces": {
				"down": { "uv": [ 3.375, 8.375, 3.75, 9.25 ], "texture": "#voxels_atlas" },
				"up": { "uv": [ 3.75, 9.25, 4.125, 8.375 ], "texture": "#voxels_atlas" },
				"north": { "uv": [ 9.625, 13.875, 9.25, 14 ], "texture": "#voxels_atlas" },
				"south": { "uv": [ 9.25, 13.75, 9.625, 13.875 ], "texture": "#voxels_atlas" },
				"west": { "uv": [ 7.625, 12.5, 8.5, 12.625 ], "texture": "#voxels_atlas" },
				"east": { "uv": [ 8.5, 12.625, 7.625, 12.75 ], "texture": "#voxels_atlas" }
			}
		},
		{
			"__comment": "Voxels",
			"from": [ 5.0794, 0, 2.0317 ],
			"to": [ 5.206384, 0.1269841, 2.158684 ],
			"faces": {
				"down": { "uv": [ 13.25, 13.875, 13.375, 14 ], "texture": "#voxels_atlas" },
				"up": { "uv": [ 13.375, 14, 13.5, 13.875 ], "texture": "#voxels_atlas" },
				"north": { "uv": [ 13.625, 13.875, 13.5, 14 ], "texture": "#voxels_atlas" },
				"south": { "uv": [ 13.625, 13.875, 13.75, 14 ], "texture": "#voxels_atlas" },
				"west": { "uv": [ 13.75, 13.875, 13.875, 14 ], "texture": "#voxels_atlas" },
				"east": { "uv": [ 14, 13.875, 13.875, 14 ], "texture": "#voxels_atlas" }
			}
		},
		{
			"__comment": "Voxels",
			"from": [ 5.0794, 0, 3.4286 ],
			"to": [ 5.206384, 0.1269841, 4.06352 ],
			"faces": {
				"down": { "uv": [ 1.75, 8, 1.875, 8.625 ], "texture": "#voxels_atlas" },
				"up": { "uv": [ 3.25, 9.125, 3.375, 8.5 ], "texture": "#voxels_atlas" },
				"north": { "uv": [ 14.375, 13.875, 14.25, 14 ], "texture": "#voxels_atlas" },
				"south": { "uv": [ 14.375, 13.875, 14.5, 14 ], "texture": "#voxels_atlas" },
				"west": { "uv": [ 11.625, 14.875, 12.25, 15 ], "texture": "#voxels_atlas" },
				"east": { "uv": [ 9.125, 13.25, 8.5, 13.375 ], "texture": "#voxels_atlas" }
			}
		},
		{
			"__comment": "Voxels",
			"from": [ 5.0794, 0.127, 1.9048 ],
			"to": [ 5.460352, 0.2539842, 2.031784 ],
			"faces": {
				"down": { "uv": [ 9.25, 12.875, 9.625, 13 ], "texture": "#voxels_atlas" },
				"up": { "uv": [ 9.25, 12.875, 9.625, 12.75 ], "texture": "#voxels_atlas" },
				"north": { "uv": [ 9.625, 12.625, 9.25, 12.75 ], "texture": "#voxels_atlas" },
				"south": { "uv": [ 9.25, 8.75, 9.625, 8.875 ], "texture": "#voxels_atlas" },
				"west": { "uv": [ 15.25, 13.875, 15.375, 14 ], "texture": "#voxels_atlas" },
				"east": { "uv": [ 15.5, 13.875, 15.375, 14 ], "texture": "#voxels_atlas" }
			}
		},
		{
			"__comment": "Voxels",
			"from": [ 5.0794, 0.254, 2.0317 ],
			"to": [ 5.206384, 0.3809841, 2.158684 ],
			"faces": {
				"down": { "uv": [ 15.5, 13.875, 15.625, 14 ], "texture": "#voxels_atlas" },
				"up": { "uv": [ 15.625, 14, 15.75, 13.875 ], "texture": "#voxels_atlas" },
				"north": { "uv": [ 15.875, 13.875, 15.75, 14 ], "texture": "#voxels_atlas" },
				"south": { "uv": [ 15.875, 13.875, 16, 14 ], "texture": "#voxels_atlas" },
				"west": { "uv": [ 10, 13.75, 10.125, 13.875 ], "texture": "#voxels_atlas" },
				"east": { "uv": [ 10.125, 13.625, 10, 13.75 ], "texture": "#voxels_atlas" }
			}
		},
		{
			"__comment": "Voxels",
			"from": [ 5.0794, 0.254, 3.4286 ],
			"to": [ 5.206384, 0.3809841, 4.06352 ],
			"faces": {
				"down": { "uv": [ 4, 13.375, 4.125, 14 ], "texture": "#voxels_atlas" },
				"up": { "uv": [ 4, 12.375, 4.125, 11.75 ], "texture": "#voxels_atlas" },
				"north": { "uv": [ 10.125, 13.25, 10, 13.375 ], "texture": "#voxels_atlas" },
				"south": { "uv": [ 10, 13.125, 10.125, 13.25 ], "texture": "#voxels_atlas" },
				"west": { "uv": [ 8.5, 13.125, 9.125, 13.25 ], "texture": "#voxels_atlas" },
				"east": { "uv": [ 9.125, 13, 8.5, 13.125 ], "texture": "#voxels_atlas" }
			}
		},
		{
			"__comment": "Voxels",
			"from": [ 5.2063, 0, 3.6825 ],
			"to": [ 5.333284, 0.3809524, 4.063452 ],
			"faces": {
				"down": { "uv": [ 4, 13, 4.125, 13.375 ], "texture": "#voxels_atlas" },
				"up": { "uv": [ 4, 8.375, 4.125, 8 ], "texture": "#voxels_atlas" },
				"north": { "uv": [ 4.875, 10.5, 4.75, 10.875 ], "texture": "#voxels_atlas" },
				"south": { "uv": [ 4.875, 10.5, 5, 10.875 ], "texture": "#voxels_atlas" },
				"west": { "uv": [ 7.125, 12.25, 7.5, 12.625 ], "texture": "#voxels_atlas" },
				"east": { "uv": [ 5, 8, 4.625, 8.375 ], "texture": "#voxels_atlas" }
			}
		},
		{
			"__comment": "Voxels",
			"from": [ 5.2063, 0.127, 1.7778 ],
			"to": [ 5.587252, 0.2539842, 1.904784 ],
			"faces": {
				"down": { "uv": [ 9.25, 11.625, 9.625, 11.75 ], "texture": "#voxels_atlas" },
				"up": { "uv": [ 9.25, 11.625, 9.625, 11.5 ], "texture": "#voxels_atlas" },
				"north": { "uv": [ 9.625, 11.375, 9.25, 11.5 ], "texture": "#voxels_atlas" },
				"south": { "uv": [ 9.25, 11.25, 9.625, 11.375 ], "texture": "#voxels_atlas" },
				"west": { "uv": [ 10, 11.5, 10.125, 11.625 ], "texture": "#voxels_atlas" },
				"east": { "uv": [ 10.125, 11.375, 10, 11.5 ], "texture": "#voxels_atlas" }
			}
		},
		{
			"__comment": "Voxels",
			"from": [ 5.2063, 0.127, 3.3016 ],
			"to": [ 5.333284, 0.2539842, 3.682552 ],
			"faces": {
				"down": { "uv": [ 4.75, 10.125, 4.875, 10.5 ], "texture": "#voxels_atlas" },
				"up": { "uv": [ 4.875, 10.5, 5, 10.125 ], "texture": "#voxels_atlas" },
				"north": { "uv": [ 10.125, 11, 10, 11.125 ], "texture": "#voxels_atlas" },
				"south": { "uv": [ 10, 10.875, 10.125, 11 ], "texture": "#voxels_atlas" },
				"west": { "uv": [ 9.25, 11.125, 9.625, 11.25 ], "texture": "#voxels_atlas" },
				"east": { "uv": [ 9.625, 11, 9.25, 11.125 ], "texture": "#voxels_atlas" }
			}
		},
		{
			"__comment": "Voxels",
			"from": [ 5.2063, 0.127, 4.0635 ],
			"to": [ 5.460268, 0.2539842, 4.190484 ],
			"faces": {
				"down": { "uv": [ 9.625, 11.625, 9.875, 11.75 ], "texture": "#voxels_atlas" },
				"up": { "uv": [ 9.625, 11.625, 9.875, 11.5 ], "texture": "#voxels_atlas" },
				"north": { "uv": [ 9.875, 11.375, 9.625, 11.5 ], "texture": "#voxels_atlas" },
				"south": { "uv": [ 9.625, 11.25, 9.875, 11.375 ], "texture": "#voxels_atlas" },
				"west": { "uv": [ 10, 10, 10.125, 10.125 ], "texture": "#voxels_atlas" },
				"east": { "uv": [ 10.125, 9.875, 10, 10 ], "texture": "#voxels_atlas" }
			}
		},
		{
			"__comment": "Voxels",
			"from": [ 5.3333, 0, 4.3175 ],
			"to": [ 5.460284, 0.1269841, 4.952421 ],
			"faces": {
				"down": { "uv": [ 4, 11.125, 4.125, 11.75 ], "texture": "#voxels_atlas" },
				"up": { "uv": [ 8.5, 12.875, 8.625, 12.25 ], "texture": "#voxels_atlas" },
				"north": { "uv": [ 10.125, 9.5, 10, 9.625 ], "texture": "#voxels_atlas" },
				"south": { "uv": [ 10, 9.375, 10.125, 9.5 ], "texture": "#voxels_atlas" },
				"west": { "uv": [ 8.5, 12.125, 9.125, 12.25 ], "texture": "#voxels_atlas" },
				"east": { "uv": [ 9.125, 12, 8.5, 12.125 ], "texture": "#voxels_atlas" }
			}
		},
		{
			"__comment": "Voxels",
			"from": [ 5.3333, 0.127, 1.6508 ],
			"to": [ 5.714252, 0.2539842, 1.777784 ],
			"faces": {
				"down": { "uv": [ 9.25, 10.375, 9.625, 10.5 ], "texture": "#voxels_atlas" },
				"up": { "uv": [ 9.25, 10.375, 9.625, 10.25 ], "texture": "#voxels_atlas" },
				"north": { "uv": [ 9.625, 10.125, 9.25, 10.25 ], "texture": "#voxels_atlas" },
				"south": { "uv": [ 9.25, 10, 9.625, 10.125 ], "texture": "#voxels_atlas" },
				"west": { "uv": [ 10, 8.5, 10.125, 8.625 ], "texture": "#voxels_atlas" },
				"east": { "uv": [ 10.125, 8.375, 10, 8.5 ], "texture": "#voxels_atlas" }
			}
		},
		{
			"__comment": "Voxels",
			"from": [ 5.3333, 0.127, 3.6825 ],
			"to": [ 5.460284, 0.2539842, 4.063452 ],
			"faces": {
				"down": { "uv": [ 4.75, 9.75, 4.875, 10.125 ], "texture": "#voxels_atlas" },
				"up": { "uv": [ 4.875, 10.125, 5, 9.75 ], "texture": "#voxels_atlas" },
				"north": { "uv": [ 10.125, 8, 10, 8.125 ], "texture": "#voxels_atlas" },
				"south": { "uv": [ 10.125, 13.75, 10.25, 13.875 ], "texture": "#voxels_atlas" },
				"west": { "uv": [ 9.25, 9.875, 9.625, 10 ], "texture": "#voxels_atlas" },
				"east": { "uv": [ 9.625, 9.75, 9.25, 9.875 ], "texture": "#voxels_atlas" }
			}
		},
		{
			"__comment": "Voxels",
			"from": [ 5.3333, 0.254, 4.3175 ],
			"to": [ 5.460284, 0.3809841, 4.952421 ],
			"faces": {
				"down": { "uv": [ 8.625, 12.25, 8.75, 12.875 ], "texture": "#voxels_atlas" },
				"up": { "uv": [ 8.75, 12.875, 8.875, 12.25 ], "texture": "#voxels_atlas" },
				"north": { "uv": [ 10.875, 13.75, 10.75, 13.875 ], "texture": "#voxels_atlas" },
				"south": { "uv": [ 10.875, 13.75, 11, 13.875 ], "texture": "#voxels_atlas" },
				"west": { "uv": [ 8.5, 11.25, 9.125, 11.375 ], "texture": "#voxels_atlas" },
				"east": { "uv": [ 9.125, 11.125, 8.5, 11.25 ], "texture": "#voxels_atlas" }
			}
		},
		{
			"__comment": "Voxels",
			"from": [ 5.4603, 0.127, 4.3175 ],
			"to": [ 5.587284, 0.2539842, 4.825437 ],
			"faces": {
				"down": { "uv": [ 8.875, 12.375, 9, 12.875 ], "texture": "#voxels_atlas" },
				"up": { "uv": [ 9, 12.875, 9.125, 12.375 ], "texture": "#voxels_atlas" },
				"north": { "uv": [ 11.625, 13.75, 11.5, 13.875 ], "texture": "#voxels_atlas" },
				"south": { "uv": [ 11.625, 13.75, 11.75, 13.875 ], "texture": "#voxels_atlas" },
				"west": { "uv": [ 12.625, 14.5, 13.125, 14.625 ], "texture": "#voxels_atlas" },
				"east": { "uv": [ 13.625, 14.5, 13.125, 14.625 ], "texture": "#voxels_atlas" }
			}
		},
		{
			"__comment": "Voxels",
			"from": [ 5.5873, 0.127, 1.5238 ],
			"to": [ 5.714284, 0.2539842, 1.650784 ],
			"faces": {
				"down": { "uv": [ 12, 13.75, 12.125, 13.875 ], "texture": "#voxels_atlas" },
				"up": { "uv": [ 12.125, 13.875, 12.25, 13.75 ], "texture": "#voxels_atlas" },
				"north": { "uv": [ 12.375, 13.75, 12.25, 13.875 ], "texture": "#voxels_atlas" },
				"south": { "uv": [ 12.375, 13.75, 12.5, 13.875 ], "texture": "#voxels_atlas" },
				"west": { "uv": [ 12.5, 13.75, 12.625, 13.875 ], "texture": "#voxels_atlas" },
				"east": { "uv": [ 12.75, 13.75, 12.625, 13.875 ], "texture": "#voxels_atlas" }
			}
		}
	],
	"display": {
		"thirdperson_righthand": {
			"rotation":  [ 90, 0, 90 ],
			"translation":  [ -15.5, 6, 10 ],
			"scale":  [ 2, 2, 2 ]
		},
		"thirdperson_lefthand": {
			"rotation":  [ 90, 0, 90 ],
			"translation":  [ -16, 6, -6.5 ],
			"scale":  [ 2, 2, 2 ]
		},
		"firstperson_righthand": {
			"rotation":  [ 90, 0, 90 ],
			"translation":  [ -8, 5.5648, 7 ]
		},
		"firstperson_lefthand": {
			"rotation":  [ 90, 0, -90 ],
			"translation":  [ 7.5, 5.5648, 7 ]
		},
		"gui": {
			"rotation":  [ 90, -45, 0 ],
			"translation":  [ 3, -4, 0 ],
			"scale":  [ 1.25, 1.25, 1.25 ]
		},
		"head": {
			"translation":  [ 8, 23, -4 ],
			"scale":  [ 2, 2, 2 ]
		},
		"ground": {
			"translation":  [ 4.5, 5, 0 ]
		},
		"fixed": {
			"rotation":  [ 90, 0, 0 ],
			"translation":  [ 4, 0, 8 ]
		}
	}
}