{
	"__comment": "Designed by Dragon2212 with Cubik Studio - https://cubik.studio",
	"textures": {
		"voxels_atlas": "items/ares"
	},
	"elements": [ 	 
		{
			"__comment": "Voxels",
			"from": [ 3.1667, 0.1667, 10.6667 ],
			"to": [ 3.333367, 0.3333667, 11.33337 ],
			"faces": {
				"down": { "uv": [ 15.75, 15, 16, 16 ], "texture": "#voxels_atlas" },
				"up": { "uv": [ 15.5, 16, 15.75, 15 ], "texture": "#voxels_atlas" },
				"north": { "uv": [ 8.75, 6.75, 8.5, 7 ], "texture": "#voxels_atlas" },
				"south": { "uv": [ 8.5, 5.25, 8.75, 5.5 ], "texture": "#voxels_atlas" },
				"west": { "uv": [ 15, 12, 16, 12.25 ], "texture": "#voxels_atlas" },
				"east": { "uv": [ 16, 9.5, 15, 9.75 ], "texture": "#voxels_atlas" }
			}
		},
		{
			"__comment": "Voxels",
			"from": [ 3.3333, 0.1667, 11 ],
			"to": [ 3.499967, 0.3333667, 11.5 ],
			"faces": {
				"down": { "uv": [ 15.5, 14.25, 15.75, 15 ], "texture": "#voxels_atlas" },
				"up": { "uv": [ 15.75, 15, 16, 14.25 ], "texture": "#voxels_atlas" },
				"north": { "uv": [ 8.75, 3, 8.5, 3.25 ], "texture": "#voxels_atlas" },
				"south": { "uv": [ 8.5, 2.75, 8.75, 3 ], "texture": "#voxels_atlas" },
				"west": { "uv": [ 5.5, 1.25, 6.25, 1.5 ], "texture": "#voxels_atlas" },
				"east": { "uv": [ 6.25, 1, 5.5, 1.25 ], "texture": "#voxels_atlas" }
			}
		},
		{
			"__comment": "Voxels",
			"from": [ 3.3333, 0.1667, 11.8333 ],
			"to": [ 3.666633, 0.3333667, 11.99997 ],
			"faces": {
				"down": { "uv": [ 15.5, 14, 16, 14.25 ], "texture": "#voxels_atlas" },
				"up": { "uv": [ 15.5, 14, 16, 13.75 ], "texture": "#voxels_atlas" },
				"north": { "uv": [ 16, 13, 15.5, 13.25 ], "texture": "#voxels_atlas" },
				"south": { "uv": [ 5.75, 3.25, 6.25, 3.5 ], "texture": "#voxels_atlas" },
				"west": { "uv": [ 8.5, 2.5, 8.75, 2.75 ], "texture": "#voxels_atlas" },
				"east": { "uv": [ 8.75, 1.5, 8.5, 1.75 ], "texture": "#voxels_atlas" }
			}
		},
		{
			"__comment": "Voxels",
			"from": [ 3.3333, 0.1667, 12 ],
			"to": [ 3.499967, 0.3333667, 12.5 ],
			"faces": {
				"down": { "uv": [ 2.25, 9, 2.5, 9.75 ], "texture": "#voxels_atlas" },
				"up": { "uv": [ 2, 7.5, 2.25, 6.75 ], "texture": "#voxels_atlas" },
				"north": { "uv": [ 8.75, 1.25, 8.5, 1.5 ], "texture": "#voxels_atlas" },
				"south": { "uv": [ 8.5, 1, 8.75, 1.25 ], "texture": "#voxels_atlas" },
				"west": { "uv": [ 6.5, 2.25, 7.25, 2.5 ], "texture": "#voxels_atlas" },
				"east": { "uv": [ 6.25, 2.25, 5.5, 2.5 ], "texture": "#voxels_atlas" }
			}
		},
		{
			"__comment": "Voxels",
			"from": [ 3.5, 0.1667, 11.1667 ],
			"to": [ 4, 0.3333667, 11.33337 ],
			"faces": {
				"down": { "uv": [ 6.5, 1.75, 7.25, 2 ], "texture": "#voxels_atlas" },
				"up": { "uv": [ 6.5, 1.75, 7.25, 1.5 ], "texture": "#voxels_atlas" },
				"north": { "uv": [ 7.25, 1.25, 6.5, 1.5 ], "texture": "#voxels_atlas" },
				"south": { "uv": [ 6.5, 1, 7.25, 1.25 ], "texture": "#voxels_atlas" },
				"west": { "uv": [ 3.5, 9, 3.75, 9.25 ], "texture": "#voxels_atlas" },
				"east": { "uv": [ 3.75, 8, 3.5, 8.25 ], "texture": "#voxels_atlas" }
			}
		},
		{
			"__comment": "Voxels",
			"from": [ 3.5, 0.1667, 11.3333 ],
			"to": [ 3.833333, 0.3333667, 11.49997 ],
			"faces": {
				"down": { "uv": [ 7.25, 3.25, 7.75, 3.5 ], "texture": "#voxels_atlas" },
				"up": { "uv": [ 7.25, 3.25, 7.75, 3 ], "texture": "#voxels_atlas" },
				"north": { "uv": [ 7.75, 2.75, 7.25, 3 ], "texture": "#voxels_atlas" },
				"south": { "uv": [ 13.75, 7.5, 14.25, 7.75 ], "texture": "#voxels_atlas" },
				"west": { "uv": [ 8.5, 4, 8.75, 4.25 ], "texture": "#voxels_atlas" },
				"east": { "uv": [ 8.75, 4.25, 8.5, 4.5 ], "texture": "#voxels_atlas" }
			}
		},
		{
			"__comment": "Voxels",
			"from": [ 3.5, 0.1667, 11.5 ],
			"to": [ 3.666667, 0.3333667, 11.83333 ],
			"faces": {
				"down": { "uv": [ 8.25, 7, 8.5, 7.5 ], "texture": "#voxels_atlas" },
				"up": { "uv": [ 6.25, 0.5, 6.5, 0 ], "texture": "#voxels_atlas" },
				"north": { "uv": [ 8.75, 7, 8.5, 7.25 ], "texture": "#voxels_atlas" },
				"south": { "uv": [ 15.75, 7.25, 16, 7.5 ], "texture": "#voxels_atlas" },
				"west": { "uv": [ 11.75, 7.5, 12.25, 7.75 ], "texture": "#voxels_atlas" },
				"east": { "uv": [ 11.75, 7.5, 11.25, 7.75 ], "texture": "#voxels_atlas" }
			}
		},
		{
			"__comment": "Voxels",
			"from": [ 3.5, 0.1667, 12.3333 ],
			"to": [ 3.666667, 0.3333667, 13.49997 ],
			"faces": {
				"down": { "uv": [ 6.25, 7.75, 6.5, 9.5 ], "texture": "#voxels_atlas" },
				"up": { "uv": [ 6.25, 7.75, 6.5, 6 ], "texture": "#voxels_atlas" },
				"north": { "uv": [ 14.75, 7.25, 14.5, 7.5 ], "texture": "#voxels_atlas" },
				"south": { "uv": [ 14.25, 7.25, 14.5, 7.5 ], "texture": "#voxels_atlas" },
				"west": { "uv": [ 9.75, 9.5, 11.5, 9.75 ], "texture": "#voxels_atlas" },
				"east": { "uv": [ 15, 9.5, 13.25, 9.75 ], "texture": "#voxels_atlas" }
			}
		},
		{
			"__comment": "Voxels",
			"from": [ 3.6667, 0.1667, 10 ],
			"to": [ 5.6667, 0.3333667, 10.33333 ],
			"faces": {
				"down": { "uv": [ 5.5, 13.75, 8.5, 14.25 ], "texture": "#voxels_atlas" },
				"up": { "uv": [ 2.5, 14.25, 5.5, 13.75 ], "texture": "#voxels_atlas" },
				"north": { "uv": [ 15.5, 13, 12.5, 13.25 ], "texture": "#voxels_atlas" },
				"south": { "uv": [ 6.75, 12.25, 9.75, 12.5 ], "texture": "#voxels_atlas" },
				"west": { "uv": [ 10.75, 7.5, 11.25, 7.75 ], "texture": "#voxels_atlas" },
				"east": { "uv": [ 8.25, 0.75, 7.75, 1 ], "texture": "#voxels_atlas" }
			}
		},
		{
			"__comment": "Voxels",
			"from": [ 3.6667, 0.1667, 13.3333 ],
			"to": [ 3.833367, 0.3333667, 13.66663 ],
			"faces": {
				"down": { "uv": [ 6.25, 0.5, 6.5, 1 ], "texture": "#voxels_atlas" },
				"up": { "uv": [ 6.25, 1.5, 6.5, 1 ], "texture": "#voxels_atlas" },
				"north": { "uv": [ 8.5, 2, 8.25, 2.25 ], "texture": "#voxels_atlas" },
				"south": { "uv": [ 8.25, 2.25, 8.5, 2.5 ], "texture": "#voxels_atlas" },
				"west": { "uv": [ 7.75, 3.25, 8.25, 3.5 ], "texture": "#voxels_atlas" },
				"east": { "uv": [ 9.75, 7.5, 9.25, 7.75 ], "texture": "#voxels_atlas" }
			}
		},
		{
			"__comment": "Voxels",
			"from": [ 3.8333, 0.1667, 9.666699 ],
			"to": [ 5.8333, 0.3333667, 10.00003 ],
			"faces": {
				"down": { "uv": [ 8.5, 13.75, 11.5, 14.25 ], "texture": "#voxels_atlas" },
				"up": { "uv": [ 11.5, 14.25, 14.5, 13.75 ], "texture": "#voxels_atlas" },
				"north": { "uv": [ 12.75, 12.25, 9.75, 12.5 ], "texture": "#voxels_atlas" },
				"south": { "uv": [ 3.75, 12.25, 6.75, 12.5 ], "texture": "#voxels_atlas" },
				"west": { "uv": [ 7.75, 4.25, 8.25, 4.5 ], "texture": "#voxels_atlas" },
				"east": { "uv": [ 8.25, 3.5, 7.75, 3.75 ], "texture": "#voxels_atlas" }
			}
		},
		{
			"__comment": "Voxels",
			"from": [ 3.8333, 0.1667, 10.3333 ],
			"to": [ 5.666633, 0.3333667, 10.66663 ],
			"faces": {
				"down": { "uv": [ 5.25, 13.25, 8, 13.75 ], "texture": "#voxels_atlas" },
				"up": { "uv": [ 2.5, 13.75, 5.25, 13.25 ], "texture": "#voxels_atlas" },
				"north": { "uv": [ 9.25, 11, 6.5, 11.25 ], "texture": "#voxels_atlas" },
				"south": { "uv": [ 9.25, 11, 12, 11.25 ], "texture": "#voxels_atlas" },
				"west": { "uv": [ 7.75, 3.75, 8.25, 4 ], "texture": "#voxels_atlas" },
				"east": { "uv": [ 8.25, 4, 7.75, 4.25 ], "texture": "#voxels_atlas" }
			}
		},
		{
			"__comment": "Voxels",
			"from": [ 3.8333, 0.1667, 11 ],
			"to": [ 5.666633, 0.3333667, 11.16667 ],
			"faces": {
				"down": { "uv": [ 12, 11, 14.75, 11.25 ], "texture": "#voxels_atlas" },
				"up": { "uv": [ 3.75, 11, 6.5, 10.75 ], "texture": "#voxels_atlas" },
				"north": { "uv": [ 9.25, 10.75, 6.5, 11 ], "texture": "#voxels_atlas" },
				"south": { "uv": [ 12, 11.25, 14.75, 11.5 ], "texture": "#voxels_atlas" },
				"west": { "uv": [ 8.25, 5.25, 8.5, 5.5 ], "texture": "#voxels_atlas" },
				"east": { "uv": [ 16, 7.5, 15.75, 7.75 ], "texture": "#voxels_atlas" }
			}
		},
		{
			"__comment": "Voxels",
			"from": [ 3.8333, 0.1667, 13.5 ],
			"to": [ 3.999967, 0.3333667, 13.83333 ],
			"faces": {
				"down": { "uv": [ 8.25, 5.5, 8.5, 6 ], "texture": "#voxels_atlas" },
				"up": { "uv": [ 8.25, 7, 8.5, 6.5 ], "texture": "#voxels_atlas" },
				"north": { "uv": [ 7.75, 4.5, 7.5, 4.75 ], "texture": "#voxels_atlas" },
				"south": { "uv": [ 7.5, 5.75, 7.75, 6 ], "texture": "#voxels_atlas" },
				"west": { "uv": [ 8.75, 7.5, 9.25, 7.75 ], "texture": "#voxels_atlas" },
				"east": { "uv": [ 8.75, 7.5, 8.25, 7.75 ], "texture": "#voxels_atlas" }
			}
		},
		{
			"__comment": "Voxels",
			"from": [ 4, 0.1667, 9.5 ],
			"to": [ 5.833333, 0.3333667, 9.666667 ],
			"faces": {
				"down": { "uv": [ 6.5, 11.75, 9.25, 12 ], "texture": "#voxels_atlas" },
				"up": { "uv": [ 9.25, 12, 12, 11.75 ], "texture": "#voxels_atlas" },
				"north": { "uv": [ 14.75, 11.75, 12, 12 ], "texture": "#voxels_atlas" },
				"south": { "uv": [ 3.75, 11.5, 6.5, 11.75 ], "texture": "#voxels_atlas" },
				"west": { "uv": [ 7.5, 6.5, 7.75, 6.75 ], "texture": "#voxels_atlas" },
				"east": { "uv": [ 7.75, 7.25, 7.5, 7.5 ], "texture": "#voxels_atlas" }
			}
		},
		{
			"__comment": "Voxels",
			"from": [ 4, 0.1667, 10.6667 ],
			"to": [ 5.666667, 0.3333667, 11.00003 ],
			"faces": {
				"down": { "uv": [ 0, 4, 2.5, 4.5 ], "texture": "#voxels_atlas" },
				"up": { "uv": [ 0, 2.5, 2.5, 2 ], "texture": "#voxels_atlas" },
				"north": { "uv": [ 13.75, 10.5, 11.25, 10.75 ], "texture": "#voxels_atlas" },
				"south": { "uv": [ 3.75, 10, 6.25, 10.25 ], "texture": "#voxels_atlas" },
				"west": { "uv": [ 7.75, 0.25, 8.25, 0.5 ], "texture": "#voxels_atlas" },
				"east": { "uv": [ 8.25, 2.75, 7.75, 3 ], "texture": "#voxels_atlas" }
			}
		},
		{
			"__comment": "Voxels",
			"from": [ 4, 0.1667, 13.6667 ],
			"to": [ 4.166667, 0.3333667, 13.83337 ],
			"faces": {
				"down": { "uv": [ 6, 4.5, 6.25, 4.75 ], "texture": "#voxels_atlas" },
				"up": { "uv": [ 6, 6, 6.25, 5.75 ], "texture": "#voxels_atlas" },
				"north": { "uv": [ 6.25, 6, 6, 6.25 ], "texture": "#voxels_atlas" },
				"south": { "uv": [ 6, 6.25, 6.25, 6.5 ], "texture": "#voxels_atlas" },
				"west": { "uv": [ 15.75, 12.25, 16, 12.5 ], "texture": "#voxels_atlas" },
				"east": { "uv": [ 3.75, 10.75, 3.5, 11 ], "texture": "#voxels_atlas" }
			}
		},
		{
			"__comment": "Voxels",
			"from": [ 4.1667, 0.1667, 9 ],
			"to": [ 6.000033, 0.3333667, 9.166667 ],
			"faces": {
				"down": { "uv": [ 3.75, 11, 6.5, 11.25 ], "texture": "#voxels_atlas" },
				"up": { "uv": [ 6.75, 12.25, 9.5, 12 ], "texture": "#voxels_atlas" },
				"north": { "uv": [ 9.25, 11.5, 6.5, 11.75 ], "texture": "#voxels_atlas" },
				"south": { "uv": [ 9.25, 11.5, 12, 11.75 ], "texture": "#voxels_atlas" },
				"west": { "uv": [ 2.25, 8.75, 2.5, 9 ], "texture": "#voxels_atlas" },
				"east": { "uv": [ 8.75, 2.25, 8.5, 2.5 ], "texture": "#voxels_atlas" }
			}
		},
		{
			"__comment": "Voxels",
			"from": [ 4.1667, 0.1667, 9.166699 ],
			"to": [ 5.833366, 0.3333667, 9.500032 ],
			"faces": {
				"down": { "uv": [ 0, 5, 2.5, 5.5 ], "texture": "#voxels_atlas" },
				"up": { "uv": [ 0, 3, 2.5, 2.5 ], "texture": "#voxels_atlas" },
				"north": { "uv": [ 8.75, 10.25, 6.25, 10.5 ], "texture": "#voxels_atlas" },
				"south": { "uv": [ 6.25, 10, 8.75, 10.25 ], "texture": "#voxels_atlas" },
				"west": { "uv": [ 7.75, 2.25, 8.25, 2.5 ], "texture": "#voxels_atlas" },
				"east": { "uv": [ 14.75, 7.5, 14.25, 7.75 ], "texture": "#voxels_atlas" }
			}
		},
		{
			"__comment": "Voxels",
			"from": [ 4.1667, 0.1667, 13.8333 ],
			"to": [ 4.333366, 0.3333667, 13.99997 ],
			"faces": {
				"down": { "uv": [ 8.5, 5.5, 8.75, 5.75 ], "texture": "#voxels_atlas" },
				"up": { "uv": [ 8.5, 6.25, 8.75, 6 ], "texture": "#voxels_atlas" },
				"north": { "uv": [ 7.75, 7, 7.5, 7.25 ], "texture": "#voxels_atlas" },
				"south": { "uv": [ 15.5, 7.25, 15.75, 7.5 ], "texture": "#voxels_atlas" },
				"west": { "uv": [ 14.75, 7.25, 15, 7.5 ], "texture": "#voxels_atlas" },
				"east": { "uv": [ 14.25, 7.25, 14, 7.5 ], "texture": "#voxels_atlas" }
			}
		},
		{
			"__comment": "Voxels",
			"from": [ 4.3333, 0.1667, 8.5 ],
			"to": [ 6.166634, 0.3333667, 8.666667 ],
			"faces": {
				"down": { "uv": [ 3.75, 11.75, 6.5, 12 ], "texture": "#voxels_atlas" },
				"up": { "uv": [ 12.25, 12.25, 15, 12 ], "texture": "#voxels_atlas" },
				"north": { "uv": [ 12.25, 12, 9.5, 12.25 ], "texture": "#voxels_atlas" },
				"south": { "uv": [ 9.25, 10.75, 12, 11 ], "texture": "#voxels_atlas" },
				"west": { "uv": [ 13.25, 7.25, 13.5, 7.5 ], "texture": "#voxels_atlas" },
				"east": { "uv": [ 13.25, 7.25, 13, 7.5 ], "texture": "#voxels_atlas" }
			}
		},
		{
			"__comment": "Voxels",
			"from": [ 4.3333, 0.1667, 8.666699 ],
			"to": [ 5.999967, 0.3333667, 9.000032 ],
			"faces": {
				"down": { "uv": [ 0, 5.5, 2.5, 6 ], "texture": "#voxels_atlas" },
				"up": { "uv": [ 0, 5, 2.5, 4.5 ], "texture": "#voxels_atlas" },
				"north": { "uv": [ 8.75, 9.75, 6.25, 10 ], "texture": "#voxels_atlas" },
				"south": { "uv": [ 3.75, 9.75, 6.25, 10 ], "texture": "#voxels_atlas" },
				"west": { "uv": [ 15.5, 9, 16, 9.25 ], "texture": "#voxels_atlas" },
				"east": { "uv": [ 6.25, 2.5, 5.75, 2.75 ], "texture": "#voxels_atlas" }
			}
		},
		{
			"__comment": "Voxels",
			"from": [ 4.3333, 0.1667, 11.1667 ],
			"to": [ 5.499967, 0.3333667, 11.33337 ],
			"faces": {
				"down": { "uv": [ 3.75, 1.5, 5.5, 1.75 ], "texture": "#voxels_atlas" },
				"up": { "uv": [ 3.75, 2.5, 5.5, 2.25 ], "texture": "#voxels_atlas" },
				"north": { "uv": [ 5.5, 1, 3.75, 1.25 ], "texture": "#voxels_atlas" },
				"south": { "uv": [ 6.5, 9.25, 8.25, 9.5 ], "texture": "#voxels_atlas" },
				"west": { "uv": [ 12.25, 7.25, 12.5, 7.5 ], "texture": "#voxels_atlas" },
				"east": { "uv": [ 12.25, 7.25, 12, 7.5 ], "texture": "#voxels_atlas" }
			}
		},
		{
			"__comment": "Voxels",
			"from": [ 4.3333, 0.1667, 14 ],
			"to": [ 5.3333, 0.3333667, 14.16667 ],
			"faces": {
				"down": { "uv": [ 11, 9, 12.5, 9.25 ], "texture": "#voxels_atlas" },
				"up": { "uv": [ 8, 9, 9.5, 8.75 ], "texture": "#voxels_atlas" },
				"north": { "uv": [ 11, 8.75, 9.5, 9 ], "texture": "#voxels_atlas" },
				"south": { "uv": [ 8.25, 9.25, 9.75, 9.5 ], "texture": "#voxels_atlas" },
				"west": { "uv": [ 11.75, 7.25, 12, 7.5 ], "texture": "#voxels_atlas" },
				"east": { "uv": [ 11.75, 7.25, 11.5, 7.5 ], "texture": "#voxels_atlas" }
			}
		},
		{
			"__comment": "Voxels",
			"from": [ 4.5, 0.1667, 7.8333 ],
			"to": [ 6.333333, 0.3333667, 7.999966 ],
			"faces": {
				"down": { "uv": [ 9.25, 11.25, 12, 11.5 ], "texture": "#voxels_atlas" },
				"up": { "uv": [ 6.5, 11.5, 9.25, 11.25 ], "texture": "#voxels_atlas" },
				"north": { "uv": [ 6.5, 11.25, 3.75, 11.5 ], "texture": "#voxels_atlas" },
				"south": { "uv": [ 12, 11.5, 14.75, 11.75 ], "texture": "#voxels_atlas" },
				"west": { "uv": [ 10.25, 7.25, 10.5, 7.5 ], "texture": "#voxels_atlas" },
				"east": { "uv": [ 10.25, 7.25, 10, 7.5 ], "texture": "#voxels_atlas" }
			}
		},
		{
			"__comment": "Voxels",
			"from": [ 4.5, 0.1667, 8 ],
			"to": [ 6.166667, 0.3333667, 8.5 ],
			"faces": {
				"down": { "uv": [ 13, 14.25, 15.5, 15 ], "texture": "#voxels_atlas" },
				"up": { "uv": [ 0, 8.25, 2.5, 7.5 ], "texture": "#voxels_atlas" },
				"north": { "uv": [ 6.25, 7.25, 3.75, 7.5 ], "texture": "#voxels_atlas" },
				"south": { "uv": [ 3.75, 7, 6.25, 7.25 ], "texture": "#voxels_atlas" },
				"west": { "uv": [ 5.5, 0, 6.25, 0.25 ], "texture": "#voxels_atlas" },
				"east": { "uv": [ 6.25, 0.75, 5.5, 1 ], "texture": "#voxels_atlas" }
			}
		},
		{
			"__comment": "Voxels",
			"from": [ 4.5, 0.1667, 11.3333 ],
			"to": [ 7.833333, 0.3333667, 11.49997 ],
			"faces": {
				"down": { "uv": [ 2.5, 13, 7.5, 13.25 ], "texture": "#voxels_atlas" },
				"up": { "uv": [ 7.5, 13.25, 12.5, 13 ], "texture": "#voxels_atlas" },
				"north": { "uv": [ 13, 13.25, 8, 13.5 ], "texture": "#voxels_atlas" },
				"south": { "uv": [ 8, 13.5, 13, 13.75 ], "texture": "#voxels_atlas" },
				"west": { "uv": [ 8.25, 0.5, 8.5, 0.75 ], "texture": "#voxels_atlas" },
				"east": { "uv": [ 8.75, 5.75, 8.5, 6 ], "texture": "#voxels_atlas" }
			}
		},
		{
			"__comment": "Voxels",
			"from": [ 4.5, 0.1667, 11.5 ],
			"to": [ 7.666667, 0.3333667, 11.66667 ],
			"faces": {
				"down": { "uv": [ 7.25, 12.75, 12, 13 ], "texture": "#voxels_atlas" },
				"up": { "uv": [ 2.5, 12.75, 7.25, 12.5 ], "texture": "#voxels_atlas" },
				"north": { "uv": [ 7.25, 12.75, 2.5, 13 ], "texture": "#voxels_atlas" },
				"south": { "uv": [ 7.25, 12.5, 12, 12.75 ], "texture": "#voxels_atlas" },
				"west": { "uv": [ 8.25, 0.75, 8.5, 1 ], "texture": "#voxels_atlas" },
				"east": { "uv": [ 8.5, 1, 8.25, 1.25 ], "texture": "#voxels_atlas" }
			}
		},
		{
			"__comment": "Voxels",
			"from": [ 4.5, 0.1667, 14.1667 ],
			"to": [ 5.333333, 0.3333667, 14.83337 ],
			"faces": {
				"down": { "uv": [ 1.25, 3, 2.5, 4 ], "texture": "#voxels_atlas" },
				"up": { "uv": [ 0, 4, 1.25, 3 ], "texture": "#voxels_atlas" },
				"north": { "uv": [ 14, 8.5, 12.75, 8.75 ], "texture": "#voxels_atlas" },
				"south": { "uv": [ 14, 8.5, 15.25, 8.75 ], "texture": "#voxels_atlas" },
				"west": { "uv": [ 6.5, 7.25, 7.5, 7.5 ], "texture": "#voxels_atlas" },
				"east": { "uv": [ 7.5, 7, 6.5, 7.25 ], "texture": "#voxels_atlas" }
			}
		},
		{
			"__comment": "Voxels",
			"from": [ 4.6667, 0, 11.6667 ],
			"to": [ 5.500033, 0.5, 11.83337 ],
			"faces": {
				"down": { "uv": [ 6.5, 8.5, 7.75, 8.75 ], "texture": "#voxels_atlas" },
				"up": { "uv": [ 13.75, 9, 15, 8.75 ], "texture": "#voxels_atlas" },
				"north": { "uv": [ 1.25, 0.25, 0, 1 ], "texture": "#voxels_atlas" },
				"south": { "uv": [ 1.25, 0.25, 2.5, 1 ], "texture": "#voxels_atlas" },
				"west": { "uv": [ 3.5, 4.25, 3.75, 5 ], "texture": "#voxels_atlas" },
				"east": { "uv": [ 3.75, 7.25, 3.5, 8 ], "texture": "#voxels_atlas" }
			}
		},
		{
			"__comment": "Voxels",
			"from": [ 4.6667, 0, 14.1667 ],
			"to": [ 5.1667, 0.1666667, 14.83337 ],
			"faces": {
				"down": { "uv": [ 2.75, 10.75, 3.5, 11.75 ], "texture": "#voxels_atlas" },
				"up": { "uv": [ 1.5, 9.75, 2.25, 8.75 ], "texture": "#voxels_atlas" },
				"north": { "uv": [ 7.25, 2, 6.5, 2.25 ], "texture": "#voxels_atlas" },
				"south": { "uv": [ 9.25, 8, 10, 8.25 ], "texture": "#voxels_atlas" },
				"west": { "uv": [ 6.5, 6.75, 7.5, 7 ], "texture": "#voxels_atlas" },
				"east": { "uv": [ 7.5, 6.5, 6.5, 6.75 ], "texture": "#voxels_atlas" }
			}
		},
		{
			"__comment": "Voxels",
			"from": [ 4.6667, 0.1667, 7.1667 ],
			"to": [ 6.333366, 0.3333667, 7.833366 ],
			"faces": {
				"down": { "uv": [ 0, 11.25, 2.5, 12.25 ], "texture": "#voxels_atlas" },
				"up": { "uv": [ 0, 14.25, 2.5, 13.25 ], "texture": "#voxels_atlas" },
				"north": { "uv": [ 6.25, 8.75, 3.75, 9 ], "texture": "#voxels_atlas" },
				"south": { "uv": [ 3.75, 8.5, 6.25, 8.75 ], "texture": "#voxels_atlas" },
				"west": { "uv": [ 6.5, 6.25, 7.5, 6.5 ], "texture": "#voxels_atlas" },
				"east": { "uv": [ 7.5, 6, 6.5, 6.25 ], "texture": "#voxels_atlas" }
			}
		},
		{
			"__comment": "Voxels",
			"from": [ 4.6667, 0.1667, 11.8333 ],
			"to": [ 5.500033, 0.3333667, 11.99997 ],
			"faces": {
				"down": { "uv": [ 14.75, 11.25, 16, 11.5 ], "texture": "#voxels_atlas" },
				"up": { "uv": [ 14.75, 11.25, 16, 11 ], "texture": "#voxels_atlas" },
				"north": { "uv": [ 13.75, 8.75, 12.5, 9 ], "texture": "#voxels_atlas" },
				"south": { "uv": [ 6.5, 7.75, 7.75, 8 ], "texture": "#voxels_atlas" },
				"west": { "uv": [ 8.25, 1.75, 8.5, 2 ], "texture": "#voxels_atlas" },
				"east": { "uv": [ 8.5, 2.5, 8.25, 2.75 ], "texture": "#voxels_atlas" }
			}
		},
		{
			"__comment": "Voxels",
			"from": [ 4.6667, 0.1667, 14.8333 ],
			"to": [ 5.333366, 0.3333667, 15.16663 ],
			"faces": {
				"down": { "uv": [ 14.5, 13.75, 15.5, 14.25 ], "texture": "#voxels_atlas" },
				"up": { "uv": [ 1.5, 8.75, 2.5, 8.25 ], "texture": "#voxels_atlas" },
				"north": { "uv": [ 7.5, 5.75, 6.5, 6 ], "texture": "#voxels_atlas" },
				"south": { "uv": [ 6.5, 5.5, 7.5, 5.75 ], "texture": "#voxels_atlas" },
				"west": { "uv": [ 5.75, 2.75, 6.25, 3 ], "texture": "#voxels_atlas" },
				"east": { "uv": [ 6.25, 3, 5.75, 3.25 ], "texture": "#voxels_atlas" }
			}
		},
		{
			"__comment": "Voxels",
			"from": [ 4.6667, 0.3333, 14.1667 ],
			"to": [ 5.1667, 0.4999667, 14.83337 ],
			"faces": {
				"down": { "uv": [ 2.75, 9, 3.5, 10 ], "texture": "#voxels_atlas" },
				"up": { "uv": [ 2.75, 9, 3.5, 8 ], "texture": "#voxels_atlas" },
				"north": { "uv": [ 7.25, 3, 6.5, 3.25 ], "texture": "#voxels_atlas" },
				"south": { "uv": [ 6.5, 3.25, 7.25, 3.5 ], "texture": "#voxels_atlas" },
				"west": { "uv": [ 6.5, 5.25, 7.5, 5.5 ], "texture": "#voxels_atlas" },
				"east": { "uv": [ 7.5, 5, 6.5, 5.25 ], "texture": "#voxels_atlas" }
			}
		},
		{
			"__comment": "Voxels",
			"from": [ 4.8333, 0, 11.8333 ],
			"to": [ 5.3333, 0.1666667, 11.99997 ],
			"faces": {
				"down": { "uv": [ 5.5, 1.5, 6.25, 1.75 ], "texture": "#voxels_atlas" },
				"up": { "uv": [ 5.5, 2, 6.25, 1.75 ], "texture": "#voxels_atlas" },
				"north": { "uv": [ 6.25, 2, 5.5, 2.25 ], "texture": "#voxels_atlas" },
				"south": { "uv": [ 6.5, 0.5, 7.25, 0.75 ], "texture": "#voxels_atlas" },
				"west": { "uv": [ 8.25, 3.75, 8.5, 4 ], "texture": "#voxels_atlas" },
				"east": { "uv": [ 8.5, 4, 8.25, 4.25 ], "texture": "#voxels_atlas" }
			}
		},
		{
			"__comment": "Voxels",
			"from": [ 4.8333, 0, 14 ],
			"to": [ 5.166634, 0.1666667, 14.16667 ],
			"faces": {
				"down": { "uv": [ 7.75, 4.5, 8.25, 4.75 ], "texture": "#voxels_atlas" },
				"up": { "uv": [ 7.75, 5, 8.25, 4.75 ], "texture": "#voxels_atlas" },
				"north": { "uv": [ 8.25, 5, 7.75, 5.25 ], "texture": "#voxels_atlas" },
				"south": { "uv": [ 7.25, 1.5, 7.75, 1.75 ], "texture": "#voxels_atlas" },
				"west": { "uv": [ 7.5, 4.25, 7.75, 4.5 ], "texture": "#voxels_atlas" },
				"east": { "uv": [ 7.75, 4.75, 7.5, 5 ], "texture": "#voxels_atlas" }
			}
		},
		{
			"__comment": "Voxels",
			"from": [ 4.8333, 0, 14.8333 ],
			"to": [ 5.166634, 0.1666667, 15.16663 ],
			"faces": {
				"down": { "uv": [ 5.75, 14.25, 6.25, 14.75 ], "texture": "#voxels_atlas" },
				"up": { "uv": [ 8, 14.75, 8.5, 14.25 ], "texture": "#voxels_atlas" },
				"north": { "uv": [ 8.25, 6.75, 7.75, 7 ], "texture": "#voxels_atlas" },
				"south": { "uv": [ 7.75, 7, 8.25, 7.25 ], "texture": "#voxels_atlas" },
				"west": { "uv": [ 7.75, 3, 8.25, 3.25 ], "texture": "#voxels_atlas" },
				"east": { "uv": [ 8.25, 7.25, 7.75, 7.5 ], "texture": "#voxels_atlas" }
			}
		},
		{
			"__comment": "Voxels",
			"from": [ 4.8333, 0.1667, 6.3333 ],
			"to": [ 6.499967, 0.3333667, 6.999966 ],
			"faces": {
				"down": { "uv": [ 0, 12.25, 2.5, 13.25 ], "texture": "#voxels_atlas" },
				"up": { "uv": [ 13, 16, 15.5, 15 ], "texture": "#voxels_atlas" },
				"north": { "uv": [ 13.75, 10.25, 11.25, 10.5 ], "texture": "#voxels_atlas" },
				"south": { "uv": [ 8.75, 10.25, 11.25, 10.5 ], "texture": "#voxels_atlas" },
				"west": { "uv": [ 6.5, 4.75, 7.5, 5 ], "texture": "#voxels_atlas" },
				"east": { "uv": [ 7.5, 4.5, 6.5, 4.75 ], "texture": "#voxels_atlas" }
			}
		},
		{
			"__comment": "Voxels",
			"from": [ 4.8333, 0.1667, 7 ],
			"to": [ 6.3333, 0.3333667, 7.166667 ],
			"faces": {
				"down": { "uv": [ 13.75, 10.5, 16, 10.75 ], "texture": "#voxels_atlas" },
				"up": { "uv": [ 13.75, 10.5, 16, 10.25 ], "texture": "#voxels_atlas" },
				"north": { "uv": [ 16, 10, 13.75, 10.25 ], "texture": "#voxels_atlas" },
				"south": { "uv": [ 13.75, 9.75, 16, 10 ], "texture": "#voxels_atlas" },
				"west": { "uv": [ 7.5, 6.25, 7.75, 6.5 ], "texture": "#voxels_atlas" },
				"east": { "uv": [ 7.75, 6.75, 7.5, 7 ], "texture": "#voxels_atlas" }
			}
		},
		{
			"__comment": "Voxels",
			"from": [ 4.8333, 0.1667, 12 ],
			"to": [ 5.3333, 0.3333667, 14 ],
			"faces": {
				"down": { "uv": [ 0.75, 8.25, 1.5, 11.25 ], "texture": "#voxels_atlas" },
				"up": { "uv": [ 0, 11.25, 0.75, 8.25 ], "texture": "#voxels_atlas" },
				"north": { "uv": [ 9.25, 7.75, 8.5, 8 ], "texture": "#voxels_atlas" },
				"south": { "uv": [ 7.75, 7.75, 8.5, 8 ], "texture": "#voxels_atlas" },
				"west": { "uv": [ 13, 13.5, 16, 13.75 ], "texture": "#voxels_atlas" },
				"east": { "uv": [ 15, 12.5, 12, 12.75 ], "texture": "#voxels_atlas" }
			}
		},
		{
			"__comment": "Voxels",
			"from": [ 4.8333, 0.1667, 15.1667 ],
			"to": [ 5.3333, 0.3333667, 15.50003 ],
			"faces": {
				"down": { "uv": [ 5.5, 0.25, 6.25, 0.75 ], "texture": "#voxels_atlas" },
				"up": { "uv": [ 2.75, 0.5, 3.5, 0 ], "texture": "#voxels_atlas" },
				"north": { "uv": [ 16, 8, 15.25, 8.25 ], "texture": "#voxels_atlas" },
				"south": { "uv": [ 14.5, 8, 15.25, 8.25 ], "texture": "#voxels_atlas" },
				"west": { "uv": [ 7.25, 1, 7.75, 1.25 ], "texture": "#voxels_atlas" },
				"east": { "uv": [ 7.75, 1.25, 7.25, 1.5 ], "texture": "#voxels_atlas" }
			}
		},
		{
			"__comment": "Voxels",
			"from": [ 4.8333, 0.3333, 11.8333 ],
			"to": [ 5.3333, 0.4999667, 11.99997 ],
			"faces": {
				"down": { "uv": [ 10.75, 8, 11.5, 8.25 ], "texture": "#voxels_atlas" },
				"up": { "uv": [ 10, 8.25, 10.75, 8 ], "texture": "#voxels_atlas" },
				"north": { "uv": [ 9.25, 8, 8.5, 8.25 ], "texture": "#voxels_atlas" },
				"south": { "uv": [ 7.75, 8, 8.5, 8.25 ], "texture": "#voxels_atlas" },
				"west": { "uv": [ 6, 4.75, 6.25, 5 ], "texture": "#voxels_atlas" },
				"east": { "uv": [ 6.25, 5, 6, 5.25 ], "texture": "#voxels_atlas" }
			}
		},
		{
			"__comment": "Voxels",
			"from": [ 4.8333, 0.3333, 14 ],
			"to": [ 5.166634, 0.4999667, 14.16667 ],
			"faces": {
				"down": { "uv": [ 7.75, 1, 8.25, 1.25 ], "texture": "#voxels_atlas" },
				"up": { "uv": [ 7.75, 0.75, 8.25, 0.5 ], "texture": "#voxels_atlas" },
				"north": { "uv": [ 8.25, 2, 7.75, 2.25 ], "texture": "#voxels_atlas" },
				"south": { "uv": [ 10.25, 7.5, 10.75, 7.75 ], "texture": "#voxels_atlas" },
				"west": { "uv": [ 8.5, 0.75, 8.75, 1 ], "texture": "#voxels_atlas" },
				"east": { "uv": [ 6.25, 3.5, 6, 3.75 ], "texture": "#voxels_atlas" }
			}
		},
		{
			"__comment": "Voxels",
			"from": [ 4.8333, 0.3333, 14.8333 ],
			"to": [ 5.166634, 0.4999667, 15.16663 ],
			"faces": {
				"down": { "uv": [ 10.25, 14.25, 10.75, 14.75 ], "texture": "#voxels_atlas" },
				"up": { "uv": [ 12.5, 14.75, 13, 14.25 ], "texture": "#voxels_atlas" },
				"north": { "uv": [ 8.25, 1.75, 7.75, 2 ], "texture": "#voxels_atlas" },
				"south": { "uv": [ 7.75, 1.5, 8.25, 1.75 ], "texture": "#voxels_atlas" },
				"west": { "uv": [ 7.75, 1.25, 8.25, 1.5 ], "texture": "#voxels_atlas" },
				"east": { "uv": [ 7.75, 2.5, 7.25, 2.75 ], "texture": "#voxels_atlas" }
			}
		},
		{
			"__comment": "Voxels",
			"from": [ 5, 0, 11.5 ],
			"to": [ 6.5, 0.1666667, 11.66667 ],
			"faces": {
				"down": { "uv": [ 3.75, 3.75, 6, 4 ], "texture": "#voxels_atlas" },
				"up": { "uv": [ 3.75, 4.25, 6, 4 ], "texture": "#voxels_atlas" },
				"north": { "uv": [ 6, 4.75, 3.75, 5 ], "texture": "#voxels_atlas" },
				"south": { "uv": [ 3.75, 5, 6, 5.25 ], "texture": "#voxels_atlas" },
				"west": { "uv": [ 7.5, 4, 7.75, 4.25 ], "texture": "#voxels_atlas" },
				"east": { "uv": [ 6.25, 4.25, 6, 4.5 ], "texture": "#voxels_atlas" }
			}
		},
		{
			"__comment": "Voxels",
			"from": [ 5, 0, 12 ],
			"to": [ 5.166667, 0.1666667, 14 ],
			"faces": {
				"down": { "uv": [ 2.5, 0.5, 2.75, 3.5 ], "texture": "#voxels_atlas" },
				"up": { "uv": [ 2.5, 6.5, 2.75, 3.5 ], "texture": "#voxels_atlas" },
				"north": { "uv": [ 6.25, 4, 6, 4.25 ], "texture": "#voxels_atlas" },
				"south": { "uv": [ 6, 3.75, 6.25, 4 ], "texture": "#voxels_atlas" },
				"west": { "uv": [ 3.75, 12, 6.75, 12.25 ], "texture": "#voxels_atlas" },
				"east": { "uv": [ 15.75, 12.25, 12.75, 12.5 ], "texture": "#voxels_atlas" }
			}
		},
		{
			"__comment": "Voxels",
			"from": [ 5, 0, 15.1667 ],
			"to": [ 5.166667, 0.1666667, 15.50003 ],
			"faces": {
				"down": { "uv": [ 2.5, 0, 2.75, 0.5 ], "texture": "#voxels_atlas" },
				"up": { "uv": [ 3.5, 0.5, 3.75, 0 ], "texture": "#voxels_atlas" },
				"north": { "uv": [ 16, 9.25, 15.75, 9.5 ], "texture": "#voxels_atlas" },
				"south": { "uv": [ 7.5, 7.5, 7.75, 7.75 ], "texture": "#voxels_atlas" },
				"west": { "uv": [ 7.25, 0.75, 7.75, 1 ], "texture": "#voxels_atlas" },
				"east": { "uv": [ 7.75, 0.5, 7.25, 0.75 ], "texture": "#voxels_atlas" }
			}
		},
		{
			"__comment": "Voxels",
			"from": [ 5, 0.1667, 5.1667 ],
			"to": [ 6.666667, 0.3333667, 5.500033 ],
			"faces": {
				"down": { "uv": [ 0, 1, 2.5, 1.5 ], "texture": "#voxels_atlas" },
				"up": { "uv": [ 0, 2, 2.5, 1.5 ], "texture": "#voxels_atlas" },
				"north": { "uv": [ 8.75, 10.5, 6.25, 10.75 ], "texture": "#voxels_atlas" },
				"south": { "uv": [ 8.75, 10.5, 11.25, 10.75 ], "texture": "#voxels_atlas" },
				"west": { "uv": [ 7.25, 0.25, 7.75, 0.5 ], "texture": "#voxels_atlas" },
				"east": { "uv": [ 7.75, 0, 7.25, 0.25 ], "texture": "#voxels_atlas" }
			}
		},
		{
			"__comment": "Voxels",
			"from": [ 5, 0.1667, 5.5 ],
			"to": [ 6.5, 0.3333667, 6.333333 ],
			"faces": {
				"down": { "uv": [ 8.5, 14.75, 10.75, 16 ], "texture": "#voxels_atlas" },
				"up": { "uv": [ 10.75, 16, 13, 14.75 ], "texture": "#voxels_atlas" },
				"north": { "uv": [ 6, 4.25, 3.75, 4.5 ], "texture": "#voxels_atlas" },
				"south": { "uv": [ 3.75, 4.5, 6, 4.75 ], "texture": "#voxels_atlas" },
				"west": { "uv": [ 1.25, 0, 2.5, 0.25 ], "texture": "#voxels_atlas" },
				"east": { "uv": [ 14, 8.25, 12.75, 8.5 ], "texture": "#voxels_atlas" }
			}
		},
		{
			"__comment": "Voxels",
			"from": [ 5, 0.1667, 15.5 ],
			"to": [ 5.166667, 0.3333667, 15.83333 ],
			"faces": {
				"down": { "uv": [ 6.25, 2.5, 6.5, 3 ], "texture": "#voxels_atlas" },
				"up": { "uv": [ 6.25, 2.5, 6.5, 2 ], "texture": "#voxels_atlas" },
				"north": { "uv": [ 7.75, 6, 7.5, 6.25 ], "texture": "#voxels_atlas" },
				"south": { "uv": [ 7.5, 5, 7.75, 5.25 ], "texture": "#voxels_atlas" },
				"west": { "uv": [ 7.75, 6.25, 8.25, 6.5 ], "texture": "#voxels_atlas" },
				"east": { "uv": [ 8.25, 6, 7.75, 6.25 ], "texture": "#voxels_atlas" }
			}
		},
		{
			"__comment": "Voxels",
			"from": [ 5, 0.3333, 11.5 ],
			"to": [ 6.5, 0.4999667, 11.66667 ],
			"faces": {
				"down": { "uv": [ 3.75, 5.25, 6, 5.5 ], "texture": "#voxels_atlas" },
				"up": { "uv": [ 3.75, 5.75, 6, 5.5 ], "texture": "#voxels_atlas" },
				"north": { "uv": [ 6, 5.75, 3.75, 6 ], "texture": "#voxels_atlas" },
				"south": { "uv": [ 3.75, 6, 6, 6.25 ], "texture": "#voxels_atlas" },
				"west": { "uv": [ 7.5, 3.75, 7.75, 4 ], "texture": "#voxels_atlas" },
				"east": { "uv": [ 7.75, 3.5, 7.5, 3.75 ], "texture": "#voxels_atlas" }
			}
		},
		{
			"__comment": "Voxels",
			"from": [ 5, 0.3333, 12 ],
			"to": [ 5.166667, 0.4999667, 14 ],
			"faces": {
				"down": { "uv": [ 2.5, 9.5, 2.75, 12.5 ], "texture": "#voxels_atlas" },
				"up": { "uv": [ 2.5, 9.5, 2.75, 6.5 ], "texture": "#voxels_atlas" },
				"north": { "uv": [ 8.5, 5, 8.25, 5.25 ], "texture": "#voxels_atlas" },
				"south": { "uv": [ 8.25, 4.25, 8.5, 4.5 ], "texture": "#voxels_atlas" },
				"west": { "uv": [ 13, 13.25, 16, 13.5 ], "texture": "#voxels_atlas" },
				"east": { "uv": [ 15, 12.75, 12, 13 ], "texture": "#voxels_atlas" }
			}
		},
		{
			"__comment": "Voxels",
			"from": [ 5, 0.3333, 15.1667 ],
			"to": [ 5.166667, 0.4999667, 15.50003 ],
			"faces": {
				"down": { "uv": [ 6.25, 1.5, 6.5, 2 ], "texture": "#voxels_atlas" },
				"up": { "uv": [ 8.25, 6.5, 8.5, 6 ], "texture": "#voxels_atlas" },
				"north": { "uv": [ 8.5, 3.5, 8.25, 3.75 ], "texture": "#voxels_atlas" },
				"south": { "uv": [ 8.25, 2.75, 8.5, 3 ], "texture": "#voxels_atlas" },
				"west": { "uv": [ 7.75, 0, 8.25, 0.25 ], "texture": "#voxels_atlas" },
				"east": { "uv": [ 10.25, 7.5, 9.75, 7.75 ], "texture": "#voxels_atlas" }
			}
		},
		{
			"__comment": "Voxels",
			"from": [ 5.1667, 0.1667, 4.3333 ],
			"to": [ 6.6667, 0.3333667, 5.166634 ],
			"faces": {
				"down": { "uv": [ 6.25, 14.75, 8.5, 16 ], "texture": "#voxels_atlas" },
				"up": { "uv": [ 4, 16, 6.25, 14.75 ], "texture": "#voxels_atlas" },
				"north": { "uv": [ 6, 6.25, 3.75, 6.5 ], "texture": "#voxels_atlas" },
				"south": { "uv": [ 3.75, 3.5, 6, 3.75 ], "texture": "#voxels_atlas" },
				"west": { "uv": [ 11.5, 8.25, 12.75, 8.5 ], "texture": "#voxels_atlas" },
				"east": { "uv": [ 11.5, 8.25, 10.25, 8.5 ], "texture": "#voxels_atlas" }
			}
		},
		{
			"__comment": "Voxels",
			"from": [ 5.3333, 0, 11.3333 ],
			"to": [ 6.3333, 0.1666667, 11.49997 ],
			"faces": {
				"down": { "uv": [ 12.5, 9, 14, 9.25 ], "texture": "#voxels_atlas" },
				"up": { "uv": [ 11, 9, 12.5, 8.75 ], "texture": "#voxels_atlas" },
				"north": { "uv": [ 8, 8.75, 6.5, 9 ], "texture": "#voxels_atlas" },
				"south": { "uv": [ 14, 9, 15.5, 9.25 ], "texture": "#voxels_atlas" },
				"west": { "uv": [ 8.25, 1.5, 8.5, 1.75 ], "texture": "#voxels_atlas" },
				"east": { "uv": [ 8.5, 1.25, 8.25, 1.5 ], "texture": "#voxels_atlas" }
			}
		},
		{
			"__comment": "Voxels",
			"from": [ 5.3333, 0.1667, 3.8333 ],
			"to": [ 6.666633, 0.3333667, 4.3333 ],
			"faces": {
				"down": { "uv": [ 0, 6, 2, 6.75 ], "texture": "#voxels_atlas" },
				"up": { "uv": [ 0, 7.5, 2, 6.75 ], "texture": "#voxels_atlas" },
				"north": { "uv": [ 5.75, 3.25, 3.75, 3.5 ], "texture": "#voxels_atlas" },
				"south": { "uv": [ 3.75, 2.5, 5.75, 2.75 ], "texture": "#voxels_atlas" },
				"west": { "uv": [ 12.25, 8, 13, 8.25 ], "texture": "#voxels_atlas" },
				"east": { "uv": [ 10, 7.75, 9.25, 8 ], "texture": "#voxels_atlas" }
			}
		},
		{
			"__comment": "Voxels",
			"from": [ 5.3333, 0.3333, 11.3333 ],
			"to": [ 6.3333, 0.4999667, 11.49997 ],
			"faces": {
				"down": { "uv": [ 8, 9, 9.5, 9.25 ], "texture": "#voxels_atlas" },
				"up": { "uv": [ 6.5, 9.25, 8, 9 ], "texture": "#voxels_atlas" },
				"north": { "uv": [ 15.75, 9.25, 14.25, 9.5 ], "texture": "#voxels_atlas" },
				"south": { "uv": [ 12.75, 9.25, 14.25, 9.5 ], "texture": "#voxels_atlas" },
				"west": { "uv": [ 9.5, 7.25, 9.75, 7.5 ], "texture": "#voxels_atlas" },
				"east": { "uv": [ 10, 7.25, 9.75, 7.5 ], "texture": "#voxels_atlas" }
			}
		},
		{
			"__comment": "Voxels",
			"from": [ 5.5, 0.1667, 2.3333 ],
			"to": [ 6.833333, 0.3333667, 3.499967 ],
			"faces": {
				"down": { "uv": [ 0, 14.25, 2, 16 ], "texture": "#voxels_atlas" },
				"up": { "uv": [ 2, 16, 4, 14.25 ], "texture": "#voxels_atlas" },
				"north": { "uv": [ 5.75, 2.75, 3.75, 3 ], "texture": "#voxels_atlas" },
				"south": { "uv": [ 3.75, 3, 5.75, 3.25 ], "texture": "#voxels_atlas" },
				"west": { "uv": [ 3.75, 1.75, 5.5, 2 ], "texture": "#voxels_atlas" },
				"east": { "uv": [ 5.5, 1.25, 3.75, 1.5 ], "texture": "#voxels_atlas" }
			}
		},
		{
			"__comment": "Voxels",
			"from": [ 5.5, 0.1667, 3.5 ],
			"to": [ 6.666667, 0.3333667, 3.833333 ],
			"faces": {
				"down": { "uv": [ 4, 14.25, 5.75, 14.75 ], "texture": "#voxels_atlas" },
				"up": { "uv": [ 6.25, 14.75, 8, 14.25 ], "texture": "#voxels_atlas" },
				"north": { "uv": [ 8, 9.5, 6.25, 9.75 ], "texture": "#voxels_atlas" },
				"south": { "uv": [ 8, 9.5, 9.75, 9.75 ], "texture": "#voxels_atlas" },
				"west": { "uv": [ 7.25, 2.25, 7.75, 2.5 ], "texture": "#voxels_atlas" },
				"east": { "uv": [ 7.75, 2, 7.25, 2.25 ], "texture": "#voxels_atlas" }
			}
		},
		{
			"__comment": "Voxels",
			"from": [ 5.5, 0.1667, 11.6667 ],
			"to": [ 5.833333, 0.3333667, 11.83337 ],
			"faces": {
				"down": { "uv": [ 7.75, 7.5, 8.25, 7.75 ], "texture": "#voxels_atlas" },
				"up": { "uv": [ 7.75, 6.75, 8.25, 6.5 ], "texture": "#voxels_atlas" },
				"north": { "uv": [ 8.25, 5.75, 7.75, 6 ], "texture": "#voxels_atlas" },
				"south": { "uv": [ 7.75, 5.5, 8.25, 5.75 ], "texture": "#voxels_atlas" },
				"west": { "uv": [ 12.5, 7.25, 12.75, 7.5 ], "texture": "#voxels_atlas" },
				"east": { "uv": [ 13, 7.25, 12.75, 7.5 ], "texture": "#voxels_atlas" }
			}
		},
		{
			"__comment": "Voxels",
			"from": [ 5.6667, 0.1667, 2 ],
			"to": [ 6.833366, 0.3333667, 2.333333 ],
			"faces": {
				"down": { "uv": [ 10.75, 14.25, 12.5, 14.75 ], "texture": "#voxels_atlas" },
				"up": { "uv": [ 8.5, 14.75, 10.25, 14.25 ], "texture": "#voxels_atlas" },
				"north": { "uv": [ 5.5, 2, 3.75, 2.25 ], "texture": "#voxels_atlas" },
				"south": { "uv": [ 11.5, 9.5, 13.25, 9.75 ], "texture": "#voxels_atlas" },
				"west": { "uv": [ 7.75, 2.5, 8.25, 2.75 ], "texture": "#voxels_atlas" },
				"east": { "uv": [ 8.25, 5.25, 7.75, 5.5 ], "texture": "#voxels_atlas" }
			}
		},
		{
			"__comment": "Voxels",
			"from": [ 5.8333, 0, 11.1667 ],
			"to": [ 6.3333, 0.5, 11.33337 ],
			"faces": {
				"down": { "uv": [ 6.5, 2.75, 7.25, 3 ], "texture": "#voxels_atlas" },
				"up": { "uv": [ 11.5, 8, 12.25, 7.75 ], "texture": "#voxels_atlas" },
				"north": { "uv": [ 3.5, 0.5, 2.75, 1.25 ], "texture": "#voxels_atlas" },
				"south": { "uv": [ 2.75, 1.25, 3.5, 2 ], "texture": "#voxels_atlas" },
				"west": { "uv": [ 2.25, 6.75, 2.5, 7.5 ], "texture": "#voxels_atlas" },
				"east": { "uv": [ 2.25, 6, 2, 6.75 ], "texture": "#voxels_atlas" }
			}
		},
		{
			"__comment": "Voxels",
			"from": [ 5.8333, 0.1667, 1.8333 ],
			"to": [ 6.999967, 0.3333667, 1.999967 ],
			"faces": {
				"down": { "uv": [ 3.75, 0, 5.5, 0.25 ], "texture": "#voxels_atlas" },
				"up": { "uv": [ 3.75, 0.5, 5.5, 0.25 ], "texture": "#voxels_atlas" },
				"north": { "uv": [ 5.5, 0.5, 3.75, 0.75 ], "texture": "#voxels_atlas" },
				"south": { "uv": [ 3.75, 0.75, 5.5, 1 ], "texture": "#voxels_atlas" },
				"west": { "uv": [ 8.5, 4.5, 8.75, 4.75 ], "texture": "#voxels_atlas" },
				"east": { "uv": [ 8.75, 3.75, 8.5, 4 ], "texture": "#voxels_atlas" }
			}
		},
		{
			"__comment": "Voxels",
			"from": [ 6, 0, 11 ],
			"to": [ 6.5, 0.5, 11.16667 ],
			"faces": {
				"down": { "uv": [ 6.5, 0.25, 7.25, 0.5 ], "texture": "#voxels_atlas" },
				"up": { "uv": [ 6.5, 0.25, 7.25, 0 ], "texture": "#voxels_atlas" },
				"north": { "uv": [ 3.5, 2, 2.75, 2.75 ], "texture": "#voxels_atlas" },
				"south": { "uv": [ 2.75, 5.75, 3.5, 6.5 ], "texture": "#voxels_atlas" },
				"west": { "uv": [ 2.25, 6, 2.5, 6.75 ], "texture": "#voxels_atlas" },
				"east": { "uv": [ 3.75, 11, 3.5, 11.75 ], "texture": "#voxels_atlas" }
			}
		},
		{
			"__comment": "Voxels",
			"from": [ 6, 0, 11.6667 ],
			"to": [ 6.666667, 0.5, 11.83337 ],
			"faces": {
				"down": { "uv": [ 6.5, 4.25, 7.5, 4.5 ], "texture": "#voxels_atlas" },
				"up": { "uv": [ 6.5, 4.25, 7.5, 4 ], "texture": "#voxels_atlas" },
				"north": { "uv": [ 2.5, 9.75, 1.5, 10.5 ], "texture": "#voxels_atlas" },
				"south": { "uv": [ 2.75, 10, 3.75, 10.75 ], "texture": "#voxels_atlas" },
				"west": { "uv": [ 3.5, 9.25, 3.75, 10 ], "texture": "#voxels_atlas" },
				"east": { "uv": [ 3.75, 8.25, 3.5, 9 ], "texture": "#voxels_atlas" }
			}
		},
		{
			"__comment": "Voxels",
			"from": [ 6, 0.1667, 1.6667 ],
			"to": [ 7, 0.3333667, 1.833367 ],
			"faces": {
				"down": { "uv": [ 14.5, 10.75, 16, 11 ], "texture": "#voxels_atlas" },
				"up": { "uv": [ 11.25, 9.5, 12.75, 9.25 ], "texture": "#voxels_atlas" },
				"north": { "uv": [ 11, 9, 9.5, 9.25 ], "texture": "#voxels_atlas" },
				"south": { "uv": [ 9.75, 9.25, 11.25, 9.5 ], "texture": "#voxels_atlas" },
				"west": { "uv": [ 6, 5.5, 6.25, 5.75 ], "texture": "#voxels_atlas" },
				"east": { "uv": [ 6.25, 5.25, 6, 5.5 ], "texture": "#voxels_atlas" }
			}
		},
		{
			"__comment": "Voxels",
			"from": [ 6.1667, 0, 10.8333 ],
			"to": [ 6.6667, 0.5, 10.99997 ],
			"faces": {
				"down": { "uv": [ 11.5, 8, 12.25, 8.25 ], "texture": "#voxels_atlas" },
				"up": { "uv": [ 6.5, 1, 7.25, 0.75 ], "texture": "#voxels_atlas" },
				"north": { "uv": [ 3.5, 3.5, 2.75, 4.25 ], "texture": "#voxels_atlas" },
				"south": { "uv": [ 2.75, 4.25, 3.5, 5 ], "texture": "#voxels_atlas" },
				"west": { "uv": [ 3.5, 6.5, 3.75, 7.25 ], "texture": "#voxels_atlas" },
				"east": { "uv": [ 3.75, 5.75, 3.5, 6.5 ], "texture": "#voxels_atlas" }
			}
		},
		{
			"__comment": "Voxels",
			"from": [ 6.1667, 0, 11.8333 ],
			"to": [ 6.833366, 0.5, 11.99997 ],
			"faces": {
				"down": { "uv": [ 6.5, 3.75, 7.5, 4 ], "texture": "#voxels_atlas" },
				"up": { "uv": [ 6.5, 3.75, 7.5, 3.5 ], "texture": "#voxels_atlas" },
				"north": { "uv": [ 3.75, 11.75, 2.75, 12.5 ], "texture": "#voxels_atlas" },
				"south": { "uv": [ 1.5, 10.5, 2.5, 11.25 ], "texture": "#voxels_atlas" },
				"west": { "uv": [ 6.25, 4.5, 6.5, 5.25 ], "texture": "#voxels_atlas" },
				"east": { "uv": [ 3.75, 5, 3.5, 5.75 ], "texture": "#voxels_atlas" }
			}
		},
		{
			"__comment": "Voxels",
			"from": [ 6.1667, 0.1667, 1.5 ],
			"to": [ 7.000033, 0.3333667, 1.666667 ],
			"faces": {
				"down": { "uv": [ 9, 8.25, 10.25, 8.5 ], "texture": "#voxels_atlas" },
				"up": { "uv": [ 9, 8.75, 10.25, 8.5 ], "texture": "#voxels_atlas" },
				"north": { "uv": [ 16, 11.75, 14.75, 12 ], "texture": "#voxels_atlas" },
				"south": { "uv": [ 7.75, 8.25, 9, 8.5 ], "texture": "#voxels_atlas" },
				"west": { "uv": [ 7.5, 5.5, 7.75, 5.75 ], "texture": "#voxels_atlas" },
				"east": { "uv": [ 7.75, 5.25, 7.5, 5.5 ], "texture": "#voxels_atlas" }
			}
		},
		{
			"__comment": "Voxels",
			"from": [ 6.3333, 0, 10.6667 ],
			"to": [ 6.8333, 0.5, 10.83337 ],
			"faces": {
				"down": { "uv": [ 13, 8, 13.75, 8.25 ], "texture": "#voxels_atlas" },
				"up": { "uv": [ 13.75, 8.25, 14.5, 8 ], "texture": "#voxels_atlas" },
				"north": { "uv": [ 3.5, 2.75, 2.75, 3.5 ], "texture": "#voxels_atlas" },
				"south": { "uv": [ 2.75, 5, 3.5, 5.75 ], "texture": "#voxels_atlas" },
				"west": { "uv": [ 3.5, 3.5, 3.75, 4.25 ], "texture": "#voxels_atlas" },
				"east": { "uv": [ 3.75, 2.75, 3.5, 3.5 ], "texture": "#voxels_atlas" }
			}
		},
		{
			"__comment": "Voxels",
			"from": [ 6.3333, 0.1667, 1.3333 ],
			"to": [ 7.166633, 0.3333667, 1.499967 ],
			"faces": {
				"down": { "uv": [ 6.5, 8.25, 7.75, 8.5 ], "texture": "#voxels_atlas" },
				"up": { "uv": [ 11.5, 8.75, 12.75, 8.5 ], "texture": "#voxels_atlas" },
				"north": { "uv": [ 16, 11.5, 14.75, 11.75 ], "texture": "#voxels_atlas" },
				"south": { "uv": [ 7.75, 8.5, 9, 8.75 ], "texture": "#voxels_atlas" },
				"west": { "uv": [ 8.25, 4.75, 8.5, 5 ], "texture": "#voxels_atlas" },
				"east": { "uv": [ 8.5, 4.5, 8.25, 4.75 ], "texture": "#voxels_atlas" }
			}
		},
		{
			"__comment": "Voxels",
			"from": [ 6.3333, 0.1667, 11.1667 ],
			"to": [ 7.999967, 0.3333667, 11.33337 ],
			"faces": {
				"down": { "uv": [ 3.75, 8.25, 6.25, 8.5 ], "texture": "#voxels_atlas" },
				"up": { "uv": [ 3.75, 7.75, 6.25, 7.5 ], "texture": "#voxels_atlas" },
				"north": { "uv": [ 6.25, 7.75, 3.75, 8 ], "texture": "#voxels_atlas" },
				"south": { "uv": [ 3.75, 9.5, 6.25, 9.75 ], "texture": "#voxels_atlas" },
				"west": { "uv": [ 8.25, 3.25, 8.5, 3.5 ], "texture": "#voxels_atlas" },
				"east": { "uv": [ 8.5, 3, 8.25, 3.25 ], "texture": "#voxels_atlas" }
			}
		},
		{
			"__comment": "Voxels",
			"from": [ 6.5, 0, 12 ],
			"to": [ 7, 0.5, 12.16667 ],
			"faces": {
				"down": { "uv": [ 10.75, 7.75, 11.5, 8 ], "texture": "#voxels_atlas" },
				"up": { "uv": [ 12.25, 8, 13, 7.75 ], "texture": "#voxels_atlas" },
				"north": { "uv": [ 3.5, 6.5, 2.75, 7.25 ], "texture": "#voxels_atlas" },
				"south": { "uv": [ 2.75, 7.25, 3.5, 8 ], "texture": "#voxels_atlas" },
				"west": { "uv": [ 3.5, 2, 3.75, 2.75 ], "texture": "#voxels_atlas" },
				"east": { "uv": [ 3.75, 1.25, 3.5, 2 ], "texture": "#voxels_atlas" }
			}
		},
		{
			"__comment": "Voxels",
			"from": [ 6.5, 0.1667, 1.1667 ],
			"to": [ 7.166667, 0.3333667, 1.333367 ],
			"faces": {
				"down": { "uv": [ 15, 12.75, 16, 13 ], "texture": "#voxels_atlas" },
				"up": { "uv": [ 15, 12.75, 16, 12.5 ], "texture": "#voxels_atlas" },
				"north": { "uv": [ 16, 8.75, 15, 9 ], "texture": "#voxels_atlas" },
				"south": { "uv": [ 6.5, 7.5, 7.5, 7.75 ], "texture": "#voxels_atlas" },
				"west": { "uv": [ 8.25, 0.25, 8.5, 0.5 ], "texture": "#voxels_atlas" },
				"east": { "uv": [ 8.5, 0, 8.25, 0.25 ], "texture": "#voxels_atlas" }
			}
		},
		{
			"__comment": "Voxels",
			"from": [ 6.5, 0.1667, 11 ],
			"to": [ 8.166667, 0.3333667, 11.16667 ],
			"faces": {
				"down": { "uv": [ 8.75, 10, 11.25, 10.25 ], "texture": "#voxels_atlas" },
				"up": { "uv": [ 3.75, 9.25, 6.25, 9 ], "texture": "#voxels_atlas" },
				"north": { "uv": [ 13.75, 9.75, 11.25, 10 ], "texture": "#voxels_atlas" },
				"south": { "uv": [ 3.75, 8, 6.25, 8.25 ], "texture": "#voxels_atlas" },
				"west": { "uv": [ 10.5, 7.25, 10.75, 7.5 ], "texture": "#voxels_atlas" },
				"east": { "uv": [ 11, 7.25, 10.75, 7.5 ], "texture": "#voxels_atlas" }
			}
		},
		{
			"__comment": "Voxels",
			"from": [ 6.6667, 0, 12.1667 ],
			"to": [ 6.833366, 0.5, 12.33337 ],
			"faces": {
				"down": { "uv": [ 11, 7.25, 11.25, 7.5 ], "texture": "#voxels_atlas" },
				"up": { "uv": [ 11.25, 7.5, 11.5, 7.25 ], "texture": "#voxels_atlas" },
				"north": { "uv": [ 3.75, 0.5, 3.5, 1.25 ], "texture": "#voxels_atlas" },
				"south": { "uv": [ 6.25, 5.25, 6.5, 6 ], "texture": "#voxels_atlas" },
				"west": { "uv": [ 6.25, 3.75, 6.5, 4.5 ], "texture": "#voxels_atlas" },
				"east": { "uv": [ 6.5, 3, 6.25, 3.75 ], "texture": "#voxels_atlas" }
			}
		},
		{
			"__comment": "Voxels",
			"from": [ 6.6667, 0.1667, 1 ],
			"to": [ 7.1667, 0.3333667, 1.166667 ],
			"faces": {
				"down": { "uv": [ 13, 7.75, 13.75, 8 ], "texture": "#voxels_atlas" },
				"up": { "uv": [ 10, 8, 10.75, 7.75 ], "texture": "#voxels_atlas" },
				"north": { "uv": [ 14.5, 7.75, 13.75, 8 ], "texture": "#voxels_atlas" },
				"south": { "uv": [ 14.5, 7.75, 15.25, 8 ], "texture": "#voxels_atlas" },
				"west": { "uv": [ 13.5, 7.25, 13.75, 7.5 ], "texture": "#voxels_atlas" },
				"east": { "uv": [ 14, 7.25, 13.75, 7.5 ], "texture": "#voxels_atlas" }
			}
		},
		{
			"__comment": "Voxels",
			"from": [ 6.6667, 0.1667, 10.8333 ],
			"to": [ 8.333366, 0.3333667, 10.99997 ],
			"faces": {
				"down": { "uv": [ 3.75, 10.25, 6.25, 10.5 ], "texture": "#voxels_atlas" },
				"up": { "uv": [ 11.25, 10.25, 13.75, 10 ], "texture": "#voxels_atlas" },
				"north": { "uv": [ 11.25, 9.75, 8.75, 10 ], "texture": "#voxels_atlas" },
				"south": { "uv": [ 3.75, 9.25, 6.25, 9.5 ], "texture": "#voxels_atlas" },
				"west": { "uv": [ 15, 7.25, 15.25, 7.5 ], "texture": "#voxels_atlas" },
				"east": { "uv": [ 15.5, 7.25, 15.25, 7.5 ], "texture": "#voxels_atlas" }
			}
		},
		{
			"__comment": "Voxels",
			"from": [ 6.6667, 0.1667, 11.6667 ],
			"to": [ 7.500033, 0.3333667, 11.83337 ],
			"faces": {
				"down": { "uv": [ 14, 8.25, 15.25, 8.5 ], "texture": "#voxels_atlas" },
				"up": { "uv": [ 6.5, 8.25, 7.75, 8 ], "texture": "#voxels_atlas" },
				"north": { "uv": [ 11.5, 8.5, 10.25, 8.75 ], "texture": "#voxels_atlas" },
				"south": { "uv": [ 0, 0, 1.25, 0.25 ], "texture": "#voxels_atlas" },
				"west": { "uv": [ 8.5, 6.5, 8.75, 6.75 ], "texture": "#voxels_atlas" },
				"east": { "uv": [ 8.75, 6.25, 8.5, 6.5 ], "texture": "#voxels_atlas" }
			}
		},
		{
			"__comment": "Voxels",
			"from": [ 6.8333, 0.1667, 0.8333 ],
			"to": [ 7.166633, 0.3333667, 0.9999667 ],
			"faces": {
				"down": { "uv": [ 12.25, 7.5, 12.75, 7.75 ], "texture": "#voxels_atlas" },
				"up": { "uv": [ 7.25, 2, 7.75, 1.75 ], "texture": "#voxels_atlas" },
				"north": { "uv": [ 13.25, 7.5, 12.75, 7.75 ], "texture": "#voxels_atlas" },
				"south": { "uv": [ 13.25, 7.5, 13.75, 7.75 ], "texture": "#voxels_atlas" },
				"west": { "uv": [ 8.5, 5, 8.75, 5.25 ], "texture": "#voxels_atlas" },
				"east": { "uv": [ 8.75, 4.75, 8.5, 5 ], "texture": "#voxels_atlas" }
			}
		},
		{
			"__comment": "Voxels",
			"from": [ 6.8333, 0.1667, 10.6667 ],
			"to": [ 8.499967, 0.3333667, 10.83337 ],
			"faces": {
				"down": { "uv": [ 3.75, 6.75, 6.25, 7 ], "texture": "#voxels_atlas" },
				"up": { "uv": [ 3.75, 6.75, 6.25, 6.5 ], "texture": "#voxels_atlas" },
				"north": { "uv": [ 14.5, 10.75, 12, 11 ], "texture": "#voxels_atlas" },
				"south": { "uv": [ 3.75, 10.5, 6.25, 10.75 ], "texture": "#voxels_atlas" },
				"west": { "uv": [ 8.5, 3.5, 8.75, 3.75 ], "texture": "#voxels_atlas" },
				"east": { "uv": [ 8.75, 3.25, 8.5, 3.5 ], "texture": "#voxels_atlas" }
			}
		},
		{
			"__comment": "Voxels",
			"from": [ 6.8333, 0.1667, 11.8333 ],
			"to": [ 7.3333, 0.3333667, 11.99997 ],
			"faces": {
				"down": { "uv": [ 15.25, 7.75, 16, 8 ], "texture": "#voxels_atlas" },
				"up": { "uv": [ 15.25, 8.75, 16, 8.5 ], "texture": "#voxels_atlas" },
				"north": { "uv": [ 16, 8.25, 15.25, 8.5 ], "texture": "#voxels_atlas" },
				"south": { "uv": [ 6.5, 2.5, 7.25, 2.75 ], "texture": "#voxels_atlas" },
				"west": { "uv": [ 8.5, 2, 8.75, 2.25 ], "texture": "#voxels_atlas" },
				"east": { "uv": [ 8.75, 1.75, 8.5, 2 ], "texture": "#voxels_atlas" }
			}
		},
		{
			"__comment": "Voxels",
			"from": [ 7, 0.1667, 0.6667 ],
			"to": [ 7.333333, 0.3333667, 0.8333667 ],
			"faces": {
				"down": { "uv": [ 14.75, 7.5, 15.25, 7.75 ], "texture": "#voxels_atlas" },
				"up": { "uv": [ 15.25, 7.75, 15.75, 7.5 ], "texture": "#voxels_atlas" },
				"north": { "uv": [ 9, 7.25, 8.5, 7.5 ], "texture": "#voxels_atlas" },
				"south": { "uv": [ 9, 7.25, 9.5, 7.5 ], "texture": "#voxels_atlas" },
				"west": { "uv": [ 8.5, 0.5, 8.75, 0.75 ], "texture": "#voxels_atlas" },
				"east": { "uv": [ 8.75, 0.25, 8.5, 0.5 ], "texture": "#voxels_atlas" }
			}
		},
		{
			"__comment": "Voxels",
			"from": [ 7, 0.1667, 12 ],
			"to": [ 7.166667, 0.3333667, 12.16667 ],
			"faces": {
				"down": { "uv": [ 8.5, 0, 8.75, 0.25 ], "texture": "#voxels_atlas" },
				"up": { "uv": [ 8.75, 7.25, 9, 7 ], "texture": "#voxels_atlas" },
				"north": { "uv": [ 9.25, 7, 9, 7.25 ], "texture": "#voxels_atlas" },
				"south": { "uv": [ 9.25, 7, 9.5, 7.25 ], "texture": "#voxels_atlas" },
				"west": { "uv": [ 9.5, 7, 9.75, 7.25 ], "texture": "#voxels_atlas" },
				"east": { "uv": [ 10, 7, 9.75, 7.25 ], "texture": "#voxels_atlas" }
			}
		},
		{
			"__comment": "Voxels",
			"from": [ 7.1667, 0.1667, 0.5 ],
			"to": [ 7.333366, 0.3333667, 0.6666667 ],
			"faces": {
				"down": { "uv": [ 10, 7, 10.25, 7.25 ], "texture": "#voxels_atlas" },
				"up": { "uv": [ 10.25, 7.25, 10.5, 7 ], "texture": "#voxels_atlas" },
				"north": { "uv": [ 10.75, 7, 10.5, 7.25 ], "texture": "#voxels_atlas" },
				"south": { "uv": [ 10.75, 7, 11, 7.25 ], "texture": "#voxels_atlas" },
				"west": { "uv": [ 11, 7, 11.25, 7.25 ], "texture": "#voxels_atlas" },
				"east": { "uv": [ 11.5, 7, 11.25, 7.25 ], "texture": "#voxels_atlas" }
			}
		}
	],
	"display": {
		"thirdperson_righthand": {
			"rotation":  [ 90, 0, 90 ],
			"translation":  [ -15.5, 9, 7.5 ],
			"scale":  [ 2, 2, 2 ]
		},
		"thirdperson_lefthand": {
			"rotation":  [ 90, 0, -90 ],
			"translation":  [ 15.5, 9, 7.5 ],
			"scale":  [ 2, 2, 2 ]
		},
		"firstperson_righthand": {
			"rotation":  [ 90, 0, 90 ],
			"translation":  [ -8, 7, 5 ]
		},
		"firstperson_lefthand": {
			"rotation":  [ 90, 0, -90 ],
			"translation":  [ 8.5, 7, 4 ]
		},
		"gui": {
			"rotation":  [ 90, -45, 0 ],
			"translation":  [ 2, -2, 0 ],
			"scale":  [ 1.2, 1.2, 1.2 ]
		},
		"ground": {
			"translation":  [ 3, 5, 0 ]
		},
		"fixed": {
			"rotation":  [ 90, 0, 0 ],
			"translation":  [ 2, 0, 8 ]
		}
	}
}