{
	"__comment": "Designed by Dragon2212 with Cubik Studio - https://cubik.studio",
	"textures": {
		"voxels_atlas": "items/hefaestoss"
	},
	"elements": [ 	 
		{
			"__comment": "Voxels",
			"from": [ 2.6667, 0.1905, 0 ],
			"to": [ 4.380986, 2.476214, 4 ],
			"faces": {
				"down": { "uv": [ 0, 8.375, 1.125, 11 ], "texture": "#voxels_atlas" },
				"up": { "uv": [ 1.125, 11, 2.25, 8.375 ], "texture": "#voxels_atlas" },
				"north": { "uv": [ 4, 0.375, 2.875, 1.875 ], "texture": "#voxels_atlas" },
				"south": { "uv": [ 4.125, 9.625, 5.25, 11.125 ], "texture": "#voxels_atlas" },
				"west": { "uv": [ 0, 14.5, 2.625, 16 ], "texture": "#voxels_atlas" },
				"east": { "uv": [ 5.25, 14.5, 2.625, 16 ], "texture": "#voxels_atlas" }
			}
		},
		{
			"__comment": "Voxels",
			"from": [ 4.381, 0.381, 0.1905 ],
			"to": [ 5.523857, 2.285762, 3.809548 ],
			"faces": {
				"down": { "uv": [ 2.875, 4.25, 3.625, 6.625 ], "texture": "#voxels_atlas" },
				"up": { "uv": [ 2.875, 4.25, 3.625, 1.875 ], "texture": "#voxels_atlas" },
				"north": { "uv": [ 6, 9.25, 5.25, 10.5 ], "texture": "#voxels_atlas" },
				"south": { "uv": [ 4.125, 0.125, 4.875, 1.375 ], "texture": "#voxels_atlas" },
				"west": { "uv": [ 0, 12.25, 2.375, 13.5 ], "texture": "#voxels_atlas" },
				"east": { "uv": [ 2.375, 11, 0, 12.25 ], "texture": "#voxels_atlas" }
			}
		},
		{
			"__comment": "Voxels",
			"from": [ 5.1429, 0.1905, 1.3333 ],
			"to": [ 7.809566, 0.3809762, 2.095205 ],
			"faces": {
				"down": { "uv": [ 10.875, 10.625, 12.625, 11.125 ], "texture": "#voxels_atlas" },
				"up": { "uv": [ 12.625, 11.125, 14.375, 10.625 ], "texture": "#voxels_atlas" },
				"north": { "uv": [ 15, 10, 13.25, 10.125 ], "texture": "#voxels_atlas" },
				"south": { "uv": [ 10.875, 10.5, 12.625, 10.625 ], "texture": "#voxels_atlas" },
				"west": { "uv": [ 15.5, 13.25, 16, 13.375 ], "texture": "#voxels_atlas" },
				"east": { "uv": [ 16, 13.375, 15.5, 13.5 ], "texture": "#voxels_atlas" }
			}
		},
		{
			"__comment": "Voxels",
			"from": [ 5.1429, 2.2857, 1.3333 ],
			"to": [ 7.809566, 2.476176, 2.095205 ],
			"faces": {
				"down": { "uv": [ 7.75, 10, 9.5, 10.5 ], "texture": "#voxels_atlas" },
				"up": { "uv": [ 6, 10.5, 7.75, 10 ], "texture": "#voxels_atlas" },
				"north": { "uv": [ 14.375, 10.5, 12.625, 10.625 ], "texture": "#voxels_atlas" },
				"south": { "uv": [ 13.25, 10.125, 15, 10.25 ], "texture": "#voxels_atlas" },
				"west": { "uv": [ 3.625, 4.375, 4.125, 4.5 ], "texture": "#voxels_atlas" },
				"east": { "uv": [ 4.125, 5, 3.625, 5.125 ], "texture": "#voxels_atlas" }
			}
		},
		{
			"__comment": "Voxels",
			"from": [ 5.3333, 0.1905, 2.0952 ],
			"to": [ 7.619014, 0.3809762, 2.476152 ],
			"faces": {
				"down": { "uv": [ 6.75, 14.5, 8.25, 14.75 ], "texture": "#voxels_atlas" },
				"up": { "uv": [ 8.375, 14.75, 9.875, 14.5 ], "texture": "#voxels_atlas" },
				"north": { "uv": [ 9, 9.875, 7.5, 10 ], "texture": "#voxels_atlas" },
				"south": { "uv": [ 6, 9.875, 7.5, 10 ], "texture": "#voxels_atlas" },
				"west": { "uv": [ 3.875, 3.75, 4.125, 3.875 ], "texture": "#voxels_atlas" },
				"east": { "uv": [ 3.875, 3.75, 3.625, 3.875 ], "texture": "#voxels_atlas" }
			}
		},
		{
			"__comment": "Voxels",
			"from": [ 5.3333, 2.2857, 2.0952 ],
			"to": [ 7.619014, 2.476176, 2.476152 ],
			"faces": {
				"down": { "uv": [ 9.875, 14.5, 11.375, 14.75 ], "texture": "#voxels_atlas" },
				"up": { "uv": [ 5.25, 14.75, 6.75, 14.5 ], "texture": "#voxels_atlas" },
				"north": { "uv": [ 12, 9.875, 10.5, 10 ], "texture": "#voxels_atlas" },
				"south": { "uv": [ 9, 9.875, 10.5, 10 ], "texture": "#voxels_atlas" },
				"west": { "uv": [ 3.875, 3.875, 4.125, 4 ], "texture": "#voxels_atlas" },
				"east": { "uv": [ 4.125, 4, 3.875, 4.125 ], "texture": "#voxels_atlas" }
			}
		},
		{
			"__comment": "Voxels",
			"from": [ 5.5238, 0, 1.7143 ],
			"to": [ 7.428562, 0.1904762, 2.095252 ],
			"faces": {
				"down": { "uv": [ 12.5, 13.5, 13.75, 13.75 ], "texture": "#voxels_atlas" },
				"up": { "uv": [ 13.75, 13.75, 15, 13.5 ], "texture": "#voxels_atlas" },
				"north": { "uv": [ 14.5, 9.875, 13.25, 10 ], "texture": "#voxels_atlas" },
				"south": { "uv": [ 11, 11.125, 12.25, 11.25 ], "texture": "#voxels_atlas" },
				"west": { "uv": [ 15.75, 11.875, 16, 12 ], "texture": "#voxels_atlas" },
				"east": { "uv": [ 3.875, 4, 3.625, 4.125 ], "texture": "#voxels_atlas" }
			}
		},
		{
			"__comment": "Voxels",
			"from": [ 5.5238, 0.1905, 1.1429 ],
			"to": [ 7.428562, 2.476214, 1.333376 ],
			"faces": {
				"down": { "uv": [ 12, 9.875, 13.25, 10 ], "texture": "#voxels_atlas" },
				"up": { "uv": [ 9.75, 9.875, 11, 9.75 ], "texture": "#voxels_atlas" },
				"north": { "uv": [ 15.875, 14.5, 14.625, 16 ], "texture": "#voxels_atlas" },
				"south": { "uv": [ 2.875, 9.625, 4.125, 11.125 ], "texture": "#voxels_atlas" },
				"west": { "uv": [ 2.25, 4.375, 2.375, 5.875 ], "texture": "#voxels_atlas" },
				"east": { "uv": [ 2.375, 6.875, 2.25, 8.375 ], "texture": "#voxels_atlas" }
			}
		},
		{
			"__comment": "Voxels",
			"from": [ 5.5238, 0.1905, 2.4762 ],
			"to": [ 7.428562, 2.476214, 2.666676 ],
			"faces": {
				"down": { "uv": [ 7.25, 9.75, 8.5, 9.875 ], "texture": "#voxels_atlas" },
				"up": { "uv": [ 6, 9.875, 7.25, 9.75 ], "texture": "#voxels_atlas" },
				"north": { "uv": [ 4.125, 6.625, 2.875, 8.125 ], "texture": "#voxels_atlas" },
				"south": { "uv": [ 2.875, 8.125, 4.125, 9.625 ], "texture": "#voxels_atlas" },
				"west": { "uv": [ 2.25, 9.5, 2.375, 11 ], "texture": "#voxels_atlas" },
				"east": { "uv": [ 16, 14.5, 15.875, 16 ], "texture": "#voxels_atlas" }
			}
		},
		{
			"__comment": "Voxels",
			"from": [ 5.5238, 0.381, 1.3333 ],
			"to": [ 10.2857, 2.285762, 2.476157 ],
			"faces": {
				"down": { "uv": [ 12.5, 13.75, 15.625, 14.5 ], "texture": "#voxels_atlas" },
				"up": { "uv": [ 9.375, 14.5, 12.5, 13.75 ], "texture": "#voxels_atlas" },
				"north": { "uv": [ 8.375, 14.75, 5.25, 16 ], "texture": "#voxels_atlas" },
				"south": { "uv": [ 8.375, 14.75, 11.5, 16 ], "texture": "#voxels_atlas" },
				"west": { "uv": [ 4.125, 1.375, 4.875, 2.625 ], "texture": "#voxels_atlas" },
				"east": { "uv": [ 4.875, 2.625, 4.125, 3.875 ], "texture": "#voxels_atlas" }
			}
		},
		{
			"__comment": "Voxels",
			"from": [ 5.5238, 0.5714, 0.381 ],
			"to": [ 10.2857, 2.09521, 1.142905 ],
			"faces": {
				"down": { "uv": [ 9.125, 11.25, 12.25, 11.75 ], "texture": "#voxels_atlas" },
				"up": { "uv": [ 11.5, 15, 14.625, 14.5 ], "texture": "#voxels_atlas" },
				"north": { "uv": [ 14.625, 15, 11.5, 16 ], "texture": "#voxels_atlas" },
				"south": { "uv": [ 0, 13.5, 3.125, 14.5 ], "texture": "#voxels_atlas" },
				"west": { "uv": [ 1.875, 1.25, 2.375, 2.25 ], "texture": "#voxels_atlas" },
				"east": { "uv": [ 2.375, 2.5, 1.875, 3.5 ], "texture": "#voxels_atlas" }
			}
		},
		{
			"__comment": "Voxels",
			"from": [ 5.5238, 0.5714, 2.6667 ],
			"to": [ 10.2857, 2.09521, 3.619081 ],
			"faces": {
				"down": { "uv": [ 6, 11.125, 9.125, 11.75 ], "texture": "#voxels_atlas" },
				"up": { "uv": [ 2.875, 11.75, 6, 11.125 ], "texture": "#voxels_atlas" },
				"north": { "uv": [ 6.25, 13.5, 3.125, 14.5 ], "texture": "#voxels_atlas" },
				"south": { "uv": [ 6.25, 13.5, 9.375, 14.5 ], "texture": "#voxels_atlas" },
				"west": { "uv": [ 5.25, 7.25, 5.875, 8.25 ], "texture": "#voxels_atlas" },
				"east": { "uv": [ 5.875, 8.25, 5.25, 9.25 ], "texture": "#voxels_atlas" }
			}
		},
		{
			"__comment": "Voxels",
			"from": [ 5.5238, 2.4762, 1.7143 ],
			"to": [ 7.428562, 2.666676, 2.095252 ],
			"faces": {
				"down": { "uv": [ 10.75, 12, 12, 12.25 ], "texture": "#voxels_atlas" },
				"up": { "uv": [ 0, 0.25, 1.25, 0 ], "texture": "#voxels_atlas" },
				"north": { "uv": [ 15.75, 9.875, 14.5, 10 ], "texture": "#voxels_atlas" },
				"south": { "uv": [ 8.5, 9.75, 9.75, 9.875 ], "texture": "#voxels_atlas" },
				"west": { "uv": [ 2.625, 0, 2.875, 0.125 ], "texture": "#voxels_atlas" },
				"east": { "uv": [ 16, 11.75, 15.75, 11.875 ], "texture": "#voxels_atlas" }
			}
		},
		{
			"__comment": "Voxels",
			"from": [ 5.7143, 0, 1.5238 ],
			"to": [ 7.238109, 0.1904762, 1.714276 ],
			"faces": {
				"down": { "uv": [ 13, 9.5, 14, 9.625 ], "texture": "#voxels_atlas" },
				"up": { "uv": [ 14, 9.625, 15, 9.5 ], "texture": "#voxels_atlas" },
				"north": { "uv": [ 13, 9.5, 12, 9.625 ], "texture": "#voxels_atlas" },
				"south": { "uv": [ 15, 9.5, 16, 9.625 ], "texture": "#voxels_atlas" },
				"west": { "uv": [ 4, 2.5, 4.125, 2.625 ], "texture": "#voxels_atlas" },
				"east": { "uv": [ 4, 2.25, 3.875, 2.375 ], "texture": "#voxels_atlas" }
			}
		},
		{
			"__comment": "Voxels",
			"from": [ 5.7143, 0, 2.0952 ],
			"to": [ 7.238109, 0.1904762, 2.285676 ],
			"faces": {
				"down": { "uv": [ 6, 9.375, 7, 9.5 ], "texture": "#voxels_atlas" },
				"up": { "uv": [ 7, 9.5, 8, 9.375 ], "texture": "#voxels_atlas" },
				"north": { "uv": [ 9, 9.375, 8, 9.5 ], "texture": "#voxels_atlas" },
				"south": { "uv": [ 9, 9.375, 10, 9.5 ], "texture": "#voxels_atlas" },
				"west": { "uv": [ 4, 2.375, 4.125, 2.5 ], "texture": "#voxels_atlas" },
				"east": { "uv": [ 3.75, 2.375, 3.625, 2.5 ], "texture": "#voxels_atlas" }
			}
		},
		{
			"__comment": "Voxels",
			"from": [ 5.7143, 0.1905, 0.9524 ],
			"to": [ 7.238109, 0.5714524, 1.142876 ],
			"faces": {
				"down": { "uv": [ 10, 9.375, 11, 9.5 ], "texture": "#voxels_atlas" },
				"up": { "uv": [ 11, 9.5, 12, 9.375 ], "texture": "#voxels_atlas" },
				"north": { "uv": [ 15.75, 11.75, 14.75, 12 ], "texture": "#voxels_atlas" },
				"south": { "uv": [ 13.75, 11.75, 14.75, 12 ], "texture": "#voxels_atlas" },
				"west": { "uv": [ 3.75, 2.875, 3.875, 3.125 ], "texture": "#voxels_atlas" },
				"east": { "uv": [ 3.75, 2.875, 3.625, 3.125 ], "texture": "#voxels_atlas" }
			}
		},
		{
			"__comment": "Voxels",
			"from": [ 5.7143, 0.1905, 2.6667 ],
			"to": [ 7.238109, 0.5714524, 2.857176 ],
			"faces": {
				"down": { "uv": [ 12, 9.375, 13, 9.5 ], "texture": "#voxels_atlas" },
				"up": { "uv": [ 13, 9.5, 14, 9.375 ], "texture": "#voxels_atlas" },
				"north": { "uv": [ 3.875, 0.125, 2.875, 0.375 ], "texture": "#voxels_atlas" },
				"south": { "uv": [ 14.375, 10.875, 15.375, 11.125 ], "texture": "#voxels_atlas" },
				"west": { "uv": [ 2.75, 0.25, 2.875, 0.5 ], "texture": "#voxels_atlas" },
				"east": { "uv": [ 2.875, 0.5, 2.75, 0.75 ], "texture": "#voxels_atlas" }
			}
		},
		{
			"__comment": "Voxels",
			"from": [ 5.7143, 2.0952, 0.9524 ],
			"to": [ 7.238109, 2.476152, 1.142876 ],
			"faces": {
				"down": { "uv": [ 2.875, 0, 3.875, 0.125 ], "texture": "#voxels_atlas" },
				"up": { "uv": [ 10.5, 9.75, 11.5, 9.625 ], "texture": "#voxels_atlas" },
				"north": { "uv": [ 12.75, 11.75, 11.75, 12 ], "texture": "#voxels_atlas" },
				"south": { "uv": [ 12.75, 11.75, 13.75, 12 ], "texture": "#voxels_atlas" },
				"west": { "uv": [ 2.75, 0.75, 2.875, 1 ], "texture": "#voxels_atlas" },
				"east": { "uv": [ 2.875, 1, 2.75, 1.25 ], "texture": "#voxels_atlas" }
			}
		},
		{
			"__comment": "Voxels",
			"from": [ 5.7143, 2.0952, 2.6667 ],
			"to": [ 7.238109, 2.476152, 2.857176 ],
			"faces": {
				"down": { "uv": [ 11.5, 9.625, 12.5, 9.75 ], "texture": "#voxels_atlas" },
				"up": { "uv": [ 12.5, 9.75, 13.5, 9.625 ], "texture": "#voxels_atlas" },
				"north": { "uv": [ 11.75, 11.75, 10.75, 12 ], "texture": "#voxels_atlas" },
				"south": { "uv": [ 14.375, 12, 15.375, 12.25 ], "texture": "#voxels_atlas" },
				"west": { "uv": [ 1.75, 0, 1.875, 0.25 ], "texture": "#voxels_atlas" },
				"east": { "uv": [ 16, 13.5, 15.875, 13.75 ], "texture": "#voxels_atlas" }
			}
		},
		{
			"__comment": "Voxels",
			"from": [ 5.7143, 2.4762, 1.5238 ],
			"to": [ 7.238109, 2.666676, 1.714276 ],
			"faces": {
				"down": { "uv": [ 13.5, 9.625, 14.5, 9.75 ], "texture": "#voxels_atlas" },
				"up": { "uv": [ 14.5, 9.75, 15.5, 9.625 ], "texture": "#voxels_atlas" },
				"north": { "uv": [ 7, 9.5, 6, 9.625 ], "texture": "#voxels_atlas" },
				"south": { "uv": [ 7, 9.5, 8, 9.625 ], "texture": "#voxels_atlas" },
				"west": { "uv": [ 3.75, 2.5, 3.875, 2.625 ], "texture": "#voxels_atlas" },
				"east": { "uv": [ 3.75, 2.5, 3.625, 2.625 ], "texture": "#voxels_atlas" }
			}
		},
		{
			"__comment": "Voxels",
			"from": [ 5.7143, 2.4762, 2.0952 ],
			"to": [ 7.238109, 2.666676, 2.285676 ],
			"faces": {
				"down": { "uv": [ 8, 9.5, 9, 9.625 ], "texture": "#voxels_atlas" },
				"up": { "uv": [ 9, 9.625, 10, 9.5 ], "texture": "#voxels_atlas" },
				"north": { "uv": [ 11, 9.5, 10, 9.625 ], "texture": "#voxels_atlas" },
				"south": { "uv": [ 11, 9.5, 12, 9.625 ], "texture": "#voxels_atlas" },
				"west": { "uv": [ 4, 2.625, 4.125, 2.75 ], "texture": "#voxels_atlas" },
				"east": { "uv": [ 4, 2.625, 3.875, 2.75 ], "texture": "#voxels_atlas" }
			}
		},
		{
			"__comment": "Voxels",
			"from": [ 5.9048, 0, 1.3333 ],
			"to": [ 7.047657, 0.1904762, 1.523776 ],
			"faces": {
				"down": { "uv": [ 5.25, 2.625, 6, 2.75 ], "texture": "#voxels_atlas" },
				"up": { "uv": [ 5.25, 2.625, 6, 2.5 ], "texture": "#voxels_atlas" },
				"north": { "uv": [ 4.875, 0, 4.125, 0.125 ], "texture": "#voxels_atlas" },
				"south": { "uv": [ 5.25, 4.5, 6, 4.625 ], "texture": "#voxels_atlas" },
				"west": { "uv": [ 3.625, 2.625, 3.75, 2.75 ], "texture": "#voxels_atlas" },
				"east": { "uv": [ 4.125, 2.75, 4, 2.875 ], "texture": "#voxels_atlas" }
			}
		},
		{
			"__comment": "Voxels",
			"from": [ 5.9048, 0, 2.2857 ],
			"to": [ 7.047657, 0.1904762, 2.476176 ],
			"faces": {
				"down": { "uv": [ 5.25, 3.75, 6, 3.875 ], "texture": "#voxels_atlas" },
				"up": { "uv": [ 5.25, 4.5, 6, 4.375 ], "texture": "#voxels_atlas" },
				"north": { "uv": [ 6, 4.25, 5.25, 4.375 ], "texture": "#voxels_atlas" },
				"south": { "uv": [ 5.25, 4, 6, 4.125 ], "texture": "#voxels_atlas" },
				"west": { "uv": [ 3.625, 1.875, 3.75, 2 ], "texture": "#voxels_atlas" },
				"east": { "uv": [ 3.75, 2, 3.625, 2.125 ], "texture": "#voxels_atlas" }
			}
		},
		{
			"__comment": "Voxels",
			"from": [ 5.9048, 0.1905, 0.7619 ],
			"to": [ 7.047657, 0.5714524, 0.9523762 ],
			"faces": {
				"down": { "uv": [ 5.25, 3.875, 6, 4 ], "texture": "#voxels_atlas" },
				"up": { "uv": [ 5.25, 3.75, 6, 3.625 ], "texture": "#voxels_atlas" },
				"north": { "uv": [ 6, 5.75, 5.25, 6 ], "texture": "#voxels_atlas" },
				"south": { "uv": [ 5.25, 6.25, 6, 6.5 ], "texture": "#voxels_atlas" },
				"west": { "uv": [ 2.25, 3.625, 2.375, 3.875 ], "texture": "#voxels_atlas" },
				"east": { "uv": [ 2.375, 5.875, 2.25, 6.125 ], "texture": "#voxels_atlas" }
			}
		},
		{
			"__comment": "Voxels",
			"from": [ 5.9048, 0.1905, 2.8571 ],
			"to": [ 7.047657, 0.5714524, 3.047576 ],
			"faces": {
				"down": { "uv": [ 5.25, 3.375, 6, 3.5 ], "texture": "#voxels_atlas" },
				"up": { "uv": [ 5.25, 3.375, 6, 3.25 ], "texture": "#voxels_atlas" },
				"north": { "uv": [ 6, 6.5, 5.25, 6.75 ], "texture": "#voxels_atlas" },
				"south": { "uv": [ 5.25, 6, 6, 6.25 ], "texture": "#voxels_atlas" },
				"west": { "uv": [ 15.875, 14.25, 16, 14.5 ], "texture": "#voxels_atlas" },
				"east": { "uv": [ 11.5, 14.5, 11.375, 14.75 ], "texture": "#voxels_atlas" }
			}
		},
		{
			"__comment": "Voxels",
			"from": [ 5.9048, 2.0952, 0.7619 ],
			"to": [ 7.047657, 2.476152, 0.9523762 ],
			"faces": {
				"down": { "uv": [ 5.25, 5.375, 6, 5.5 ], "texture": "#voxels_atlas" },
				"up": { "uv": [ 14.375, 10.625, 15.125, 10.5 ], "texture": "#voxels_atlas" },
				"north": { "uv": [ 15.125, 10.625, 14.375, 10.875 ], "texture": "#voxels_atlas" },
				"south": { "uv": [ 5.25, 7, 6, 7.25 ], "texture": "#voxels_atlas" },
				"west": { "uv": [ 2.25, 6.125, 2.375, 6.375 ], "texture": "#voxels_atlas" },
				"east": { "uv": [ 2.375, 6.375, 2.25, 6.625 ], "texture": "#voxels_atlas" }
			}
		},
		{
			"__comment": "Voxels",
			"from": [ 5.9048, 2.0952, 2.8571 ],
			"to": [ 7.047657, 2.476152, 3.047576 ],
			"faces": {
				"down": { "uv": [ 5.25, 5.125, 6, 5.25 ], "texture": "#voxels_atlas" },
				"up": { "uv": [ 5.25, 5.375, 6, 5.25 ], "texture": "#voxels_atlas" },
				"north": { "uv": [ 6, 5.5, 5.25, 5.75 ], "texture": "#voxels_atlas" },
				"south": { "uv": [ 5.25, 6.75, 6, 7 ], "texture": "#voxels_atlas" },
				"west": { "uv": [ 2.25, 4.125, 2.375, 4.375 ], "texture": "#voxels_atlas" },
				"east": { "uv": [ 2.375, 3.875, 2.25, 4.125 ], "texture": "#voxels_atlas" }
			}
		},
		{
			"__comment": "Voxels",
			"from": [ 5.9048, 2.4762, 1.3333 ],
			"to": [ 7.047657, 2.666676, 1.523776 ],
			"faces": {
				"down": { "uv": [ 5.25, 2.75, 6, 2.875 ], "texture": "#voxels_atlas" },
				"up": { "uv": [ 5.25, 5, 6, 4.875 ], "texture": "#voxels_atlas" },
				"north": { "uv": [ 6, 4.75, 5.25, 4.875 ], "texture": "#voxels_atlas" },
				"south": { "uv": [ 5.25, 4.125, 6, 4.25 ], "texture": "#voxels_atlas" },
				"west": { "uv": [ 2.75, 0.125, 2.875, 0.25 ], "texture": "#voxels_atlas" },
				"east": { "uv": [ 4, 3.125, 3.875, 3.25 ], "texture": "#voxels_atlas" }
			}
		},
		{
			"__comment": "Voxels",
			"from": [ 5.9048, 2.4762, 2.2857 ],
			"to": [ 7.047657, 2.666676, 2.476176 ],
			"faces": {
				"down": { "uv": [ 5.25, 3.5, 6, 3.625 ], "texture": "#voxels_atlas" },
				"up": { "uv": [ 5.25, 3.125, 6, 3 ], "texture": "#voxels_atlas" },
				"north": { "uv": [ 6, 2.875, 5.25, 3 ], "texture": "#voxels_atlas" },
				"south": { "uv": [ 5.25, 3.125, 6, 3.25 ], "texture": "#voxels_atlas" },
				"west": { "uv": [ 3.75, 2.125, 3.875, 2.25 ], "texture": "#voxels_atlas" },
				"east": { "uv": [ 4, 2.375, 3.875, 2.5 ], "texture": "#voxels_atlas" }
			}
		},
		{
			"__comment": "Voxels",
			"from": [ 6.0952, 0, 1.1429 ],
			"to": [ 6.857105, 0.1904762, 1.333376 ],
			"faces": {
				"down": { "uv": [ 15.5, 12.875, 16, 13 ], "texture": "#voxels_atlas" },
				"up": { "uv": [ 15.5, 12.875, 16, 12.75 ], "texture": "#voxels_atlas" },
				"north": { "uv": [ 16, 12.375, 15.5, 12.5 ], "texture": "#voxels_atlas" },
				"south": { "uv": [ 15.5, 12.25, 16, 12.375 ], "texture": "#voxels_atlas" },
				"west": { "uv": [ 4, 2.25, 4.125, 2.375 ], "texture": "#voxels_atlas" },
				"east": { "uv": [ 3.75, 2.125, 3.625, 2.25 ], "texture": "#voxels_atlas" }
			}
		},
		{
			"__comment": "Voxels",
			"from": [ 6.0952, 0, 2.4762 ],
			"to": [ 6.857105, 0.1904762, 2.666676 ],
			"faces": {
				"down": { "uv": [ 3.625, 6.5, 4.125, 6.625 ], "texture": "#voxels_atlas" },
				"up": { "uv": [ 3.625, 6.375, 4.125, 6.25 ], "texture": "#voxels_atlas" },
				"north": { "uv": [ 2.375, 0.125, 1.875, 0.25 ], "texture": "#voxels_atlas" },
				"south": { "uv": [ 1.875, 0, 2.375, 0.125 ], "texture": "#voxels_atlas" },
				"west": { "uv": [ 3.75, 2.375, 3.875, 2.5 ], "texture": "#voxels_atlas" },
				"east": { "uv": [ 2.375, 3.5, 2.25, 3.625 ], "texture": "#voxels_atlas" }
			}
		},
		{
			"__comment": "Voxels",
			"from": [ 6.0952, 0.1905, 0.5714 ],
			"to": [ 6.857105, 0.5714524, 0.7618762 ],
			"faces": {
				"down": { "uv": [ 15.5, 13.125, 16, 13.25 ], "texture": "#voxels_atlas" },
				"up": { "uv": [ 15.5, 13.125, 16, 13 ], "texture": "#voxels_atlas" },
				"north": { "uv": [ 12.375, 13.5, 11.875, 13.75 ], "texture": "#voxels_atlas" },
				"south": { "uv": [ 15, 13.5, 15.5, 13.75 ], "texture": "#voxels_atlas" },
				"west": { "uv": [ 12.375, 13.5, 12.5, 13.75 ], "texture": "#voxels_atlas" },
				"east": { "uv": [ 15.625, 13.5, 15.5, 13.75 ], "texture": "#voxels_atlas" }
			}
		},
		{
			"__comment": "Voxels",
			"from": [ 6.0952, 0.1905, 3.0476 ],
			"to": [ 6.857105, 0.5714524, 3.238076 ],
			"faces": {
				"down": { "uv": [ 15.5, 12.625, 16, 12.75 ], "texture": "#voxels_atlas" },
				"up": { "uv": [ 15.5, 12.625, 16, 12.5 ], "texture": "#voxels_atlas" },
				"north": { "uv": [ 2.375, 2.25, 1.875, 2.5 ], "texture": "#voxels_atlas" },
				"south": { "uv": [ 1.875, 1, 2.375, 1.25 ], "texture": "#voxels_atlas" },
				"west": { "uv": [ 15.875, 14, 16, 14.25 ], "texture": "#voxels_atlas" },
				"east": { "uv": [ 15.75, 13.75, 15.625, 14 ], "texture": "#voxels_atlas" }
			}
		},
		{
			"__comment": "Voxels",
			"from": [ 6.0952, 2.0952, 0.5714 ],
			"to": [ 6.857105, 2.476152, 0.7618762 ],
			"faces": {
				"down": { "uv": [ 3.625, 6.375, 4.125, 6.5 ], "texture": "#voxels_atlas" },
				"up": { "uv": [ 3.625, 6.25, 4.125, 6.125 ], "texture": "#voxels_atlas" },
				"north": { "uv": [ 1.75, 0, 1.25, 0.25 ], "texture": "#voxels_atlas" },
				"south": { "uv": [ 1.875, 0.75, 2.375, 1 ], "texture": "#voxels_atlas" },
				"west": { "uv": [ 15.625, 13.5, 15.75, 13.75 ], "texture": "#voxels_atlas" },
				"east": { "uv": [ 15.875, 13.5, 15.75, 13.75 ], "texture": "#voxels_atlas" }
			}
		},
		{
			"__comment": "Voxels",
			"from": [ 6.0952, 2.0952, 3.0476 ],
			"to": [ 6.857105, 2.476152, 3.238076 ],
			"faces": {
				"down": { "uv": [ 3.625, 6, 4.125, 6.125 ], "texture": "#voxels_atlas" },
				"up": { "uv": [ 3.625, 6, 4.125, 5.875 ], "texture": "#voxels_atlas" },
				"north": { "uv": [ 2.375, 0.5, 1.875, 0.75 ], "texture": "#voxels_atlas" },
				"south": { "uv": [ 1.875, 0.25, 2.375, 0.5 ], "texture": "#voxels_atlas" },
				"west": { "uv": [ 8.25, 14.5, 8.375, 14.75 ], "texture": "#voxels_atlas" },
				"east": { "uv": [ 2.375, 6.625, 2.25, 6.875 ], "texture": "#voxels_atlas" }
			}
		},
		{
			"__comment": "Voxels",
			"from": [ 6.0952, 2.4762, 1.1429 ],
			"to": [ 6.857105, 2.666676, 1.333376 ],
			"faces": {
				"down": { "uv": [ 3.625, 5.625, 4.125, 5.75 ], "texture": "#voxels_atlas" },
				"up": { "uv": [ 3.625, 5.625, 4.125, 5.5 ], "texture": "#voxels_atlas" },
				"north": { "uv": [ 4.125, 5.375, 3.625, 5.5 ], "texture": "#voxels_atlas" },
				"south": { "uv": [ 3.625, 5.25, 4.125, 5.375 ], "texture": "#voxels_atlas" },
				"west": { "uv": [ 4, 3.125, 4.125, 3.25 ], "texture": "#voxels_atlas" },
				"east": { "uv": [ 4, 3, 3.875, 3.125 ], "texture": "#voxels_atlas" }
			}
		},
		{
			"__comment": "Voxels",
			"from": [ 6.0952, 2.4762, 2.4762 ],
			"to": [ 6.857105, 2.666676, 2.666676 ],
			"faces": {
				"down": { "uv": [ 3.625, 4.875, 4.125, 5 ], "texture": "#voxels_atlas" },
				"up": { "uv": [ 3.625, 4.875, 4.125, 4.75 ], "texture": "#voxels_atlas" },
				"north": { "uv": [ 4.125, 4.625, 3.625, 4.75 ], "texture": "#voxels_atlas" },
				"south": { "uv": [ 3.625, 4.5, 4.125, 4.625 ], "texture": "#voxels_atlas" },
				"west": { "uv": [ 4, 3, 4.125, 3.125 ], "texture": "#voxels_atlas" },
				"east": { "uv": [ 4, 2.875, 3.875, 3 ], "texture": "#voxels_atlas" }
			}
		},
		{
			"__comment": "Voxels",
			"from": [ 6.2857, 0, 0.9524 ],
			"to": [ 6.666652, 0.1904762, 1.142876 ],
			"faces": {
				"down": { "uv": [ 3.625, 4.25, 3.875, 4.375 ], "texture": "#voxels_atlas" },
				"up": { "uv": [ 3.875, 4.375, 4.125, 4.25 ], "texture": "#voxels_atlas" },
				"north": { "uv": [ 3.875, 4.125, 3.625, 4.25 ], "texture": "#voxels_atlas" },
				"south": { "uv": [ 3.875, 4.125, 4.125, 4.25 ], "texture": "#voxels_atlas" },
				"west": { "uv": [ 4, 2.875, 4.125, 3 ], "texture": "#voxels_atlas" },
				"east": { "uv": [ 3.75, 2.75, 3.625, 2.875 ], "texture": "#voxels_atlas" }
			}
		},
		{
			"__comment": "Voxels",
			"from": [ 6.2857, 0, 2.6667 ],
			"to": [ 6.666652, 0.1904762, 2.857176 ],
			"faces": {
				"down": { "uv": [ 3.625, 3.875, 3.875, 4 ], "texture": "#voxels_atlas" },
				"up": { "uv": [ 3.875, 3.625, 4.125, 3.5 ], "texture": "#voxels_atlas" },
				"north": { "uv": [ 16, 13.75, 15.75, 13.875 ], "texture": "#voxels_atlas" },
				"south": { "uv": [ 15.75, 13.875, 16, 14 ], "texture": "#voxels_atlas" },
				"west": { "uv": [ 3.875, 2.5, 4, 2.625 ], "texture": "#voxels_atlas" },
				"east": { "uv": [ 3.875, 2.625, 3.75, 2.75 ], "texture": "#voxels_atlas" }
			}
		},
		{
			"__comment": "Voxels",
			"from": [ 6.2857, 1.1429, 3.619 ],
			"to": [ 6.666652, 1.523852, 15.99995 ],
			"faces": {
				"down": { "uv": [ 2.375, 4.125, 2.625, 12.25 ], "texture": "#voxels_atlas" },
				"up": { "uv": [ 2.625, 11.75, 2.875, 3.625 ], "texture": "#voxels_atlas" },
				"north": { "uv": [ 15.875, 14, 15.625, 14.25 ], "texture": "#voxels_atlas" },
				"south": { "uv": [ 15.625, 14.25, 15.875, 14.5 ], "texture": "#voxels_atlas" },
				"west": { "uv": [ 2.625, 12, 10.75, 12.25 ], "texture": "#voxels_atlas" },
				"east": { "uv": [ 10.75, 11.75, 2.625, 12 ], "texture": "#voxels_atlas" }
			}
		},
		{
			"__comment": "Voxels",
			"from": [ 6.2857, 2.4762, 0.9524 ],
			"to": [ 6.666652, 2.666676, 1.142876 ],
			"faces": {
				"down": { "uv": [ 3.625, 3.5, 3.875, 3.625 ], "texture": "#voxels_atlas" },
				"up": { "uv": [ 3.875, 3.75, 4.125, 3.625 ], "texture": "#voxels_atlas" },
				"north": { "uv": [ 3.875, 3.625, 3.625, 3.75 ], "texture": "#voxels_atlas" },
				"south": { "uv": [ 3.625, 3.125, 3.875, 3.25 ], "texture": "#voxels_atlas" },
				"west": { "uv": [ 3.875, 2.75, 4, 2.875 ], "texture": "#voxels_atlas" },
				"east": { "uv": [ 3.875, 2.75, 3.75, 2.875 ], "texture": "#voxels_atlas" }
			}
		},
		{
			"__comment": "Voxels",
			"from": [ 6.2857, 2.4762, 2.6667 ],
			"to": [ 6.666652, 2.666676, 2.857176 ],
			"faces": {
				"down": { "uv": [ 3.875, 3.25, 4.125, 3.375 ], "texture": "#voxels_atlas" },
				"up": { "uv": [ 3.625, 3.375, 3.875, 3.25 ], "texture": "#voxels_atlas" },
				"north": { "uv": [ 4.125, 3.375, 3.875, 3.5 ], "texture": "#voxels_atlas" },
				"south": { "uv": [ 3.625, 3.375, 3.875, 3.5 ], "texture": "#voxels_atlas" },
				"west": { "uv": [ 3.75, 2.25, 3.875, 2.375 ], "texture": "#voxels_atlas" },
				"east": { "uv": [ 3.75, 2.25, 3.625, 2.375 ], "texture": "#voxels_atlas" }
			}
		},
		{
			"__comment": "Voxels",
			"from": [ 7.4286, 0.381, 0.1905 ],
			"to": [ 10.28574, 2.285762, 0.3809762 ],
			"faces": {
				"down": { "uv": [ 11.375, 10.375, 13.25, 10.5 ], "texture": "#voxels_atlas" },
				"up": { "uv": [ 13.25, 10.5, 15.125, 10.375 ], "texture": "#voxels_atlas" },
				"north": { "uv": [ 1.875, 1, 0, 2.25 ], "texture": "#voxels_atlas" },
				"south": { "uv": [ 2.375, 12.25, 4.25, 13.5 ], "texture": "#voxels_atlas" },
				"west": { "uv": [ 2.75, 2.375, 2.875, 3.625 ], "texture": "#voxels_atlas" },
				"east": { "uv": [ 2.5, 0, 2.375, 1.25 ], "texture": "#voxels_atlas" }
			}
		},
		{
			"__comment": "Voxels",
			"from": [ 7.4286, 0.381, 0.381 ],
			"to": [ 10.28574, 0.5714762, 1.333381 ],
			"faces": {
				"down": { "uv": [ 7.125, 10.5, 9, 11.125 ], "texture": "#voxels_atlas" },
				"up": { "uv": [ 5.25, 11.125, 7.125, 10.5 ], "texture": "#voxels_atlas" },
				"north": { "uv": [ 13.25, 10.25, 11.375, 10.375 ], "texture": "#voxels_atlas" },
				"south": { "uv": [ 11.75, 12.25, 13.625, 12.375 ], "texture": "#voxels_atlas" },
				"west": { "uv": [ 15.375, 12, 16, 12.125 ], "texture": "#voxels_atlas" },
				"east": { "uv": [ 16, 12.125, 15.375, 12.25 ], "texture": "#voxels_atlas" }
			}
		},
		{
			"__comment": "Voxels",
			"from": [ 7.4286, 0.381, 2.4762 ],
			"to": [ 10.28574, 2.285762, 2.666676 ],
			"faces": {
				"down": { "uv": [ 6.125, 12.25, 8, 12.375 ], "texture": "#voxels_atlas" },
				"up": { "uv": [ 8, 12.375, 9.875, 12.25 ], "texture": "#voxels_atlas" },
				"north": { "uv": [ 1.875, 2.25, 0, 3.5 ], "texture": "#voxels_atlas" },
				"south": { "uv": [ 4.25, 12.25, 6.125, 13.5 ], "texture": "#voxels_atlas" },
				"west": { "uv": [ 2.625, 2.375, 2.75, 3.625 ], "texture": "#voxels_atlas" },
				"east": { "uv": [ 2.625, 0, 2.5, 1.25 ], "texture": "#voxels_atlas" }
			}
		},
		{
			"__comment": "Voxels",
			"from": [ 7.4286, 0.381, 2.6667 ],
			"to": [ 10.28574, 0.5714762, 3.809557 ],
			"faces": {
				"down": { "uv": [ 0, 0.25, 1.875, 1 ], "texture": "#voxels_atlas" },
				"up": { "uv": [ 13.625, 13.5, 15.5, 12.75 ], "texture": "#voxels_atlas" },
				"north": { "uv": [ 11.375, 10.375, 9.5, 10.5 ], "texture": "#voxels_atlas" },
				"south": { "uv": [ 9.5, 10.25, 11.375, 10.375 ], "texture": "#voxels_atlas" },
				"west": { "uv": [ 5.25, 4.625, 6, 4.75 ], "texture": "#voxels_atlas" },
				"east": { "uv": [ 6, 5, 5.25, 5.125 ], "texture": "#voxels_atlas" }
			}
		},
		{
			"__comment": "Voxels",
			"from": [ 7.4286, 0.5714, 1.1429 ],
			"to": [ 10.28574, 2.285686, 1.333376 ],
			"faces": {
				"down": { "uv": [ 11.375, 10, 13.25, 10.125 ], "texture": "#voxels_atlas" },
				"up": { "uv": [ 9.875, 12.375, 11.75, 12.25 ], "texture": "#voxels_atlas" },
				"north": { "uv": [ 13.625, 12.375, 11.75, 13.5 ], "texture": "#voxels_atlas" },
				"south": { "uv": [ 9.875, 12.375, 11.75, 13.5 ], "texture": "#voxels_atlas" },
				"west": { "uv": [ 2.75, 1.25, 2.875, 2.375 ], "texture": "#voxels_atlas" },
				"east": { "uv": [ 2.75, 1.25, 2.625, 2.375 ], "texture": "#voxels_atlas" }
			}
		},
		{
			"__comment": "Voxels",
			"from": [ 7.4286, 0.5714, 3.619 ],
			"to": [ 10.28574, 2.285686, 3.809476 ],
			"faces": {
				"down": { "uv": [ 9, 10.5, 10.875, 10.625 ], "texture": "#voxels_atlas" },
				"up": { "uv": [ 9.125, 11.25, 11, 11.125 ], "texture": "#voxels_atlas" },
				"north": { "uv": [ 9.875, 12.375, 8, 13.5 ], "texture": "#voxels_atlas" },
				"south": { "uv": [ 6.125, 12.375, 8, 13.5 ], "texture": "#voxels_atlas" },
				"west": { "uv": [ 2.25, 8.375, 2.375, 9.5 ], "texture": "#voxels_atlas" },
				"east": { "uv": [ 2.75, 0.125, 2.625, 1.25 ], "texture": "#voxels_atlas" }
			}
		},
		{
			"__comment": "Voxels",
			"from": [ 7.4286, 2.0952, 0.381 ],
			"to": [ 10.28574, 2.285676, 1.142905 ],
			"faces": {
				"down": { "uv": [ 9, 10.625, 10.875, 11.125 ], "texture": "#voxels_atlas" },
				"up": { "uv": [ 13.625, 12.75, 15.5, 12.25 ], "texture": "#voxels_atlas" },
				"north": { "uv": [ 11.375, 10, 9.5, 10.125 ], "texture": "#voxels_atlas" },
				"south": { "uv": [ 9.5, 10.125, 11.375, 10.25 ], "texture": "#voxels_atlas" },
				"west": { "uv": [ 3.625, 5.75, 4.125, 5.875 ], "texture": "#voxels_atlas" },
				"east": { "uv": [ 4.125, 5.125, 3.625, 5.25 ], "texture": "#voxels_atlas" }
			}
		},
		{
			"__comment": "Voxels",
			"from": [ 7.4286, 2.0952, 2.6667 ],
			"to": [ 10.28574, 2.285676, 3.619081 ],
			"faces": {
				"down": { "uv": [ 14.125, 11.125, 16, 11.75 ], "texture": "#voxels_atlas" },
				"up": { "uv": [ 12.25, 11.75, 14.125, 11.125 ], "texture": "#voxels_atlas" },
				"north": { "uv": [ 13.25, 10.125, 11.375, 10.25 ], "texture": "#voxels_atlas" },
				"south": { "uv": [ 13.25, 10.25, 15.125, 10.375 ], "texture": "#voxels_atlas" },
				"west": { "uv": [ 15.375, 10.875, 16, 11 ], "texture": "#voxels_atlas" },
				"east": { "uv": [ 16, 11, 15.375, 11.125 ], "texture": "#voxels_atlas" }
			}
		},
		{
			"__comment": "Voxels",
			"from": [ 8.5714, 0.1905, 0 ],
			"to": [ 10.28569, 2.476214, 0.1904762 ],
			"faces": {
				"down": { "uv": [ 13.25, 9.75, 14.375, 9.875 ], "texture": "#voxels_atlas" },
				"up": { "uv": [ 14.375, 9.875, 15.5, 9.75 ], "texture": "#voxels_atlas" },
				"north": { "uv": [ 5.25, 6.625, 4.125, 8.125 ], "texture": "#voxels_atlas" },
				"south": { "uv": [ 4.125, 8.125, 5.25, 9.625 ], "texture": "#voxels_atlas" },
				"west": { "uv": [ 2.375, 2.625, 2.5, 4.125 ], "texture": "#voxels_atlas" },
				"east": { "uv": [ 2.625, 2.625, 2.5, 4.125 ], "texture": "#voxels_atlas" }
			}
		},
		{
			"__comment": "Voxels",
			"from": [ 8.5714, 0.1905, 0.1905 ],
			"to": [ 10.28569, 0.3809762, 4.000024 ],
			"faces": {
				"down": { "uv": [ 1.125, 5.875, 2.25, 8.375 ], "texture": "#voxels_atlas" },
				"up": { "uv": [ 0, 8.375, 1.125, 5.875 ], "texture": "#voxels_atlas" },
				"north": { "uv": [ 10.5, 9.625, 9.375, 9.75 ], "texture": "#voxels_atlas" },
				"south": { "uv": [ 11, 9.75, 12.125, 9.875 ], "texture": "#voxels_atlas" },
				"west": { "uv": [ 9.375, 13.5, 11.875, 13.625 ], "texture": "#voxels_atlas" },
				"east": { "uv": [ 11.875, 13.625, 9.375, 13.75 ], "texture": "#voxels_atlas" }
			}
		},
		{
			"__comment": "Voxels",
			"from": [ 8.5714, 0.381, 3.8095 ],
			"to": [ 10.28569, 2.476238, 3.999976 ],
			"faces": {
				"down": { "uv": [ 6, 9.625, 7.125, 9.75 ], "texture": "#voxels_atlas" },
				"up": { "uv": [ 12.125, 9.875, 13.25, 9.75 ], "texture": "#voxels_atlas" },
				"north": { "uv": [ 5.25, 3.875, 4.125, 5.25 ], "texture": "#voxels_atlas" },
				"south": { "uv": [ 4.125, 5.25, 5.25, 6.625 ], "texture": "#voxels_atlas" },
				"west": { "uv": [ 2.5, 1.25, 2.625, 2.625 ], "texture": "#voxels_atlas" },
				"east": { "uv": [ 2.5, 1.25, 2.375, 2.625 ], "texture": "#voxels_atlas" }
			}
		},
		{
			"__comment": "Voxels",
			"from": [ 8.5714, 2.2857, 0.1905 ],
			"to": [ 10.28569, 2.476176, 3.809548 ],
			"faces": {
				"down": { "uv": [ 0, 3.5, 1.125, 5.875 ], "texture": "#voxels_atlas" },
				"up": { "uv": [ 1.125, 5.875, 2.25, 3.5 ], "texture": "#voxels_atlas" },
				"north": { "uv": [ 8.25, 9.625, 7.125, 9.75 ], "texture": "#voxels_atlas" },
				"south": { "uv": [ 8.25, 9.625, 9.375, 9.75 ], "texture": "#voxels_atlas" },
				"west": { "uv": [ 12, 12.125, 14.375, 12.25 ], "texture": "#voxels_atlas" },
				"east": { "uv": [ 14.375, 12, 12, 12.125 ], "texture": "#voxels_atlas" }
			}
		}
	],
	"display": {
		"thirdperson_righthand": {
			"rotation":  [ 90, 0, 90 ],
			"translation":  [ -13.5, 7, 4.5 ],
			"scale":  [ 2, 2, 2 ]
		},
		"thirdperson_lefthand": {
			"rotation":  [ 90, 0, 90 ],
			"translation":  [ -13.5, 7, -1.5 ],
			"scale":  [ 2, 2, 2 ]
		},
		"firstperson_righthand": {
			"rotation":  [ 90, 0, 90 ],
			"translation":  [ -5, 6, 2 ]
		},
		"firstperson_lefthand": {
			"rotation":  [ 90, 0, 90 ],
			"translation":  [ -6, 6, 0 ]
		},
		"gui": {
			"rotation":  [ 90, -45, 0 ],
			"translation":  [ 0, -2, 0 ]
		},
		"head": {
			"translation":  [ 1.5, 16, 0 ]
		},
		"ground": {
			"translation":  [ 1.5, 5, 0 ]
		},
		"fixed": {
			"rotation":  [ 90, 0, 0 ],
			"translation":  [ 1, 0, 6 ]
		}
	}
}